,seed_num,contam_data,opt_loglambda_uncontam,uncontam_norm,opt_loglambda_contam,contam_norm,IF_sup_pos,IF_sup
0,893371436,20.0,-7.0,2.4477766207732907,-7.0,2.584461145540202,150.4625848203277,150.4625848203277
1,893371436,22.0,-7.0,2.4477766207732907,-7.0,2.55496273629366,132.83439680243268,132.83439680243268
2,893371436,24.0,-7.0,2.4477766207732907,-7.0,2.533481427299111,118.36286417516176,118.36286417516176
3,893371436,26.0,-7.0,2.4477766207732907,-7.0,2.517714260333007,106.34826100944022,106.34826100944022
4,893371436,28.0,-7.0,2.4477766207732907,-7.0,2.5059598722761898,96.33036739277048,96.33036739277048
5,893371436,30.0,-7.0,2.4477766207732907,-7.0,2.497182601359718,88.04831957602481,88.04831957602481
6,893371436,32.0,-7.0,2.4477766207732907,-7.5,3.077802781989329,110.98249355268143,136.32287948532604
7,893371436,34.0,-7.0,2.4477766207732907,-7.5,3.0751163538788533,103.14356010742064,122.38679654978824
8,893371436,36.0,-7.0,2.4477766207732907,-7.5,3.084880436363137,92.95765462133622,97.82263055331288
9,893371436,38.0,-7.0,2.4477766207732907,-7.5,3.0780395989892515,75.83040201592965,75.83040201592965
10,893371436,40.0,-7.0,2.4477766207732907,-7.0,2.449439247552025,64.60287258023816,64.60287258023816
11,893371436,42.0,-7.0,2.4477766207732907,-7.0,2.3854558753974264,64.45359065720808,64.45359065720808
12,893371436,44.0,-7.0,2.4477766207732907,-7.0,2.329114076292781,57.152768060560746,57.152768060560746
13,893371436,46.0,-7.0,2.4477766207732907,-7.0,2.360789357579082,33.675931367596085,33.675931367596085
14,893371436,48.0,-7.0,2.4477766207732907,-7.5,3.039454847934697,46.89307027717936,71.46758724791842
15,893371436,50.0,-7.0,2.4477766207732907,-7.5,3.083539376254953,48.3332401739729,72.2300309036245
16,893371436,52.0,-7.0,2.4477766207732907,-7.0,2.4409458054757143,6.749619932629596,6.749619932629596
17,893371436,54.0,-7.0,2.4477766207732907,-7.0,2.4066796213094794,6.41232136712909,6.41232136712909
18,893371436,56.0,-7.0,2.4477766207732907,-7.5,2.988737158647599,34.32654852184909,71.3066946285643
19,893371436,58.0,-7.0,2.4477766207732907,-7.5,3.034281724994905,36.32624232086128,71.47134260946166
20,893371436,60.0,-7.0,2.4477766207732907,-7.0,2.466307229640292,10.957209805658916,10.957209805658916
21,893371436,62.0,-7.0,2.4477766207732907,-7.0,2.437968438349393,11.8775239011516,11.8775239011516
22,893371436,64.0,-7.0,2.4477766207732907,-7.0,2.4190341984283865,13.540291881701824,13.540291881701824
23,893371436,66.0,-7.0,2.4477766207732907,-7.0,2.421124420752653,13.7960806411627,13.7960806411627
24,893371436,68.0,-7.0,2.4477766207732907,-7.0,2.4336735393346287,12.446784770018386,12.446784770018386
25,893371436,70.0,-7.0,2.4477766207732907,-7.0,2.4445105995245964,10.885510751344968,10.885510751344968
26,893371436,72.0,-7.0,2.4477766207732907,-7.5,3.0033417277923125,35.51776093020205,71.40190291196356
27,893371436,74.0,-7.0,2.4477766207732907,-7.0,2.4331043546017725,7.26776445130843,7.26776445130843
28,893371436,76.0,-7.0,2.4477766207732907,-7.0,2.44385445331797,4.982970904334698,4.982970904334698
29,893371436,78.0,-7.0,2.4477766207732907,-7.0,2.4640667152220903,4.5905525969713965,4.5905525969713965
30,893371436,80.0,-7.0,2.4477766207732907,-7.5,3.011955439539914,35.972007654113995,71.66409248358978
31,893371436,82.0,-7.0,2.4477766207732907,-7.0,2.427693688645046,4.409689074021813,4.409689074021813
32,893371436,84.0,-7.0,2.4477766207732907,-7.0,2.432790965349352,4.984573236015673,4.984573236015673
33,893371436,86.0,-7.0,2.4477766207732907,-7.0,2.461385225005159,6.656286178032209,6.656286178032209
34,893371436,88.0,-7.0,2.4477766207732907,-7.5,3.0276553240116137,36.23561894118756,69.86380738545611
35,893371436,90.0,-7.0,2.4477766207732907,-7.0,2.44024782824451,8.94269080811091,8.94269080811091
36,893371436,92.0,-7.0,2.4477766207732907,-7.0,2.4377071527721337,14.797482173596167,14.797482173596167
37,893371436,94.0,-7.0,2.4477766207732907,-7.0,2.458189988649222,19.780587588599687,19.780587588599687
38,893371436,96.0,-7.0,2.4477766207732907,-7.5,3.0309612377695205,37.33368742488084,78.09117981562387
39,893371436,98.0,-7.0,2.4477766207732907,-7.0,2.430412520497804,35.75722096829585,35.75722096829585
40,893371436,100.0,-7.0,2.4477766207732907,-7.0,2.409789915674383,43.93092180626351,43.93092180626351
41,893371436,102.0,-7.0,2.4477766207732907,-7.0,2.4162449747482486,47.99367729979216,47.99367729979216
42,893371436,104.0,-7.0,2.4477766207732907,-7.0,2.439053872648323,50.08394467065772,50.08394467065772
43,893371436,106.0,-7.0,2.4477766207732907,-7.0,2.461320679990413,50.461762717488895,50.461762717488895
44,893371436,108.0,-7.0,2.4477766207732907,-7.0,2.4731700724177226,49.521228485006496,49.521228485006496
45,893371436,110.0,-7.0,2.4477766207732907,-7.0,2.474364732189064,48.8024044087721,48.8024044087721
46,893371436,112.0,-7.0,2.4477766207732907,-7.0,2.4701999551194267,48.75498213314107,48.75498213314107
47,893371436,114.0,-7.0,2.4477766207732907,-7.0,2.46568204243054,49.00343178049015,49.00343178049015
48,893371436,116.0,-7.0,2.4477766207732907,-7.0,2.462888099372086,49.28504628479277,49.28504628479277
49,893371436,118.0,-7.0,2.4477766207732907,-7.0,2.461695891450512,49.54694320168386,49.54694320168386
50,893371436,120.0,-7.0,2.4477766207732907,-7.0,2.4613773720253613,49.78856748484564,49.78856748484564
51,893371436,122.0,-7.0,2.4477766207732907,-7.0,2.461404775095588,50.02209675179156,50.02209675179156
52,893371436,124.0,-7.0,2.4477766207732907,-7.0,2.461537665193582,50.25329986984825,50.25329986984825
53,893371436,126.0,-7.0,2.4477766207732907,-7.0,2.461695169300865,50.48400624368668,50.48400624368668
54,893371436,128.0,-7.0,2.4477766207732907,-7.0,2.461856046488017,50.71433002612162,50.71433002612162
55,893371436,130.0,-7.0,2.4477766207732907,-7.0,2.4620157961833327,50.94377393848456,50.94377393848456
56,893371436,132.0,-7.0,2.4477766207732907,-7.0,2.462173619212092,51.17284618787232,51.17284618787232
57,893371436,134.0,-7.0,2.4477766207732907,-7.0,2.462330731054725,51.39950371585192,51.39950371585192
58,893371436,136.0,-7.0,2.4477766207732907,-7.0,2.462483035825272,51.62328958225528,51.62328958225528
59,893371436,138.0,-7.0,2.4477766207732907,-7.0,2.462634575465908,51.84387725664433,51.84387725664433
60,893371436,140.0,-7.0,2.4477766207732907,-7.0,2.4627839930180717,52.06104011687843,52.06104011687843
61,893371436,142.0,-7.0,2.4477766207732907,-7.0,2.462931278177471,52.27462824479874,52.27462824479874
62,893371436,144.0,-7.0,2.4477766207732907,-7.0,2.463076440383749,52.48454773471592,52.48454773471592
63,893371436,146.0,-7.0,2.4477766207732907,-7.0,2.463219485035906,52.69074429148344,52.69074429148344
64,893371436,148.0,-7.0,2.4477766207732907,-7.0,2.463360423409868,52.89375354432613,52.89375354432613
65,893371436,150.0,-7.0,2.4477766207732907,-7.0,2.463499269517844,53.09383217477945,53.09383217477945
66,893371436,152.0,-7.0,2.4477766207732907,-7.0,2.4636360411183467,53.29038139820872,53.29038139820872
67,893371436,154.0,-7.0,2.4477766207732907,-7.0,2.463770758015557,53.4834031347024,53.4834031347024
68,893371436,156.0,-7.0,2.4477766207732907,-7.0,2.463903442203796,53.67290453542434,53.67290453542434
69,893371436,158.0,-7.0,2.4477766207732907,-7.0,2.464034116883508,53.85889596786936,53.85889596786936
70,893371436,160.0,-7.0,2.4477766207732907,-7.0,2.464162808073945,54.04138968646439,54.04138968646439
71,893371436,162.0,-7.0,2.4477766207732907,-7.0,2.4642895412701504,54.220398972275866,54.220398972275866
72,893371436,164.0,-7.0,2.4477766207732907,-7.0,2.464414344089014,54.39593758785825,54.39593758785825
73,893371436,166.0,-7.0,2.4477766207732907,-7.0,2.4645372450516367,54.56801943867734,54.56801943867734
74,893371436,168.0,-7.0,2.4477766207732907,-7.0,2.4646582729643143,54.73665837277522,54.73665837277522
75,893371436,170.0,-7.0,2.4477766207732907,-7.0,2.464777456226685,54.90186806691707,54.90186806691707
76,893371436,172.0,-7.0,2.4477766207732907,-7.0,2.4648948252115046,55.06599316925191,55.06599316925191
77,893371436,174.0,-7.0,2.4477766207732907,-7.0,2.465010409398348,55.22794045259497,55.22794045259497
78,893371436,176.0,-7.0,2.4477766207732907,-7.0,2.4651242388992958,55.386637391980365,55.386637391980365
79,893371436,178.0,-7.0,2.4477766207732907,-7.0,2.465236343512247,55.54209100611645,55.54209100611645
80,893371436,180.0,-7.0,2.4477766207732907,-7.0,2.465346766934273,55.69430837743029,55.69430837743029
0,221902869,20.0,-6.5,1.9840540179785384,-6.5,2.0517634762918138,95.7644088615283,95.7644088615283
1,221902869,22.0,-6.5,1.9840540179785384,-6.5,2.0366518173587185,84.45151978532404,84.45151978532404
2,221902869,24.0,-6.5,1.9840540179785384,-6.5,2.025736850816632,75.15019019978189,75.15019019978189
3,221902869,26.0,-6.5,1.9840540179785384,-6.5,2.017912060373805,67.40952419323122,67.40952419323122
4,221902869,28.0,-6.5,1.9840540179785384,-6.5,2.0125178444151857,60.916702297253735,60.916702297253735
5,221902869,30.0,-6.5,1.9840540179785384,-6.5,2.009315354132912,55.469909800652125,55.469909800652125
6,221902869,32.0,-6.5,1.9840540179785384,-6.5,2.0087317412115357,50.97214900194453,50.97214900194453
7,221902869,34.0,-6.5,1.9840540179785384,-6.5,2.0110323558460754,47.40033703609247,47.40033703609247
8,221902869,36.0,-6.5,1.9840540179785384,-6.5,2.012472806437721,44.62777800407637,44.62777800407637
9,221902869,38.0,-6.5,1.9840540179785384,-6.5,2.003275692643516,42.58687169302655,42.58687169302655
10,221902869,40.0,-6.5,1.9840540179785384,-6.5,1.9757697590841208,41.872008509164615,41.872008509164615
11,221902869,42.0,-6.5,1.9840540179785384,-6.0,1.5405963055475245,62.366702976202205,65.37970947682285
12,221902869,44.0,-6.5,1.9840540179785384,-6.0,1.5260581707734848,59.64245677766323,64.25379058878006
13,221902869,46.0,-6.5,1.9840540179785384,-6.0,1.547055823312439,51.572299576533865,58.12836319517308
14,221902869,48.0,-6.5,1.9840540179785384,-6.5,2.006804385018545,11.53349375940372,11.53349375940372
15,221902869,50.0,-6.5,1.9840540179785384,-6.5,2.029740983984267,9.000391835560686,9.000391835560686
16,221902869,52.0,-6.5,1.9840540179785384,-6.5,1.9865788762222625,6.229887738259911,6.229887738259911
17,221902869,54.0,-6.5,1.9840540179785384,-6.5,1.957716806682279,5.648262612620376,5.648262612620376
18,221902869,56.0,-6.5,1.9840540179785384,-6.5,1.9681336426108529,6.678293720947091,6.678293720947091
19,221902869,58.0,-6.5,1.9840540179785384,-6.5,1.9906265547566315,8.22607996491482,8.22607996491482
20,221902869,60.0,-6.5,1.9840540179785384,-6.5,1.995810330294103,9.270235476388036,9.270235476388036
21,221902869,62.0,-6.5,1.9840540179785384,-6.5,1.9798116873822331,9.982174311474653,9.982174311474653
22,221902869,64.0,-6.5,1.9840540179785384,-6.5,1.9646490366521208,11.076068782838387,11.076068782838387
23,221902869,66.0,-6.5,1.9840540179785384,-6.5,1.9626869158063975,11.21538078566585,11.21538078566585
24,221902869,68.0,-6.5,1.9840540179785384,-6.5,1.969052151831601,10.2439645570006,10.2439645570006
25,221902869,70.0,-6.5,1.9840540179785384,-6.5,1.9748934026573748,9.131037212317256,9.131037212317256
26,221902869,72.0,-6.5,1.9840540179785384,-6.5,1.974723107998916,8.042634238435568,8.042634238435568
27,221902869,74.0,-6.5,1.9840540179785384,-6.5,1.974335259557,6.269915811728604,6.269915811728604
28,221902869,76.0,-6.5,1.9840540179785384,-6.5,1.9849536562696493,4.508084856385322,4.508084856385322
29,221902869,78.0,-6.5,1.9840540179785384,-6.5,1.9960920235300248,4.159791687349388,4.159791687349388
30,221902869,80.0,-6.5,1.9840540179785384,-6.5,1.986589062245052,4.083081686421064,4.083081686421064
31,221902869,82.0,-6.5,1.9840540179785384,-6.5,1.9705901621843431,3.928348100462098,3.928348100462098
32,221902869,84.0,-6.5,1.9840540179785384,-6.5,1.9735949683465912,4.503738480666193,4.503738480666193
33,221902869,86.0,-6.5,1.9840540179785384,-6.5,1.9914539183349709,5.88873754974136,5.88873754974136
34,221902869,88.0,-6.5,1.9840540179785384,-6.5,1.996951189082449,6.638729749819596,6.638729749819596
35,221902869,90.0,-6.5,1.9840540179785384,-6.5,1.983605356635323,7.847053248235873,7.847053248235873
36,221902869,92.0,-6.5,1.9840540179785384,-6.5,1.977856917437868,12.069191263264202,12.069191263264202
37,221902869,94.0,-6.5,1.9840540179785384,-6.5,1.9841837377562712,15.679405553465436,15.679405553465436
38,221902869,96.0,-6.5,1.9840540179785384,-6.5,1.9837431033380928,19.02907523738354,19.02907523738354
39,221902869,98.0,-6.5,1.9840540179785384,-6.5,1.9721289891575888,24.08916445287074,24.08916445287074
40,221902869,100.0,-6.5,1.9840540179785384,-6.5,1.9632886420280775,28.187144039530008,28.187144039530008
41,221902869,102.0,-6.5,1.9840540179785384,-6.5,1.966963754357541,30.17573199157632,30.17573199157632
42,221902869,104.0,-6.5,1.9840540179785384,-6.5,1.9790702058517955,30.88447604169721,30.88447604169721
43,221902869,106.0,-6.5,1.9840540179785384,-6.5,1.990689514175444,30.71857953703164,30.71857953703164
44,221902869,108.0,-6.5,1.9840540179785384,-6.5,1.99641751451112,30.18198514037737,30.18198514037737
45,221902869,110.0,-6.5,1.9840540179785384,-6.5,1.996442337988152,29.89645431102656,29.89645431102656
46,221902869,112.0,-6.5,1.9840540179785384,-6.5,1.993866444332999,29.929499147188007,29.929499147188007
47,221902869,114.0,-6.5,1.9840540179785384,-6.5,1.9913475944608785,30.088421513392746,30.088421513392746
48,221902869,116.0,-6.5,1.9840540179785384,-6.5,1.989853058910782,30.25943597297041,30.25943597297041
49,221902869,118.0,-6.5,1.9840540179785384,-6.5,1.989229592271972,30.42310499030808,30.42310499030808
50,221902869,120.0,-6.5,1.9840540179785384,-6.5,1.9890651223745288,30.578924182892845,30.578924182892845
51,221902869,122.0,-6.5,1.9840540179785384,-6.5,1.989078762763328,30.73216631535718,30.73216631535718
52,221902869,124.0,-6.5,1.9840540179785384,-6.5,1.9891459628990944,30.88510244081578,30.88510244081578
53,221902869,126.0,-6.5,1.9840540179785384,-6.5,1.9892255210956584,31.038208720113264,31.038208720113264
54,221902869,128.0,-6.5,1.9840540179785384,-6.5,1.9893067444622297,31.19122551943644,31.19122551943644
55,221902869,130.0,-6.5,1.9840540179785384,-6.5,1.989387391066724,31.34407018535944,31.34407018535944
56,221902869,132.0,-6.5,1.9840540179785384,-6.5,1.9894670649389263,31.496361563099672,31.496361563099672
57,221902869,134.0,-6.5,1.9840540179785384,-6.5,1.989545698188231,31.64699872144765,31.64699872144765
58,221902869,136.0,-6.5,1.9840540179785384,-6.5,1.9896232728696377,31.79568569193029,31.79568569193029
59,221902869,138.0,-6.5,1.9840540179785384,-6.5,1.989699780581376,31.94221090956593,31.94221090956593
60,221902869,140.0,-6.5,1.9840540179785384,-6.5,1.9897752169921468,32.0864306142971,32.0864306142971
61,221902869,142.0,-6.5,1.9840540179785384,-6.5,1.9898495807844845,32.228252082874256,32.228252082874256
62,221902869,144.0,-6.5,1.9840540179785384,-6.5,1.9899228733275975,32.36761949840832,32.36761949840832
63,221902869,146.0,-6.5,1.9840540179785384,-6.5,1.98999509821594,32.50450297342299,32.50450297342299
64,221902869,148.0,-6.5,1.9840540179785384,-6.5,1.990066261042299,32.638890394249486,32.638890394249486
65,221902869,150.0,-6.5,1.9840540179785384,-6.5,1.9901363690648044,32.77078153409979,32.77078153409979
66,221902869,152.0,-6.5,1.9840540179785384,-6.5,1.990205431008512,32.90044831036937,32.90044831036937
67,221902869,154.0,-6.5,1.9840540179785384,-6.5,1.9902734568335472,33.02839501547592,33.02839501547592
68,221902869,156.0,-6.5,1.9840540179785384,-6.5,1.990340457524316,33.154012549646694,33.154012549646694
69,221902869,158.0,-6.5,1.9840540179785384,-6.5,1.9904064450112544,33.27731235497713,33.27731235497713
70,221902869,160.0,-6.5,1.9840540179785384,-6.5,1.9904714319134107,33.39830688353106,33.39830688353106
71,221902869,162.0,-6.5,1.9840540179785384,-6.5,1.9905354314898005,33.51700904114064,33.51700904114064
72,221902869,164.0,-6.5,1.9840540179785384,-6.5,1.9905984575052131,33.633431841910095,33.633431841910095
73,221902869,166.0,-6.5,1.9840540179785384,-6.5,1.990660524090072,33.74758819500813,33.74758819500813
74,221902869,168.0,-6.5,1.9840540179785384,-6.5,1.990721645754272,33.85949078440406,33.85949078440406
75,221902869,170.0,-6.5,1.9840540179785384,-6.5,1.990781837207672,33.96915200355569,33.96915200355569
76,221902869,172.0,-6.5,1.9840540179785384,-6.5,1.9908411133422976,34.07658390091959,34.07658390091959
77,221902869,174.0,-6.5,1.9840540179785384,-6.5,1.9908994891636345,34.182587968341394,34.182587968341394
78,221902869,176.0,-6.5,1.9840540179785384,-6.5,1.9909569797382471,34.28780238491977,34.28780238491977
79,221902869,178.0,-6.5,1.9840540179785384,-6.5,1.9910136001606649,34.390907138097944,34.390907138097944
80,221902869,180.0,-6.5,1.9840540179785384,-6.5,1.991069365499892,34.49190964329004,34.49190964329004
0,2241142843,20.0,-6.0,1.5768449483209428,-6.0,1.6092019045414745,59.88467307435542,59.88467307435542
1,2241142843,22.0,-6.0,1.5768449483209428,-6.0,1.6016534810848104,52.77978419786305,52.77978419786305
2,2241142843,24.0,-6.0,1.5768449483209428,-6.0,1.59624084636346,46.92997388334099,46.92997388334099
3,2241142843,26.0,-6.0,1.5768449483209428,-6.0,1.5924503249409914,42.054923612118415,42.054923612118415
4,2241142843,28.0,-6.0,1.5768449483209428,-6.0,1.5900488851218069,37.95757658503013,37.95757658503013
5,2241142843,30.0,-6.0,1.5768449483209428,-6.0,1.5890396649512095,34.502826310313026,34.502826310313026
6,2241142843,32.0,-6.0,1.5768449483209428,-6.0,1.5896027919380091,31.617501040095803,31.617501040095803
7,2241142843,34.0,-6.0,1.5768449483209428,-6.0,1.5913841422919144,29.30349927743944,29.30349927743944
8,2241142843,36.0,-6.0,1.5768449483209428,-6.0,1.5915825739968392,27.579090501253013,27.579090501253013
9,2241142843,38.0,-6.0,1.5768449483209428,-6.0,1.584430067533061,26.497181522048017,26.497181522048017
10,2241142843,40.0,-6.0,1.5768449483209428,-6.0,1.5659568142251068,26.20945263291774,26.20945263291774
11,2241142843,42.0,-6.0,1.5768449483209428,-6.0,1.5405963055475245,25.94234369604589,25.94234369604589
12,2241142843,44.0,-6.0,1.5768449483209428,-6.0,1.5260581707734848,22.875575247859278,22.875575247859278
13,2241142843,46.0,-6.0,1.5768449483209428,-6.0,1.547055823312439,15.319320645655251,15.319320645655251
14,2241142843,48.0,-6.0,1.5768449483209428,-6.5,2.006804385018545,60.71696229291363,60.71696229291363
15,2241142843,50.0,-6.0,1.5768449483209428,-6.5,2.029740983984267,62.73841282977868,62.73841282977868
16,2241142843,52.0,-6.0,1.5768449483209428,-6.0,1.5838987262688995,5.517677661260541,5.517677661260541
17,2241142843,54.0,-6.0,1.5768449483209428,-6.0,1.561868937303638,4.896387926427828,4.896387926427828
18,2241142843,56.0,-6.0,1.5768449483209428,-6.0,1.563962905735969,5.575391602649918,5.575391602649918
19,2241142843,58.0,-6.0,1.5768449483209428,-6.0,1.576993636589566,6.687617890262486,6.687617890262486
20,2241142843,60.0,-6.0,1.5768449483209428,-6.5,1.995810330294103,53.07074283403885,54.34468842083503
21,2241142843,62.0,-6.0,1.5768449483209428,-6.0,1.5749389755090426,7.988625679799451,7.988625679799451
22,2241142843,64.0,-6.0,1.5768449483209428,-6.0,1.564729571795766,8.666234323468123,8.666234323468123
23,2241142843,66.0,-6.0,1.5768449483209428,-6.0,1.5609557926156508,8.746893276183409,8.746893276183409
24,2241142843,68.0,-6.0,1.5768449483209428,-6.0,1.5627689550876356,8.086497399735883,8.086497399735883
25,2241142843,70.0,-6.0,1.5768449483209428,-6.0,1.5654167893235855,7.313912251461713,7.313912251461713
26,2241142843,72.0,-6.0,1.5768449483209428,-6.0,1.5667511944919712,6.490516391696865,6.490516391696865
27,2241142843,74.0,-6.0,1.5768449483209428,-6.0,1.5704525176738997,5.182961475839141,5.182961475839141
28,2241142843,76.0,-6.0,1.5768449483209428,-6.0,1.579980570983875,3.928212918678705,3.928212918678705
29,2241142843,78.0,-6.0,1.5768449483209428,-6.0,1.5861662161053605,3.6530030647563354,3.6530030647563354
30,2241142843,80.0,-6.0,1.5768449483209428,-6.0,1.5784023717925182,3.5473160285029075,3.5473160285029075
31,2241142843,82.0,-6.0,1.5768449483209428,-6.0,1.5675318114589432,3.4277540697396263,3.4277540697396263
32,2241142843,84.0,-6.0,1.5768449483209428,-6.5,1.9735949683465912,53.11156677569254,53.11156677569254
33,2241142843,86.0,-6.0,1.5768449483209428,-6.0,1.5805640999549366,5.043498106935747,5.043498106935747
34,2241142843,88.0,-6.0,1.5768449483209428,-6.0,1.5857565130060778,5.662005651794331,5.662005651794331
35,2241142843,90.0,-6.0,1.5768449483209428,-6.0,1.5789063907375425,6.582566601520084,6.582566601520084
36,2241142843,92.0,-6.0,1.5768449483209428,-6.0,1.5728640179791202,9.333971267950218,9.333971267950218
37,2241142843,94.0,-6.0,1.5768449483209428,-6.5,1.9841837377562712,53.9869174356493,53.9869174356493
38,2241142843,96.0,-6.0,1.5768449483209428,-6.5,1.9837431033380928,54.51263756483449,54.51263756483449
39,2241142843,98.0,-6.0,1.5768449483209428,-6.0,1.567445087711539,15.866370464605904,15.866370464605904
40,2241142843,100.0,-6.0,1.5768449483209428,-6.0,1.5645285287402837,17.761743576420407,17.761743576420407
41,2241142843,102.0,-6.0,1.5768449483209428,-6.0,1.567301493963273,18.631301534948346,18.631301534948346
42,2241142843,104.0,-6.0,1.5768449483209428,-6.0,1.573871581193861,18.815366879529144,18.815366879529144
43,2241142843,106.0,-6.0,1.5768449483209428,-6.0,1.579759156663017,18.62480663684384,18.62480663684384
44,2241142843,108.0,-6.0,1.5768449483209428,-6.0,1.5823547025359377,18.363869844980435,18.363869844980435
45,2241142843,110.0,-6.0,1.5768449483209428,-6.0,1.5820300744729094,18.262255087228013,18.262255087228013
46,2241142843,112.0,-6.0,1.5768449483209428,-6.0,1.5805198953304556,18.304244879026484,18.304244879026484
47,2241142843,114.0,-6.0,1.5768449483209428,-6.0,1.579162674778242,18.40001084586028,18.40001084586028
48,2241142843,116.0,-6.0,1.5768449483209428,-6.0,1.5783842550798997,18.50225679513681,18.50225679513681
49,2241142843,118.0,-6.0,1.5768449483209428,-6.0,1.5780651923355629,18.600857366240103,18.600857366240103
50,2241142843,120.0,-6.0,1.5768449483209428,-6.0,1.57798166129359,18.699050715965967,18.699050715965967
51,2241142843,122.0,-6.0,1.5768449483209428,-6.0,1.5779881349987288,18.797055170192525,18.797055170192525
52,2241142843,124.0,-6.0,1.5768449483209428,-6.0,1.5780213957152462,18.8953744529347,18.8953744529347
53,2241142843,126.0,-6.0,1.5768449483209428,-6.0,1.5780607887539693,18.99397761249972,18.99397761249972
54,2241142843,128.0,-6.0,1.5768449483209428,-6.0,1.5781010012707095,19.09254727313077,19.09254727313077
55,2241142843,130.0,-6.0,1.5768449483209428,-6.0,1.5781409268666404,19.19071492112309,19.19071492112309
56,2241142843,132.0,-6.0,1.5768449483209428,-6.0,1.5781803712227154,19.288151925238772,19.288151925238772
57,2241142843,134.0,-6.0,1.5768449483209428,-6.0,1.5782193008257586,19.3845965633639,19.3845965633639
58,2241142843,136.0,-6.0,1.5768449483209428,-6.0,1.5782577068911332,19.47985408356304,19.47985408356304
59,2241142843,138.0,-6.0,1.5768449483209428,-6.0,1.5782955852817968,19.573786596650464,19.573786596650464
60,2241142843,140.0,-6.0,1.5768449483209428,-6.0,1.5783329338102323,19.666300664720623,19.666300664720623
61,2241142843,142.0,-6.0,1.5768449483209428,-6.0,1.5783697518137856,19.757335931388457,19.757335931388457
62,2241142843,144.0,-6.0,1.5768449483209428,-6.0,1.5784060399348794,19.846855855425147,19.846855855425147
63,2241142843,146.0,-6.0,1.5768449483209428,-6.0,1.578441799942173,19.93484059802104,19.93484059802104
64,2241142843,148.0,-6.0,1.5768449483209428,-6.0,1.5784770345742245,20.021281778499414,20.021281778499414
65,2241142843,150.0,-6.0,1.5768449483209428,-6.0,1.5785117474106545,20.106178656277677,20.106178656277677
66,2241142843,152.0,-6.0,1.5768449483209428,-6.0,1.5785459427412594,20.18953548714035,20.18953548714035
67,2241142843,154.0,-6.0,1.5768449483209428,-6.0,1.578579625489755,20.271359663020288,20.271359663020288
68,2241142843,156.0,-6.0,1.5768449483209428,-6.0,1.5786128010856328,20.35166045499604,20.35166045499604
69,2241142843,158.0,-6.0,1.5768449483209428,-6.0,1.5786454753635024,20.430448183747504,20.430448183747504
70,2241142843,160.0,-6.0,1.5768449483209428,-6.0,1.578677654610169,20.50773366964767,20.50773366964767
71,2241142843,162.0,-6.0,1.5768449483209428,-6.0,1.5787093453533243,20.58352788737785,20.58352788737785
72,2241142843,164.0,-6.0,1.5768449483209428,-6.0,1.5787405543975803,20.657841750878195,20.657841750878195
73,2241142843,166.0,-6.0,1.5768449483209428,-6.0,1.578771288704384,20.730686028243547,20.730686028243547
74,2241142843,168.0,-6.0,1.5768449483209428,-6.0,1.5788015554611423,20.80207112079539,20.80207112079539
75,2241142843,170.0,-6.0,1.5768449483209428,-6.0,1.5788313619269352,20.872652989312297,20.872652989312297
76,2241142843,172.0,-6.0,1.5768449483209428,-6.0,1.57886071546319,20.94236520203516,20.94236520203516
77,2241142843,174.0,-6.0,1.5768449483209428,-6.0,1.5788896234851688,21.010705425566613,21.010705425566613
78,2241142843,176.0,-6.0,1.5768449483209428,-6.0,1.578918093449125,21.077680601261136,21.077680601261136
79,2241142843,178.0,-6.0,1.5768449483209428,-6.0,1.5789461327905931,21.14329747288517,21.14329747288517
80,2241142843,180.0,-6.0,1.5768449483209428,-6.0,1.5789737489792848,21.20756261708274,21.20756261708274
0,354926085,20.0,-7.5,3.0023917214998237,-7.5,3.2630850052113947,230.4832250729791,230.4832250729791
1,354926085,22.0,-7.5,3.0023917214998237,-7.5,3.208762816308891,203.86627054641792,203.86627054641792
2,354926085,24.0,-7.5,3.0023917214998237,-7.5,3.1688757230452627,182.07412299947268,182.07412299947268
3,354926085,26.0,-7.5,3.0023917214998237,-7.5,3.138953990187048,164.08339474036293,164.08339474036293
4,354926085,28.0,-7.5,3.0023917214998237,-7.5,3.1150519824612544,149.27880680772623,149.27880680772623
5,354926085,30.0,-7.5,3.0023917214998237,-7.5,3.094058093433898,137.4276529007758,137.4276529007758
6,354926085,32.0,-7.5,3.0023917214998237,-7.5,3.077802781989329,128.51824955998333,128.51824955998333
7,354926085,34.0,-7.5,3.0023917214998237,-7.5,3.0751163538788533,121.81368775174118,121.81368775174118
8,354926085,36.0,-7.5,3.0023917214998237,-7.5,3.084880436363137,114.20124334090004,114.20124334090004
9,354926085,38.0,-7.5,3.0023917214998237,-7.5,3.0780395989892515,103.1794867414384,103.1794867414384
10,354926085,40.0,-7.5,3.0023917214998237,-7.0,2.449439247552025,108.47094555868762,108.47094555868762
11,354926085,42.0,-7.5,3.0023917214998237,-7.0,2.3854558753974264,118.21055648710004,118.21055648710004
12,354926085,44.0,-7.5,3.0023917214998237,-6.5,1.9045924827134808,144.34073865276426,144.34073865276426
13,354926085,46.0,-7.5,3.0023917214998237,-7.0,2.360789357579082,90.16681390829706,90.16681390829706
14,354926085,48.0,-7.5,3.0023917214998237,-7.5,3.039454847934697,16.407488900459416,16.407488900459416
15,354926085,50.0,-7.5,3.0023917214998237,-7.5,3.083539376254953,11.437898011571374,11.437898011571374
16,354926085,52.0,-7.5,3.0023917214998237,-7.0,2.4409458054757143,71.86568444499576,71.86568444499576
17,354926085,54.0,-7.5,3.0023917214998237,-7.0,2.4066796213094794,72.12153483966394,72.12153483966394
18,354926085,56.0,-7.5,3.0023917214998237,-7.5,2.988737158647599,8.90401605213668,8.90401605213668
19,354926085,58.0,-7.5,3.0023917214998237,-7.5,3.034281724994905,11.171488126893204,11.171488126893204
20,354926085,60.0,-7.5,3.0023917214998237,-7.5,3.0246446714209627,12.407395785504704,12.407395785504704
21,354926085,62.0,-7.5,3.0023917214998237,-7.5,2.983534182303837,13.546932309166094,13.546932309166094
22,354926085,64.0,-7.5,3.0023917214998237,-7.5,2.9659620760230547,15.94694107993302,15.94694107993302
23,354926085,66.0,-7.5,3.0023917214998237,-7.0,2.421124420752653,72.40293415204233,72.40293415204233
24,354926085,68.0,-7.5,3.0023917214998237,-7.0,2.4336735393346287,72.32639189081199,72.32639189081199
25,354926085,70.0,-7.5,3.0023917214998237,-7.0,2.4445105995245964,72.12752184166429,72.12752184166429
26,354926085,72.0,-7.5,3.0023917214998237,-7.5,3.0033417277923125,10.842045191583209,10.842045191583209
27,354926085,74.0,-7.5,3.0023917214998237,-7.5,2.9815046781465813,8.130334642193692,8.130334642193692
28,354926085,76.0,-7.5,3.0023917214998237,-7.5,2.989939915670937,5.351769621021184,5.351769621021184
29,354926085,78.0,-7.5,3.0023917214998237,-7.5,3.024999775687967,4.955486942696105,4.955486942696105
30,354926085,80.0,-7.5,3.0023917214998237,-7.5,3.011955439539914,5.045607553014268,5.045607553014268
31,354926085,82.0,-7.5,3.0023917214998237,-7.5,2.9717587078723957,4.863434093278412,4.863434093278412
32,354926085,84.0,-7.5,3.0023917214998237,-7.5,2.9797623880469644,5.394078469111433,5.394078469111433
33,354926085,86.0,-7.5,3.0023917214998237,-7.5,3.02638793937456,7.341987957267658,7.341987957267658
34,354926085,88.0,-7.5,3.0023917214998237,-7.5,3.0276553240116137,8.356710462143097,8.356710462143097
35,354926085,90.0,-7.5,3.0023917214998237,-7.0,2.44024782824451,71.80500636690495,71.80500636690495
36,354926085,92.0,-7.5,3.0023917214998237,-7.5,2.9861357762722327,17.293912973378674,17.293912973378674
37,354926085,94.0,-7.5,3.0023917214998237,-7.5,3.033186403065292,23.56700223780032,23.56700223780032
38,354926085,96.0,-7.5,3.0023917214998237,-7.5,3.0309612377695205,33.02224012489528,33.02224012489528
39,354926085,98.0,-7.5,3.0023917214998237,-7.0,2.430412520497804,98.1245936245774,98.1245936245774
40,354926085,100.0,-7.5,3.0023917214998237,-7.0,2.409789915674383,113.80178631232415,113.80178631232415
41,354926085,102.0,-7.5,3.0023917214998237,-7.0,2.4162449747482486,119.52725562930664,119.52725562930664
42,354926085,104.0,-7.5,3.0023917214998237,-7.5,2.988971504392002,79.77247007939216,79.77247007939216
43,354926085,106.0,-7.5,3.0023917214998237,-7.5,3.029055000134602,82.47032823742029,82.47032823742029
44,354926085,108.0,-7.5,3.0023917214998237,-7.5,3.0514144451854164,81.25700775802882,81.25700775802882
45,354926085,110.0,-7.5,3.0023917214998237,-7.5,3.0554746104644748,79.55326826459562,79.55326826459562
46,354926085,112.0,-7.5,3.0023917214998237,-7.5,3.049555806802805,79.16604870213952,79.16604870213952
47,354926085,114.0,-7.5,3.0023917214998237,-7.5,3.0421311060492475,79.48255142809481,79.48255142809481
48,354926085,116.0,-7.5,3.0023917214998237,-7.5,3.037266604227927,79.92297109586552,79.92297109586552
49,354926085,118.0,-7.5,3.0023917214998237,-7.5,3.0351198729314226,80.31497293393637,80.31497293393637
50,354926085,120.0,-7.5,3.0023917214998237,-7.5,3.0345334157639905,80.6746096539094,80.6746096539094
51,354926085,122.0,-7.5,3.0023917214998237,-7.5,3.034583563786753,81.01583765527896,81.01583765527896
52,354926085,124.0,-7.5,3.0023917214998237,-7.5,3.034832099491776,81.34983644567522,81.34983644567522
53,354926085,126.0,-7.5,3.0023917214998237,-7.5,3.03512777138893,81.68139102628501,81.68139102628501
54,354926085,128.0,-7.5,3.0023917214998237,-7.5,3.03543009197987,82.01166828220215,82.01166828220215
55,354926085,130.0,-7.5,3.0023917214998237,-7.5,3.035730351435572,82.34040048745702,82.34040048745702
56,354926085,132.0,-7.5,3.0023917214998237,-7.5,3.036026991056317,82.6668549012722,82.6668549012722
57,354926085,134.0,-7.5,3.0023917214998237,-7.5,3.0363197406374565,82.99025482321473,82.99025482321473
58,354926085,136.0,-7.5,3.0023917214998237,-7.5,3.0366085336870734,83.30994101953317,83.30994101953317
59,354926085,138.0,-7.5,3.0023917214998237,-7.5,3.0368933386463794,83.62540903787095,83.62540903787095
60,354926085,140.0,-7.5,3.0023917214998237,-7.5,3.037174140637568,83.9362950237452,83.9362950237452
61,354926085,142.0,-7.5,3.0023917214998237,-7.5,3.0374509337028237,84.24234660802352,84.24234660802352
62,354926085,144.0,-7.5,3.0023917214998237,-7.5,3.0377237264679167,84.54339423429454,84.54339423429454
63,354926085,146.0,-7.5,3.0023917214998237,-7.5,3.0379925300483746,84.83932762220782,84.83932762220782
64,354926085,148.0,-7.5,3.0023917214998237,-7.5,3.038257367954484,85.13007791879878,85.13007791879878
65,354926085,150.0,-7.5,3.0023917214998237,-7.5,3.038518266250928,85.41560466813611,85.41560466813611
66,354926085,152.0,-7.5,3.0023917214998237,-7.5,3.0387752589223043,85.69588656981443,85.69588656981443
67,354926085,154.0,-7.5,3.0023917214998237,-7.5,3.039028383876923,85.97091501566896,85.97091501566896
68,354926085,156.0,-7.5,3.0023917214998237,-7.5,3.0392776823286902,86.24068968666758,86.24068968666758
69,354926085,158.0,-7.5,3.0023917214998237,-7.5,3.0395231984468167,86.5070059960797,86.5070059960797
70,354926085,160.0,-7.5,3.0023917214998237,-7.5,3.039765215584786,86.77061147685694,86.77061147685694
71,354926085,162.0,-7.5,3.0023917214998237,-7.5,3.0400030780271656,87.02926724331215,87.02926724331215
72,354926085,164.0,-7.5,3.0023917214998237,-7.5,3.040237543476524,87.282973403472,87.282973403472
73,354926085,166.0,-7.5,3.0023917214998237,-7.5,3.0404684281818235,87.53173123478017,87.53173123478017
74,354926085,168.0,-7.5,3.0023917214998237,-7.5,3.040695789141788,87.7755428474699,87.7755428474699
75,354926085,170.0,-7.5,3.0023917214998237,-7.5,3.040919679120903,88.01441096565952,88.01441096565952
76,354926085,172.0,-7.5,3.0023917214998237,-7.5,3.0411401552364468,88.24833878981198,88.24833878981198
77,354926085,174.0,-7.5,3.0023917214998237,-7.5,3.0413572736121326,88.47732985359713,88.47732985359713
78,354926085,176.0,-7.5,3.0023917214998237,-7.5,3.041571090038096,88.70571984941886,88.70571984941886
79,354926085,178.0,-7.5,3.0023917214998237,-7.5,3.0417816618469757,88.93132920680014,88.93132920680014
80,354926085,180.0,-7.5,3.0023917214998237,-7.5,3.0419890451828984,89.15221171749664,89.15221171749664
0,2368900135,20.0,-6.5,1.9840540179785384,-6.5,2.0517634762918138,95.7644088615283,95.7644088615283
1,2368900135,22.0,-6.5,1.9840540179785384,-6.5,2.0366518173587185,84.45151978532404,84.45151978532404
2,2368900135,24.0,-6.5,1.9840540179785384,-6.5,2.025736850816632,75.15019019978189,75.15019019978189
3,2368900135,26.0,-6.5,1.9840540179785384,-6.5,2.017912060373805,67.40952419323122,67.40952419323122
4,2368900135,28.0,-6.5,1.9840540179785384,-6.5,2.0125178444151857,60.916702297253735,60.916702297253735
5,2368900135,30.0,-6.5,1.9840540179785384,-6.5,2.009315354132912,55.469909800652125,55.469909800652125
6,2368900135,32.0,-6.5,1.9840540179785384,-6.5,2.0087317412115357,50.97214900194453,50.97214900194453
7,2368900135,34.0,-6.5,1.9840540179785384,-6.5,2.0110323558460754,47.40033703609247,47.40033703609247
8,2368900135,36.0,-6.5,1.9840540179785384,-7.0,2.4979676306105585,53.25684218776208,79.20031356571101
9,2368900135,38.0,-6.5,1.9840540179785384,-7.0,2.487965154074236,42.53710403551784,53.91412837755807
10,2368900135,40.0,-6.5,1.9840540179785384,-7.0,2.449439247552025,32.44528350586886,46.70857193550187
11,2368900135,42.0,-6.5,1.9840540179785384,-6.5,1.9343667621369045,41.6981002371185,41.6981002371185
12,2368900135,44.0,-6.5,1.9840540179785384,-6.5,1.9045924827134808,36.74447845835083,36.74447845835083
13,2368900135,46.0,-6.5,1.9840540179785384,-6.5,1.9323101944585277,22.94594908296509,22.94594908296509
14,2368900135,48.0,-6.5,1.9840540179785384,-7.0,2.4777260011055606,55.3576544017086,55.3576544017086
15,2368900135,50.0,-6.5,1.9840540179785384,-7.0,2.509984549712244,57.23469554034029,57.6185994613294
16,2368900135,52.0,-6.5,1.9840540179785384,-6.5,1.9865788762222625,6.229887738259911,6.229887738259911
17,2368900135,54.0,-6.5,1.9840540179785384,-6.5,1.957716806682279,5.648262612620376,5.648262612620376
18,2368900135,56.0,-6.5,1.9840540179785384,-7.0,2.430947567434052,44.01526977688789,52.46479033531752
19,2368900135,58.0,-6.5,1.9840540179785384,-7.0,2.465227762524547,45.70955376807205,52.57351520925946
20,2368900135,60.0,-6.5,1.9840540179785384,-6.5,1.995810330294103,9.270235476388036,9.270235476388036
21,2368900135,62.0,-6.5,1.9840540179785384,-6.5,1.9798116873822331,9.982174311474653,9.982174311474653
22,2368900135,64.0,-6.5,1.9840540179785384,-6.5,1.9646490366521208,11.076068782838387,11.076068782838387
23,2368900135,66.0,-6.5,1.9840540179785384,-7.0,2.421124420752653,45.92780779655402,52.10502346507983
24,2368900135,68.0,-6.5,1.9840540179785384,-7.0,2.4336735393346287,46.26250945972294,52.181850889406746
25,2368900135,70.0,-6.5,1.9840540179785384,-6.5,1.9748934026573748,9.131037212317256,9.131037212317256
26,2368900135,72.0,-6.5,1.9840540179785384,-6.5,1.974723107998916,8.042634238435568,8.042634238435568
27,2368900135,74.0,-6.5,1.9840540179785384,-6.5,1.974335259557,6.269915811728604,6.269915811728604
28,2368900135,76.0,-6.5,1.9840540179785384,-7.0,2.44385445331797,45.89085595372303,53.010968268222086
29,2368900135,78.0,-6.5,1.9840540179785384,-6.5,1.9960920235300248,4.159791687349388,4.159791687349388
30,2368900135,80.0,-6.5,1.9840540179785384,-6.5,1.986589062245052,4.083081686421064,4.083081686421064
31,2368900135,82.0,-6.5,1.9840540179785384,-6.5,1.9705901621843431,3.928348100462098,3.928348100462098
32,2368900135,84.0,-6.5,1.9840540179785384,-6.5,1.9735949683465912,4.503738480666193,4.503738480666193
33,2368900135,86.0,-6.5,1.9840540179785384,-7.0,2.461385225005159,46.11803312610784,52.65482668173336
34,2368900135,88.0,-6.5,1.9840540179785384,-6.5,1.996951189082449,6.638729749819596,6.638729749819596
35,2368900135,90.0,-6.5,1.9840540179785384,-6.5,1.983605356635323,7.847053248235873,7.847053248235873
36,2368900135,92.0,-6.5,1.9840540179785384,-7.0,2.4377071527721337,46.58914980153294,57.96082455371157
37,2368900135,94.0,-6.5,1.9840540179785384,-7.0,2.458189988649222,46.82845179315862,60.66051944227325
38,2368900135,96.0,-6.5,1.9840540179785384,-7.0,2.457976939284422,47.578989653445134,54.884527428107546
39,2368900135,98.0,-6.5,1.9840540179785384,-6.5,1.9721289891575888,24.08916445287074,24.08916445287074
40,2368900135,100.0,-6.5,1.9840540179785384,-6.5,1.9632886420280775,28.187144039530008,28.187144039530008
41,2368900135,102.0,-6.5,1.9840540179785384,-6.5,1.966963754357541,30.17573199157632,30.17573199157632
42,2368900135,104.0,-6.5,1.9840540179785384,-6.5,1.9790702058517955,30.88447604169721,30.88447604169721
43,2368900135,106.0,-6.5,1.9840540179785384,-6.5,1.990689514175444,30.71857953703164,30.71857953703164
44,2368900135,108.0,-6.5,1.9840540179785384,-7.0,2.4731700724177226,48.250289474520365,68.5814069565854
45,2368900135,110.0,-6.5,1.9840540179785384,-7.0,2.474364732189064,47.63990258338738,78.52240407720844
46,2368900135,112.0,-6.5,1.9840540179785384,-7.0,2.4701999551194267,47.17954224284865,80.79930058527202
47,2368900135,114.0,-6.5,1.9840540179785384,-6.5,1.9913475944608785,30.088421513392746,30.088421513392746
48,2368900135,116.0,-6.5,1.9840540179785384,-6.5,1.989853058910782,30.25943597297041,30.25943597297041
49,2368900135,118.0,-6.5,1.9840540179785384,-6.5,1.989229592271972,30.42310499030808,30.42310499030808
50,2368900135,120.0,-6.5,1.9840540179785384,-6.5,1.9890651223745288,30.578924182892845,30.578924182892845
51,2368900135,122.0,-6.5,1.9840540179785384,-6.5,1.989078762763328,30.73216631535718,30.73216631535718
52,2368900135,124.0,-6.5,1.9840540179785384,-6.5,1.9891459628990944,30.88510244081578,30.88510244081578
53,2368900135,126.0,-6.5,1.9840540179785384,-6.5,1.9892255210956584,31.038208720113264,31.038208720113264
54,2368900135,128.0,-6.5,1.9840540179785384,-6.5,1.9893067444622297,31.19122551943644,31.19122551943644
55,2368900135,130.0,-6.5,1.9840540179785384,-6.5,1.989387391066724,31.34407018535944,31.34407018535944
56,2368900135,132.0,-6.5,1.9840540179785384,-6.5,1.9894670649389263,31.496361563099672,31.496361563099672
57,2368900135,134.0,-6.5,1.9840540179785384,-6.5,1.989545698188231,31.64699872144765,31.64699872144765
58,2368900135,136.0,-6.5,1.9840540179785384,-6.5,1.9896232728696377,31.79568569193029,31.79568569193029
59,2368900135,138.0,-6.5,1.9840540179785384,-6.5,1.989699780581376,31.94221090956593,31.94221090956593
60,2368900135,140.0,-6.5,1.9840540179785384,-6.5,1.9897752169921468,32.0864306142971,32.0864306142971
61,2368900135,142.0,-6.5,1.9840540179785384,-6.5,1.9898495807844845,32.228252082874256,32.228252082874256
62,2368900135,144.0,-6.5,1.9840540179785384,-6.5,1.9899228733275975,32.36761949840832,32.36761949840832
63,2368900135,146.0,-6.5,1.9840540179785384,-6.5,1.98999509821594,32.50450297342299,32.50450297342299
64,2368900135,148.0,-6.5,1.9840540179785384,-6.5,1.990066261042299,32.638890394249486,32.638890394249486
65,2368900135,150.0,-6.5,1.9840540179785384,-6.5,1.9901363690648044,32.77078153409979,32.77078153409979
66,2368900135,152.0,-6.5,1.9840540179785384,-6.5,1.990205431008512,32.90044831036937,32.90044831036937
67,2368900135,154.0,-6.5,1.9840540179785384,-6.5,1.9902734568335472,33.02839501547592,33.02839501547592
68,2368900135,156.0,-6.5,1.9840540179785384,-6.5,1.990340457524316,33.154012549646694,33.154012549646694
69,2368900135,158.0,-6.5,1.9840540179785384,-6.5,1.9904064450112544,33.27731235497713,33.27731235497713
70,2368900135,160.0,-6.5,1.9840540179785384,-6.5,1.9904714319134107,33.39830688353106,33.39830688353106
71,2368900135,162.0,-6.5,1.9840540179785384,-6.5,1.9905354314898005,33.51700904114064,33.51700904114064
72,2368900135,164.0,-6.5,1.9840540179785384,-6.5,1.9905984575052131,33.633431841910095,33.633431841910095
73,2368900135,166.0,-6.5,1.9840540179785384,-6.5,1.990660524090072,33.74758819500813,33.74758819500813
74,2368900135,168.0,-6.5,1.9840540179785384,-6.5,1.990721645754272,33.85949078440406,33.85949078440406
75,2368900135,170.0,-6.5,1.9840540179785384,-6.5,1.990781837207672,33.96915200355569,33.96915200355569
76,2368900135,172.0,-6.5,1.9840540179785384,-6.5,1.9908411133422976,34.07658390091959,34.07658390091959
77,2368900135,174.0,-6.5,1.9840540179785384,-6.5,1.9908994891636345,34.182587968341394,34.182587968341394
78,2368900135,176.0,-6.5,1.9840540179785384,-6.5,1.9909569797382471,34.28780238491977,34.28780238491977
79,2368900135,178.0,-6.5,1.9840540179785384,-6.5,1.9910136001606649,34.390907138097944,34.390907138097944
80,2368900135,180.0,-6.5,1.9840540179785384,-6.5,1.991069365499892,34.49190964329004,34.49190964329004
0,2773632455,20.0,-8.5,4.587964913504992,-8.5,5.332460486631448,485.05233883617785,485.05233883617785
1,2773632455,22.0,-8.5,4.587964913504992,-8.5,5.194173108943622,433.1545938390697,433.1545938390697
2,2773632455,24.0,-8.5,4.587964913504992,-8.5,5.091854387908126,391.2295220902008,391.2295220902008
3,2773632455,26.0,-8.5,4.587964913504992,-8.5,5.013207740829167,357.5684682890995,357.5684682890995
4,2773632455,28.0,-8.5,4.587964913504992,-8.0,3.901514207128904,245.3217232411778,245.3217232411778
5,2773632455,30.0,-8.5,4.587964913504992,-8.0,3.8580765076285504,230.6927118716536,230.6927118716536
6,2773632455,32.0,-8.5,4.587964913504992,-8.0,3.818157927514142,221.7054798903838,221.7054798903838
7,2773632455,34.0,-8.5,4.587964913504992,-8.0,3.80467855337288,214.22717809423887,214.22717809423887
8,2773632455,36.0,-8.5,4.587964913504992,-9.0,6.077352481572052,442.58071283833897,442.58071283833897
9,2773632455,38.0,-8.5,4.587964913504992,-9.5,7.839589571648287,455.5156490857212,455.5156490857212
10,2773632455,40.0,-8.5,4.587964913504992,-9.5,7.784845774698476,258.23073165263736,258.23073165263736
11,2773632455,42.0,-8.5,4.587964913504992,-9.0,5.841088901651732,170.6194678496634,170.6194678496634
12,2773632455,44.0,-8.5,4.587964913504992,-7.0,2.329114076292781,276.2410270733292,276.2410270733292
13,2773632455,46.0,-8.5,4.587964913504992,-7.0,2.360789357579082,273.6356608235624,273.6356608235624
14,2773632455,48.0,-8.5,4.587964913504992,-8.5,4.636203232683141,19.926846129460472,19.926846129460472
15,2773632455,50.0,-8.5,4.587964913504992,-9.0,5.898569469658161,25.258290987420946,112.19797000077811
16,2773632455,52.0,-8.5,4.587964913504992,-7.5,2.980303534804902,199.01838315994647,199.01838315994647
17,2773632455,54.0,-8.5,4.587964913504992,-7.5,2.944805851641493,199.2527391402206,199.2527391402206
18,2773632455,56.0,-8.5,4.587964913504992,-9.0,5.8013456905191445,15.01691664691977,111.66919162411
19,2773632455,58.0,-8.5,4.587964913504992,-9.0,5.82469047914757,19.264727419994216,111.73936172641083
20,2773632455,60.0,-8.5,4.587964913504992,-8.5,4.584003023326686,14.487271382789675,14.487271382789675
21,2773632455,62.0,-8.5,4.587964913504992,-8.0,3.666710012376603,107.90527760868406,107.90527760868406
22,2773632455,64.0,-8.5,4.587964913504992,-8.5,4.573714388258737,20.343811425067752,20.343811425067752
23,2773632455,66.0,-8.5,4.587964913504992,-9.0,5.750734629418267,14.820488413554138,111.32484185392256
24,2773632455,68.0,-8.5,4.587964913504992,-8.5,4.554011412666449,18.497815945450093,18.497815945450093
25,2773632455,70.0,-8.5,4.587964913504992,-8.0,3.706910347641577,107.61372928244757,107.61372928244757
26,2773632455,72.0,-8.5,4.587964913504992,-8.5,4.62263293702135,13.041522668204554,13.041522668204554
27,2773632455,74.0,-8.5,4.587964913504992,-8.5,4.563476242811507,9.425999730247504,9.425999730247504
28,2773632455,76.0,-8.5,4.587964913504992,-8.5,4.538461243384,5.855752026864526,5.855752026864526
29,2773632455,78.0,-8.5,4.587964913504992,-8.5,4.624966694170838,5.567661500684027,5.567661500684027
30,2773632455,80.0,-8.5,4.587964913504992,-8.5,4.62247464104827,5.893171967150675,5.893171967150675
31,2773632455,82.0,-8.5,4.587964913504992,-8.5,4.521443340879516,5.667518080398134,5.667518080398134
32,2773632455,84.0,-8.5,4.587964913504992,-8.5,4.531065565485003,6.027177111437116,6.027177111437116
33,2773632455,86.0,-8.5,4.587964913504992,-8.5,4.649196245550201,8.438049857211121,8.438049857211121
34,2773632455,88.0,-8.5,4.587964913504992,-8.0,3.731743417633047,109.1787003336693,109.1787003336693
35,2773632455,90.0,-8.5,4.587964913504992,-8.5,4.507696868390639,11.543790438440697,11.543790438440697
36,2773632455,92.0,-8.5,4.587964913504992,-9.0,5.704832738052317,22.4956453196046,112.90870774251586
37,2773632455,94.0,-8.5,4.587964913504992,-8.5,4.700716684312497,29.157716398383503,29.157716398383503
38,2773632455,96.0,-8.5,4.587964913504992,-8.0,3.749556940726401,110.53533531075924,110.53533531075924
39,2773632455,98.0,-8.5,4.587964913504992,-7.5,2.97085838130734,234.70812575128505,234.70812575128505
40,2773632455,100.0,-8.5,4.587964913504992,-7.5,2.9308889920615013,262.74397497822633,262.74397497822633
41,2773632455,102.0,-8.5,4.587964913504992,-10.0,9.649007585736026,64.68290562111063,424.43461911544654
42,2773632455,104.0,-8.5,4.587964913504992,-10.0,10.122777505963024,320.7280747357171,500.9066713434013
43,2773632455,106.0,-8.5,4.587964913504992,-9.0,6.00690020743757,264.5334140942409,264.5334140942409
44,2773632455,108.0,-8.5,4.587964913504992,-8.5,4.754373693699748,221.09946625619895,221.09946625619895
45,2773632455,110.0,-8.5,4.587964913504992,-8.5,4.770516493033819,213.32189357451475,213.32189357451475
46,2773632455,112.0,-8.5,4.587964913504992,-8.5,4.767305101347858,208.6736739517802,208.6736739517802
47,2773632455,114.0,-8.5,4.587964913504992,-8.5,4.756123028953843,207.83965397206424,207.83965397206424
48,2773632455,116.0,-8.5,4.587964913504992,-8.5,4.74633924996256,208.2656383005601,208.2656383005601
49,2773632455,118.0,-8.5,4.587964913504992,-8.5,4.741241683397813,208.8968770671279,208.8968770671279
50,2773632455,120.0,-8.5,4.587964913504992,-8.5,4.7396569696375614,209.493369430532,209.493369430532
51,2773632455,122.0,-8.5,4.587964913504992,-8.5,4.739723846293772,210.05287584637597,210.05287584637597
52,2773632455,124.0,-8.5,4.587964913504992,-8.5,4.740356610100641,210.5913096997705,210.5913096997705
53,2773632455,126.0,-8.5,4.587964913504992,-8.5,4.741134572334957,211.1200331870535,211.1200331870535
54,2773632455,128.0,-8.5,4.587964913504992,-8.5,4.741935908821887,211.64458146531985,211.64458146531985
55,2773632455,130.0,-8.5,4.587964913504992,-8.5,4.742732931173776,212.16662662933476,212.16662662933476
56,2773632455,132.0,-8.5,4.587964913504992,-8.5,4.743520477693088,212.68583322057037,212.68583322057037
57,2773632455,134.0,-8.5,4.587964913504992,-8.5,4.744297686057783,213.20109464844336,213.20109464844336
58,2773632455,136.0,-8.5,4.587964913504992,-8.5,4.74506430872248,213.71119250690296,213.71119250690296
59,2773632455,138.0,-8.5,4.587964913504992,-8.5,4.745820311197695,214.2150646343279,214.2150646343279
60,2773632455,140.0,-8.5,4.587964913504992,-8.5,4.746565638531726,214.7118678510849,214.7118678510849
61,2773632455,142.0,-8.5,4.587964913504992,-8.5,4.747300280829725,215.201275312458,215.201275312458
62,2773632455,144.0,-8.5,4.587964913504992,-8.5,4.748024255928557,215.68184928442128,215.68184928442128
63,2773632455,146.0,-8.5,4.587964913504992,-8.5,4.748737603029105,216.1541724054396,216.1541724054396
64,2773632455,148.0,-8.5,4.587964913504992,-8.5,4.749440380897617,216.617644094664,216.617644094664
65,2773632455,150.0,-8.5,4.587964913504992,-8.5,4.750132664620957,217.08139588901668,217.08139588901668
66,2773632455,152.0,-8.5,4.587964913504992,-8.5,4.75081454437842,217.53945537445549,217.53945537445549
67,2773632455,154.0,-8.5,4.587964913504992,-8.5,4.751486121103744,217.98878788218587,217.98878788218587
68,2773632455,156.0,-8.5,4.587964913504992,-8.5,4.752147507643106,218.429239912964,218.429239912964
69,2773632455,158.0,-8.5,4.587964913504992,-8.5,4.752798823781325,218.860675701608,218.860675701608
70,2773632455,160.0,-8.5,4.587964913504992,-8.5,4.7534401979768806,219.28297325392597,219.28297325392597
71,2773632455,162.0,-8.5,4.587964913504992,-8.5,4.754071763535441,219.6960213114876,219.6960213114876
72,2773632455,164.0,-8.5,4.587964913504992,-8.5,4.754693659597712,220.09971737878607,220.09971737878607
73,2773632455,166.0,-8.5,4.587964913504992,-8.5,4.7553060308098205,220.5049053845469,220.5049053845469
74,2773632455,168.0,-8.5,4.587964913504992,-8.5,4.755909016570149,220.90723818678484,220.90723818678484
75,2773632455,170.0,-8.5,4.587964913504992,-8.5,4.756502770603184,221.30043863505304,221.30043863505304
76,2773632455,172.0,-8.5,4.587964913504992,-8.5,4.757087538412651,221.68440909128887,221.68440909128887
77,2773632455,174.0,-8.5,4.587964913504992,-8.5,4.757663177860096,222.0590575911558,222.0590575911558
78,2773632455,176.0,-8.5,4.587964913504992,-8.5,4.758230132385083,222.42429744117223,222.42429744117223
79,2773632455,178.0,-8.5,4.587964913504992,-8.5,4.758788455701903,222.78398383996088,222.78398383996088
80,2773632455,180.0,-8.5,4.587964913504992,-8.5,4.759338298192685,223.15050021359525,223.15050021359525
0,2723165907,20.0,-7.0,2.4477766207732907,-7.0,2.584461145540202,150.4625848203277,150.4625848203277
1,2723165907,22.0,-7.0,2.4477766207732907,-7.0,2.55496273629366,132.83439680243268,132.83439680243268
2,2723165907,24.0,-7.0,2.4477766207732907,-7.0,2.533481427299111,118.36286417516176,118.36286417516176
3,2723165907,26.0,-7.0,2.4477766207732907,-7.0,2.517714260333007,106.34826100944022,106.34826100944022
4,2723165907,28.0,-7.0,2.4477766207732907,-7.0,2.5059598722761898,96.33036739277048,96.33036739277048
5,2723165907,30.0,-7.0,2.4477766207732907,-7.0,2.497182601359718,88.04831957602481,88.04831957602481
6,2723165907,32.0,-7.0,2.4477766207732907,-7.0,2.49230116002522,81.38711592119317,81.38711592119317
7,2723165907,34.0,-7.0,2.4477766207732907,-7.0,2.493853657321614,76.18031117493037,76.18031117493037
8,2723165907,36.0,-7.0,2.4477766207732907,-7.0,2.4979676306105585,71.63652295865174,71.63652295865174
9,2723165907,38.0,-7.0,2.4477766207732907,-7.0,2.487965154074236,67.10303224001791,67.10303224001791
10,2723165907,40.0,-7.0,2.4477766207732907,-7.0,2.449439247552025,64.60287258023816,64.60287258023816
11,2723165907,42.0,-7.0,2.4477766207732907,-6.5,1.9343667621369045,89.2897466625403,89.2897466625403
12,2723165907,44.0,-7.0,2.4477766207732907,-6.5,1.9045924827134808,86.28452143214338,86.28452143214338
13,2723165907,46.0,-7.0,2.4477766207732907,-7.0,2.360789357579082,33.675931367596085,33.675931367596085
14,2723165907,48.0,-7.0,2.4477766207732907,-7.0,2.4777260011055606,14.051106018047694,14.051106018047694
15,2723165907,50.0,-7.0,2.4477766207732907,-7.0,2.509984549712244,10.401193577848682,10.401193577848682
16,2723165907,52.0,-7.0,2.4477766207732907,-7.0,2.4409458054757143,6.749619932629596,6.749619932629596
17,2723165907,54.0,-7.0,2.4477766207732907,-7.0,2.4066796213094794,6.41232136712909,6.41232136712909
18,2723165907,56.0,-7.0,2.4477766207732907,-7.0,2.430947567434052,7.789498757462043,7.789498757462043
19,2723165907,58.0,-7.0,2.4477766207732907,-7.0,2.465227762524547,9.746946204793671,9.746946204793671
20,2723165907,60.0,-7.0,2.4477766207732907,-7.0,2.466307229640292,10.957209805658916,10.957209805658916
21,2723165907,62.0,-7.0,2.4477766207732907,-7.0,2.437968438349393,11.8775239011516,11.8775239011516
22,2723165907,64.0,-7.0,2.4477766207732907,-7.0,2.4190341984283865,13.540291881701824,13.540291881701824
23,2723165907,66.0,-7.0,2.4477766207732907,-7.0,2.421124420752653,13.7960806411627,13.7960806411627
24,2723165907,68.0,-7.0,2.4477766207732907,-7.0,2.4336735393346287,12.446784770018386,12.446784770018386
25,2723165907,70.0,-7.0,2.4477766207732907,-7.0,2.4445105995245964,10.885510751344968,10.885510751344968
26,2723165907,72.0,-7.0,2.4477766207732907,-7.0,2.441845499756484,9.51612553174918,9.51612553174918
27,2723165907,74.0,-7.0,2.4477766207732907,-7.0,2.4331043546017725,7.26776445130843,7.26776445130843
28,2723165907,76.0,-7.0,2.4477766207732907,-7.0,2.44385445331797,4.982970904334698,4.982970904334698
29,2723165907,78.0,-7.0,2.4477766207732907,-7.0,2.4640667152220903,4.5905525969713965,4.5905525969713965
30,2723165907,80.0,-7.0,2.4477766207732907,-7.0,2.45267453006271,4.582326990932815,4.582326990932815
31,2723165907,82.0,-7.0,2.4477766207732907,-7.0,2.427693688645046,4.409689074021813,4.409689074021813
32,2723165907,84.0,-7.0,2.4477766207732907,-7.0,2.432790965349352,4.984573236015673,4.984573236015673
33,2723165907,86.0,-7.0,2.4477766207732907,-7.0,2.461385225005159,6.656286178032209,6.656286178032209
34,2723165907,88.0,-7.0,2.4477766207732907,-7.0,2.4658026727476594,7.523653684325623,7.523653684325623
35,2723165907,90.0,-7.0,2.4477766207732907,-7.0,2.44024782824451,8.94269080811091,8.94269080811091
36,2723165907,92.0,-7.0,2.4477766207732907,-7.0,2.4377071527721337,14.797482173596167,14.797482173596167
37,2723165907,94.0,-7.0,2.4477766207732907,-7.0,2.458189988649222,19.780587588599687,19.780587588599687
38,2723165907,96.0,-7.0,2.4477766207732907,-7.0,2.457976939284422,25.574552219716864,25.574552219716864
39,2723165907,98.0,-7.0,2.4477766207732907,-7.0,2.430412520497804,35.75722096829585,35.75722096829585
40,2723165907,100.0,-7.0,2.4477766207732907,-7.0,2.409789915674383,43.93092180626351,43.93092180626351
41,2723165907,102.0,-7.0,2.4477766207732907,-7.0,2.4162449747482486,47.99367729979216,47.99367729979216
42,2723165907,104.0,-7.0,2.4477766207732907,-7.0,2.439053872648323,50.08394467065772,50.08394467065772
43,2723165907,106.0,-7.0,2.4477766207732907,-7.0,2.461320679990413,50.461762717488895,50.461762717488895
44,2723165907,108.0,-7.0,2.4477766207732907,-7.0,2.4731700724177226,49.521228485006496,49.521228485006496
45,2723165907,110.0,-7.0,2.4477766207732907,-7.0,2.474364732189064,48.8024044087721,48.8024044087721
46,2723165907,112.0,-7.0,2.4477766207732907,-7.0,2.4701999551194267,48.75498213314107,48.75498213314107
47,2723165907,114.0,-7.0,2.4477766207732907,-7.0,2.46568204243054,49.00343178049015,49.00343178049015
48,2723165907,116.0,-7.0,2.4477766207732907,-7.0,2.462888099372086,49.28504628479277,49.28504628479277
49,2723165907,118.0,-7.0,2.4477766207732907,-7.0,2.461695891450512,49.54694320168386,49.54694320168386
50,2723165907,120.0,-7.0,2.4477766207732907,-7.0,2.4613773720253613,49.78856748484564,49.78856748484564
51,2723165907,122.0,-7.0,2.4477766207732907,-7.0,2.461404775095588,50.02209675179156,50.02209675179156
52,2723165907,124.0,-7.0,2.4477766207732907,-7.0,2.461537665193582,50.25329986984825,50.25329986984825
53,2723165907,126.0,-7.0,2.4477766207732907,-7.0,2.461695169300865,50.48400624368668,50.48400624368668
54,2723165907,128.0,-7.0,2.4477766207732907,-7.0,2.461856046488017,50.71433002612162,50.71433002612162
55,2723165907,130.0,-7.0,2.4477766207732907,-7.0,2.4620157961833327,50.94377393848456,50.94377393848456
56,2723165907,132.0,-7.0,2.4477766207732907,-7.0,2.462173619212092,51.17284618787232,51.17284618787232
57,2723165907,134.0,-7.0,2.4477766207732907,-7.0,2.462330731054725,51.39950371585192,51.39950371585192
58,2723165907,136.0,-7.0,2.4477766207732907,-7.0,2.462483035825272,51.62328958225528,51.62328958225528
59,2723165907,138.0,-7.0,2.4477766207732907,-7.0,2.462634575465908,51.84387725664433,51.84387725664433
60,2723165907,140.0,-7.0,2.4477766207732907,-7.0,2.4627839930180717,52.06104011687843,52.06104011687843
61,2723165907,142.0,-7.0,2.4477766207732907,-7.0,2.462931278177471,52.27462824479874,52.27462824479874
62,2723165907,144.0,-7.0,2.4477766207732907,-7.0,2.463076440383749,52.48454773471592,52.48454773471592
63,2723165907,146.0,-7.0,2.4477766207732907,-7.0,2.463219485035906,52.69074429148344,52.69074429148344
64,2723165907,148.0,-7.0,2.4477766207732907,-7.0,2.463360423409868,52.89375354432613,52.89375354432613
65,2723165907,150.0,-7.0,2.4477766207732907,-7.0,2.463499269517844,53.09383217477945,53.09383217477945
66,2723165907,152.0,-7.0,2.4477766207732907,-7.0,2.4636360411183467,53.29038139820872,53.29038139820872
67,2723165907,154.0,-7.0,2.4477766207732907,-7.0,2.463770758015557,53.4834031347024,53.4834031347024
68,2723165907,156.0,-7.0,2.4477766207732907,-7.0,2.463903442203796,53.67290453542434,53.67290453542434
69,2723165907,158.0,-7.0,2.4477766207732907,-7.0,2.464034116883508,53.85889596786936,53.85889596786936
70,2723165907,160.0,-7.0,2.4477766207732907,-7.0,2.464162808073945,54.04138968646439,54.04138968646439
71,2723165907,162.0,-7.0,2.4477766207732907,-7.0,2.4642895412701504,54.220398972275866,54.220398972275866
72,2723165907,164.0,-7.0,2.4477766207732907,-7.0,2.464414344089014,54.39593758785825,54.39593758785825
73,2723165907,166.0,-7.0,2.4477766207732907,-7.0,2.4645372450516367,54.56801943867734,54.56801943867734
74,2723165907,168.0,-7.0,2.4477766207732907,-7.0,2.4646582729643143,54.73665837277522,54.73665837277522
75,2723165907,170.0,-7.0,2.4477766207732907,-7.0,2.464777456226685,54.90186806691707,54.90186806691707
76,2723165907,172.0,-7.0,2.4477766207732907,-7.0,2.4648948252115046,55.06599316925191,55.06599316925191
77,2723165907,174.0,-7.0,2.4477766207732907,-7.0,2.465010409398348,55.22794045259497,55.22794045259497
78,2723165907,176.0,-7.0,2.4477766207732907,-7.0,2.4651242388992958,55.386637391980365,55.386637391980365
79,2723165907,178.0,-7.0,2.4477766207732907,-7.0,2.465236343512247,55.54209100611645,55.54209100611645
80,2723165907,180.0,-7.0,2.4477766207732907,-7.0,2.465346766934273,55.69430837743029,55.69430837743029
0,572329693,20.0,-6.5,1.9840540179785384,-6.5,2.0517634762918138,95.7644088615283,95.7644088615283
1,572329693,22.0,-6.5,1.9840540179785384,-6.5,2.0366518173587185,84.45151978532404,84.45151978532404
2,572329693,24.0,-6.5,1.9840540179785384,-6.5,2.025736850816632,75.15019019978189,75.15019019978189
3,572329693,26.0,-6.5,1.9840540179785384,-6.5,2.017912060373805,67.40952419323122,67.40952419323122
4,572329693,28.0,-6.5,1.9840540179785384,-6.5,2.0125178444151857,60.916702297253735,60.916702297253735
5,572329693,30.0,-6.5,1.9840540179785384,-6.5,2.009315354132912,55.469909800652125,55.469909800652125
6,572329693,32.0,-6.5,1.9840540179785384,-6.5,2.0087317412115357,50.97214900194453,50.97214900194453
7,572329693,34.0,-6.5,1.9840540179785384,-6.5,2.0110323558460754,47.40033703609247,47.40033703609247
8,572329693,36.0,-6.5,1.9840540179785384,-6.5,2.012472806437721,44.62777800407637,44.62777800407637
9,572329693,38.0,-6.5,1.9840540179785384,-6.5,2.003275692643516,42.58687169302655,42.58687169302655
10,572329693,40.0,-6.5,1.9840540179785384,-6.5,1.9757697590841208,41.872008509164615,41.872008509164615
11,572329693,42.0,-6.5,1.9840540179785384,-6.5,1.9343667621369045,41.6981002371185,41.6981002371185
12,572329693,44.0,-6.5,1.9840540179785384,-6.5,1.9045924827134808,36.74447845835083,36.74447845835083
13,572329693,46.0,-6.5,1.9840540179785384,-6.5,1.9323101944585277,22.94594908296509,22.94594908296509
14,572329693,48.0,-6.5,1.9840540179785384,-6.5,2.006804385018545,11.53349375940372,11.53349375940372
15,572329693,50.0,-6.5,1.9840540179785384,-6.5,2.029740983984267,9.000391835560686,9.000391835560686
16,572329693,52.0,-6.5,1.9840540179785384,-6.5,1.9865788762222625,6.229887738259911,6.229887738259911
17,572329693,54.0,-6.5,1.9840540179785384,-6.5,1.957716806682279,5.648262612620376,5.648262612620376
18,572329693,56.0,-6.5,1.9840540179785384,-6.5,1.9681336426108529,6.678293720947091,6.678293720947091
19,572329693,58.0,-6.5,1.9840540179785384,-6.5,1.9906265547566315,8.22607996491482,8.22607996491482
20,572329693,60.0,-6.5,1.9840540179785384,-6.5,1.995810330294103,9.270235476388036,9.270235476388036
21,572329693,62.0,-6.5,1.9840540179785384,-6.5,1.9798116873822331,9.982174311474653,9.982174311474653
22,572329693,64.0,-6.5,1.9840540179785384,-6.5,1.9646490366521208,11.076068782838387,11.076068782838387
23,572329693,66.0,-6.5,1.9840540179785384,-6.5,1.9626869158063975,11.21538078566585,11.21538078566585
24,572329693,68.0,-6.5,1.9840540179785384,-6.5,1.969052151831601,10.2439645570006,10.2439645570006
25,572329693,70.0,-6.5,1.9840540179785384,-6.5,1.9748934026573748,9.131037212317256,9.131037212317256
26,572329693,72.0,-6.5,1.9840540179785384,-6.5,1.974723107998916,8.042634238435568,8.042634238435568
27,572329693,74.0,-6.5,1.9840540179785384,-6.5,1.974335259557,6.269915811728604,6.269915811728604
28,572329693,76.0,-6.5,1.9840540179785384,-6.5,1.9849536562696493,4.508084856385322,4.508084856385322
29,572329693,78.0,-6.5,1.9840540179785384,-6.5,1.9960920235300248,4.159791687349388,4.159791687349388
30,572329693,80.0,-6.5,1.9840540179785384,-6.5,1.986589062245052,4.083081686421064,4.083081686421064
31,572329693,82.0,-6.5,1.9840540179785384,-6.5,1.9705901621843431,3.928348100462098,3.928348100462098
32,572329693,84.0,-6.5,1.9840540179785384,-6.5,1.9735949683465912,4.503738480666193,4.503738480666193
33,572329693,86.0,-6.5,1.9840540179785384,-6.5,1.9914539183349709,5.88873754974136,5.88873754974136
34,572329693,88.0,-6.5,1.9840540179785384,-6.5,1.996951189082449,6.638729749819596,6.638729749819596
35,572329693,90.0,-6.5,1.9840540179785384,-6.5,1.983605356635323,7.847053248235873,7.847053248235873
36,572329693,92.0,-6.5,1.9840540179785384,-6.5,1.977856917437868,12.069191263264202,12.069191263264202
37,572329693,94.0,-6.5,1.9840540179785384,-7.0,2.458189988649222,46.82845179315862,60.66051944227325
38,572329693,96.0,-6.5,1.9840540179785384,-6.5,1.9837431033380928,19.02907523738354,19.02907523738354
39,572329693,98.0,-6.5,1.9840540179785384,-6.5,1.9721289891575888,24.08916445287074,24.08916445287074
40,572329693,100.0,-6.5,1.9840540179785384,-6.5,1.9632886420280775,28.187144039530008,28.187144039530008
41,572329693,102.0,-6.5,1.9840540179785384,-6.5,1.966963754357541,30.17573199157632,30.17573199157632
42,572329693,104.0,-6.5,1.9840540179785384,-6.5,1.9790702058517955,30.88447604169721,30.88447604169721
43,572329693,106.0,-6.5,1.9840540179785384,-6.5,1.990689514175444,30.71857953703164,30.71857953703164
44,572329693,108.0,-6.5,1.9840540179785384,-6.5,1.99641751451112,30.18198514037737,30.18198514037737
45,572329693,110.0,-6.5,1.9840540179785384,-6.5,1.996442337988152,29.89645431102656,29.89645431102656
46,572329693,112.0,-6.5,1.9840540179785384,-6.5,1.993866444332999,29.929499147188007,29.929499147188007
47,572329693,114.0,-6.5,1.9840540179785384,-6.5,1.9913475944608785,30.088421513392746,30.088421513392746
48,572329693,116.0,-6.5,1.9840540179785384,-6.5,1.989853058910782,30.25943597297041,30.25943597297041
49,572329693,118.0,-6.5,1.9840540179785384,-6.5,1.989229592271972,30.42310499030808,30.42310499030808
50,572329693,120.0,-6.5,1.9840540179785384,-6.5,1.9890651223745288,30.578924182892845,30.578924182892845
51,572329693,122.0,-6.5,1.9840540179785384,-6.5,1.989078762763328,30.73216631535718,30.73216631535718
52,572329693,124.0,-6.5,1.9840540179785384,-6.5,1.9891459628990944,30.88510244081578,30.88510244081578
53,572329693,126.0,-6.5,1.9840540179785384,-6.5,1.9892255210956584,31.038208720113264,31.038208720113264
54,572329693,128.0,-6.5,1.9840540179785384,-6.5,1.9893067444622297,31.19122551943644,31.19122551943644
55,572329693,130.0,-6.5,1.9840540179785384,-6.5,1.989387391066724,31.34407018535944,31.34407018535944
56,572329693,132.0,-6.5,1.9840540179785384,-6.5,1.9894670649389263,31.496361563099672,31.496361563099672
57,572329693,134.0,-6.5,1.9840540179785384,-6.5,1.989545698188231,31.64699872144765,31.64699872144765
58,572329693,136.0,-6.5,1.9840540179785384,-6.5,1.9896232728696377,31.79568569193029,31.79568569193029
59,572329693,138.0,-6.5,1.9840540179785384,-6.5,1.989699780581376,31.94221090956593,31.94221090956593
60,572329693,140.0,-6.5,1.9840540179785384,-6.5,1.9897752169921468,32.0864306142971,32.0864306142971
61,572329693,142.0,-6.5,1.9840540179785384,-6.5,1.9898495807844845,32.228252082874256,32.228252082874256
62,572329693,144.0,-6.5,1.9840540179785384,-6.5,1.9899228733275975,32.36761949840832,32.36761949840832
63,572329693,146.0,-6.5,1.9840540179785384,-6.5,1.98999509821594,32.50450297342299,32.50450297342299
64,572329693,148.0,-6.5,1.9840540179785384,-6.5,1.990066261042299,32.638890394249486,32.638890394249486
65,572329693,150.0,-6.5,1.9840540179785384,-6.5,1.9901363690648044,32.77078153409979,32.77078153409979
66,572329693,152.0,-6.5,1.9840540179785384,-6.5,1.990205431008512,32.90044831036937,32.90044831036937
67,572329693,154.0,-6.5,1.9840540179785384,-6.5,1.9902734568335472,33.02839501547592,33.02839501547592
68,572329693,156.0,-6.5,1.9840540179785384,-6.5,1.990340457524316,33.154012549646694,33.154012549646694
69,572329693,158.0,-6.5,1.9840540179785384,-6.5,1.9904064450112544,33.27731235497713,33.27731235497713
70,572329693,160.0,-6.5,1.9840540179785384,-6.5,1.9904714319134107,33.39830688353106,33.39830688353106
71,572329693,162.0,-6.5,1.9840540179785384,-6.5,1.9905354314898005,33.51700904114064,33.51700904114064
72,572329693,164.0,-6.5,1.9840540179785384,-6.5,1.9905984575052131,33.633431841910095,33.633431841910095
73,572329693,166.0,-6.5,1.9840540179785384,-6.5,1.990660524090072,33.74758819500813,33.74758819500813
74,572329693,168.0,-6.5,1.9840540179785384,-6.5,1.990721645754272,33.85949078440406,33.85949078440406
75,572329693,170.0,-6.5,1.9840540179785384,-6.5,1.990781837207672,33.96915200355569,33.96915200355569
76,572329693,172.0,-6.5,1.9840540179785384,-6.5,1.9908411133422976,34.07658390091959,34.07658390091959
77,572329693,174.0,-6.5,1.9840540179785384,-6.5,1.9908994891636345,34.182587968341394,34.182587968341394
78,572329693,176.0,-6.5,1.9840540179785384,-6.5,1.9909569797382471,34.28780238491977,34.28780238491977
79,572329693,178.0,-6.5,1.9840540179785384,-6.5,1.9910136001606649,34.390907138097944,34.390907138097944
80,572329693,180.0,-6.5,1.9840540179785384,-6.5,1.991069365499892,34.49190964329004,34.49190964329004
0,3793478080,20.0,-6.5,1.9840540179785384,-6.5,2.0517634762918138,95.7644088615283,95.7644088615283
1,3793478080,22.0,-6.5,1.9840540179785384,-6.5,2.0366518173587185,84.45151978532404,84.45151978532404
2,3793478080,24.0,-6.5,1.9840540179785384,-6.5,2.025736850816632,75.15019019978189,75.15019019978189
3,3793478080,26.0,-6.5,1.9840540179785384,-6.5,2.017912060373805,67.40952419323122,67.40952419323122
4,3793478080,28.0,-6.5,1.9840540179785384,-6.5,2.0125178444151857,60.916702297253735,60.916702297253735
5,3793478080,30.0,-6.5,1.9840540179785384,-6.5,2.009315354132912,55.469909800652125,55.469909800652125
6,3793478080,32.0,-6.5,1.9840540179785384,-6.5,2.0087317412115357,50.97214900194453,50.97214900194453
7,3793478080,34.0,-6.5,1.9840540179785384,-6.5,2.0110323558460754,47.40033703609247,47.40033703609247
8,3793478080,36.0,-6.5,1.9840540179785384,-6.5,2.012472806437721,44.62777800407637,44.62777800407637
9,3793478080,38.0,-6.5,1.9840540179785384,-6.5,2.003275692643516,42.58687169302655,42.58687169302655
10,3793478080,40.0,-6.5,1.9840540179785384,-6.5,1.9757697590841208,41.872008509164615,41.872008509164615
11,3793478080,42.0,-6.5,1.9840540179785384,-6.5,1.9343667621369045,41.6981002371185,41.6981002371185
12,3793478080,44.0,-6.5,1.9840540179785384,-6.5,1.9045924827134808,36.74447845835083,36.74447845835083
13,3793478080,46.0,-6.5,1.9840540179785384,-6.5,1.9323101944585277,22.94594908296509,22.94594908296509
14,3793478080,48.0,-6.5,1.9840540179785384,-6.5,2.006804385018545,11.53349375940372,11.53349375940372
15,3793478080,50.0,-6.5,1.9840540179785384,-6.5,2.029740983984267,9.000391835560686,9.000391835560686
16,3793478080,52.0,-6.5,1.9840540179785384,-6.5,1.9865788762222625,6.229887738259911,6.229887738259911
17,3793478080,54.0,-6.5,1.9840540179785384,-6.5,1.957716806682279,5.648262612620376,5.648262612620376
18,3793478080,56.0,-6.5,1.9840540179785384,-6.5,1.9681336426108529,6.678293720947091,6.678293720947091
19,3793478080,58.0,-6.5,1.9840540179785384,-6.5,1.9906265547566315,8.22607996491482,8.22607996491482
20,3793478080,60.0,-6.5,1.9840540179785384,-6.5,1.995810330294103,9.270235476388036,9.270235476388036
21,3793478080,62.0,-6.5,1.9840540179785384,-6.5,1.9798116873822331,9.982174311474653,9.982174311474653
22,3793478080,64.0,-6.5,1.9840540179785384,-6.5,1.9646490366521208,11.076068782838387,11.076068782838387
23,3793478080,66.0,-6.5,1.9840540179785384,-6.5,1.9626869158063975,11.21538078566585,11.21538078566585
24,3793478080,68.0,-6.5,1.9840540179785384,-6.5,1.969052151831601,10.2439645570006,10.2439645570006
25,3793478080,70.0,-6.5,1.9840540179785384,-6.5,1.9748934026573748,9.131037212317256,9.131037212317256
26,3793478080,72.0,-6.5,1.9840540179785384,-6.5,1.974723107998916,8.042634238435568,8.042634238435568
27,3793478080,74.0,-6.5,1.9840540179785384,-6.5,1.974335259557,6.269915811728604,6.269915811728604
28,3793478080,76.0,-6.5,1.9840540179785384,-6.5,1.9849536562696493,4.508084856385322,4.508084856385322
29,3793478080,78.0,-6.5,1.9840540179785384,-6.5,1.9960920235300248,4.159791687349388,4.159791687349388
30,3793478080,80.0,-6.5,1.9840540179785384,-6.5,1.986589062245052,4.083081686421064,4.083081686421064
31,3793478080,82.0,-6.5,1.9840540179785384,-6.5,1.9705901621843431,3.928348100462098,3.928348100462098
32,3793478080,84.0,-6.5,1.9840540179785384,-6.5,1.9735949683465912,4.503738480666193,4.503738480666193
33,3793478080,86.0,-6.5,1.9840540179785384,-6.5,1.9914539183349709,5.88873754974136,5.88873754974136
34,3793478080,88.0,-6.5,1.9840540179785384,-6.5,1.996951189082449,6.638729749819596,6.638729749819596
35,3793478080,90.0,-6.5,1.9840540179785384,-6.5,1.983605356635323,7.847053248235873,7.847053248235873
36,3793478080,92.0,-6.5,1.9840540179785384,-6.5,1.977856917437868,12.069191263264202,12.069191263264202
37,3793478080,94.0,-6.5,1.9840540179785384,-6.5,1.9841837377562712,15.679405553465436,15.679405553465436
38,3793478080,96.0,-6.5,1.9840540179785384,-6.5,1.9837431033380928,19.02907523738354,19.02907523738354
39,3793478080,98.0,-6.5,1.9840540179785384,-6.5,1.9721289891575888,24.08916445287074,24.08916445287074
40,3793478080,100.0,-6.5,1.9840540179785384,-6.5,1.9632886420280775,28.187144039530008,28.187144039530008
41,3793478080,102.0,-6.5,1.9840540179785384,-6.5,1.966963754357541,30.17573199157632,30.17573199157632
42,3793478080,104.0,-6.5,1.9840540179785384,-6.5,1.9790702058517955,30.88447604169721,30.88447604169721
43,3793478080,106.0,-6.5,1.9840540179785384,-6.5,1.990689514175444,30.71857953703164,30.71857953703164
44,3793478080,108.0,-6.5,1.9840540179785384,-6.5,1.99641751451112,30.18198514037737,30.18198514037737
45,3793478080,110.0,-6.5,1.9840540179785384,-6.5,1.996442337988152,29.89645431102656,29.89645431102656
46,3793478080,112.0,-6.5,1.9840540179785384,-6.5,1.993866444332999,29.929499147188007,29.929499147188007
47,3793478080,114.0,-6.5,1.9840540179785384,-6.5,1.9913475944608785,30.088421513392746,30.088421513392746
48,3793478080,116.0,-6.5,1.9840540179785384,-6.5,1.989853058910782,30.25943597297041,30.25943597297041
49,3793478080,118.0,-6.5,1.9840540179785384,-6.5,1.989229592271972,30.42310499030808,30.42310499030808
50,3793478080,120.0,-6.5,1.9840540179785384,-6.5,1.9890651223745288,30.578924182892845,30.578924182892845
51,3793478080,122.0,-6.5,1.9840540179785384,-6.5,1.989078762763328,30.73216631535718,30.73216631535718
52,3793478080,124.0,-6.5,1.9840540179785384,-6.5,1.9891459628990944,30.88510244081578,30.88510244081578
53,3793478080,126.0,-6.5,1.9840540179785384,-6.5,1.9892255210956584,31.038208720113264,31.038208720113264
54,3793478080,128.0,-6.5,1.9840540179785384,-6.5,1.9893067444622297,31.19122551943644,31.19122551943644
55,3793478080,130.0,-6.5,1.9840540179785384,-6.5,1.989387391066724,31.34407018535944,31.34407018535944
56,3793478080,132.0,-6.5,1.9840540179785384,-6.5,1.9894670649389263,31.496361563099672,31.496361563099672
57,3793478080,134.0,-6.5,1.9840540179785384,-6.5,1.989545698188231,31.64699872144765,31.64699872144765
58,3793478080,136.0,-6.5,1.9840540179785384,-6.5,1.9896232728696377,31.79568569193029,31.79568569193029
59,3793478080,138.0,-6.5,1.9840540179785384,-6.5,1.989699780581376,31.94221090956593,31.94221090956593
60,3793478080,140.0,-6.5,1.9840540179785384,-6.5,1.9897752169921468,32.0864306142971,32.0864306142971
61,3793478080,142.0,-6.5,1.9840540179785384,-6.5,1.9898495807844845,32.228252082874256,32.228252082874256
62,3793478080,144.0,-6.5,1.9840540179785384,-6.5,1.9899228733275975,32.36761949840832,32.36761949840832
63,3793478080,146.0,-6.5,1.9840540179785384,-6.5,1.98999509821594,32.50450297342299,32.50450297342299
64,3793478080,148.0,-6.5,1.9840540179785384,-6.5,1.990066261042299,32.638890394249486,32.638890394249486
65,3793478080,150.0,-6.5,1.9840540179785384,-6.5,1.9901363690648044,32.77078153409979,32.77078153409979
66,3793478080,152.0,-6.5,1.9840540179785384,-6.5,1.990205431008512,32.90044831036937,32.90044831036937
67,3793478080,154.0,-6.5,1.9840540179785384,-6.5,1.9902734568335472,33.02839501547592,33.02839501547592
68,3793478080,156.0,-6.5,1.9840540179785384,-6.5,1.990340457524316,33.154012549646694,33.154012549646694
69,3793478080,158.0,-6.5,1.9840540179785384,-6.5,1.9904064450112544,33.27731235497713,33.27731235497713
70,3793478080,160.0,-6.5,1.9840540179785384,-6.5,1.9904714319134107,33.39830688353106,33.39830688353106
71,3793478080,162.0,-6.5,1.9840540179785384,-6.5,1.9905354314898005,33.51700904114064,33.51700904114064
72,3793478080,164.0,-6.5,1.9840540179785384,-6.5,1.9905984575052131,33.633431841910095,33.633431841910095
73,3793478080,166.0,-6.5,1.9840540179785384,-6.5,1.990660524090072,33.74758819500813,33.74758819500813
74,3793478080,168.0,-6.5,1.9840540179785384,-6.5,1.990721645754272,33.85949078440406,33.85949078440406
75,3793478080,170.0,-6.5,1.9840540179785384,-6.5,1.990781837207672,33.96915200355569,33.96915200355569
76,3793478080,172.0,-6.5,1.9840540179785384,-6.5,1.9908411133422976,34.07658390091959,34.07658390091959
77,3793478080,174.0,-6.5,1.9840540179785384,-6.5,1.9908994891636345,34.182587968341394,34.182587968341394
78,3793478080,176.0,-6.5,1.9840540179785384,-6.5,1.9909569797382471,34.28780238491977,34.28780238491977
79,3793478080,178.0,-6.5,1.9840540179785384,-6.5,1.9910136001606649,34.390907138097944,34.390907138097944
80,3793478080,180.0,-6.5,1.9840540179785384,-6.5,1.991069365499892,34.49190964329004,34.49190964329004
0,1238921510,20.0,-6.5,1.9840540179785384,-6.5,2.0517634762918138,95.7644088615283,95.7644088615283
1,1238921510,22.0,-6.5,1.9840540179785384,-6.5,2.0366518173587185,84.45151978532404,84.45151978532404
2,1238921510,24.0,-6.5,1.9840540179785384,-6.5,2.025736850816632,75.15019019978189,75.15019019978189
3,1238921510,26.0,-6.5,1.9840540179785384,-6.5,2.017912060373805,67.40952419323122,67.40952419323122
4,1238921510,28.0,-6.5,1.9840540179785384,-6.5,2.0125178444151857,60.916702297253735,60.916702297253735
5,1238921510,30.0,-6.5,1.9840540179785384,-6.5,2.009315354132912,55.469909800652125,55.469909800652125
6,1238921510,32.0,-6.5,1.9840540179785384,-6.5,2.0087317412115357,50.97214900194453,50.97214900194453
7,1238921510,34.0,-6.5,1.9840540179785384,-6.5,2.0110323558460754,47.40033703609247,47.40033703609247
8,1238921510,36.0,-6.5,1.9840540179785384,-6.5,2.012472806437721,44.62777800407637,44.62777800407637
9,1238921510,38.0,-6.5,1.9840540179785384,-6.5,2.003275692643516,42.58687169302655,42.58687169302655
10,1238921510,40.0,-6.5,1.9840540179785384,-6.5,1.9757697590841208,41.872008509164615,41.872008509164615
11,1238921510,42.0,-6.5,1.9840540179785384,-6.0,1.5405963055475245,62.366702976202205,65.37970947682285
12,1238921510,44.0,-6.5,1.9840540179785384,-6.0,1.5260581707734848,59.64245677766323,64.25379058878006
13,1238921510,46.0,-6.5,1.9840540179785384,-6.0,1.547055823312439,51.572299576533865,58.12836319517308
14,1238921510,48.0,-6.5,1.9840540179785384,-6.5,2.006804385018545,11.53349375940372,11.53349375940372
15,1238921510,50.0,-6.5,1.9840540179785384,-6.5,2.029740983984267,9.000391835560686,9.000391835560686
16,1238921510,52.0,-6.5,1.9840540179785384,-6.5,1.9865788762222625,6.229887738259911,6.229887738259911
17,1238921510,54.0,-6.5,1.9840540179785384,-6.0,1.561868937303638,51.10313461707136,54.90573532030242
18,1238921510,56.0,-6.5,1.9840540179785384,-6.5,1.9681336426108529,6.678293720947091,6.678293720947091
19,1238921510,58.0,-6.5,1.9840540179785384,-6.5,1.9906265547566315,8.22607996491482,8.22607996491482
20,1238921510,60.0,-6.5,1.9840540179785384,-6.5,1.995810330294103,9.270235476388036,9.270235476388036
21,1238921510,62.0,-6.5,1.9840540179785384,-6.5,1.9798116873822331,9.982174311474653,9.982174311474653
22,1238921510,64.0,-6.5,1.9840540179785384,-6.5,1.9646490366521208,11.076068782838387,11.076068782838387
23,1238921510,66.0,-6.5,1.9840540179785384,-6.5,1.9626869158063975,11.21538078566585,11.21538078566585
24,1238921510,68.0,-6.5,1.9840540179785384,-6.5,1.969052151831601,10.2439645570006,10.2439645570006
25,1238921510,70.0,-6.5,1.9840540179785384,-6.5,1.9748934026573748,9.131037212317256,9.131037212317256
26,1238921510,72.0,-6.5,1.9840540179785384,-6.5,1.974723107998916,8.042634238435568,8.042634238435568
27,1238921510,74.0,-6.5,1.9840540179785384,-6.5,1.974335259557,6.269915811728604,6.269915811728604
28,1238921510,76.0,-6.5,1.9840540179785384,-6.5,1.9849536562696493,4.508084856385322,4.508084856385322
29,1238921510,78.0,-6.5,1.9840540179785384,-6.5,1.9960920235300248,4.159791687349388,4.159791687349388
30,1238921510,80.0,-6.5,1.9840540179785384,-6.5,1.986589062245052,4.083081686421064,4.083081686421064
31,1238921510,82.0,-6.5,1.9840540179785384,-6.5,1.9705901621843431,3.928348100462098,3.928348100462098
32,1238921510,84.0,-6.5,1.9840540179785384,-6.5,1.9735949683465912,4.503738480666193,4.503738480666193
33,1238921510,86.0,-6.5,1.9840540179785384,-6.5,1.9914539183349709,5.88873754974136,5.88873754974136
34,1238921510,88.0,-6.5,1.9840540179785384,-6.5,1.996951189082449,6.638729749819596,6.638729749819596
35,1238921510,90.0,-6.5,1.9840540179785384,-6.5,1.983605356635323,7.847053248235873,7.847053248235873
36,1238921510,92.0,-6.5,1.9840540179785384,-6.5,1.977856917437868,12.069191263264202,12.069191263264202
37,1238921510,94.0,-6.5,1.9840540179785384,-6.5,1.9841837377562712,15.679405553465436,15.679405553465436
38,1238921510,96.0,-6.5,1.9840540179785384,-6.5,1.9837431033380928,19.02907523738354,19.02907523738354
39,1238921510,98.0,-6.5,1.9840540179785384,-6.5,1.9721289891575888,24.08916445287074,24.08916445287074
40,1238921510,100.0,-6.5,1.9840540179785384,-6.5,1.9632886420280775,28.187144039530008,28.187144039530008
41,1238921510,102.0,-6.5,1.9840540179785384,-6.5,1.966963754357541,30.17573199157632,30.17573199157632
42,1238921510,104.0,-6.5,1.9840540179785384,-6.5,1.9790702058517955,30.88447604169721,30.88447604169721
43,1238921510,106.0,-6.5,1.9840540179785384,-6.5,1.990689514175444,30.71857953703164,30.71857953703164
44,1238921510,108.0,-6.5,1.9840540179785384,-6.5,1.99641751451112,30.18198514037737,30.18198514037737
45,1238921510,110.0,-6.5,1.9840540179785384,-6.5,1.996442337988152,29.89645431102656,29.89645431102656
46,1238921510,112.0,-6.5,1.9840540179785384,-6.5,1.993866444332999,29.929499147188007,29.929499147188007
47,1238921510,114.0,-6.5,1.9840540179785384,-6.5,1.9913475944608785,30.088421513392746,30.088421513392746
48,1238921510,116.0,-6.5,1.9840540179785384,-6.5,1.989853058910782,30.25943597297041,30.25943597297041
49,1238921510,118.0,-6.5,1.9840540179785384,-6.5,1.989229592271972,30.42310499030808,30.42310499030808
50,1238921510,120.0,-6.5,1.9840540179785384,-6.5,1.9890651223745288,30.578924182892845,30.578924182892845
51,1238921510,122.0,-6.5,1.9840540179785384,-6.5,1.989078762763328,30.73216631535718,30.73216631535718
52,1238921510,124.0,-6.5,1.9840540179785384,-6.5,1.9891459628990944,30.88510244081578,30.88510244081578
53,1238921510,126.0,-6.5,1.9840540179785384,-6.5,1.9892255210956584,31.038208720113264,31.038208720113264
54,1238921510,128.0,-6.5,1.9840540179785384,-6.5,1.9893067444622297,31.19122551943644,31.19122551943644
55,1238921510,130.0,-6.5,1.9840540179785384,-6.5,1.989387391066724,31.34407018535944,31.34407018535944
56,1238921510,132.0,-6.5,1.9840540179785384,-6.5,1.9894670649389263,31.496361563099672,31.496361563099672
57,1238921510,134.0,-6.5,1.9840540179785384,-6.5,1.989545698188231,31.64699872144765,31.64699872144765
58,1238921510,136.0,-6.5,1.9840540179785384,-6.5,1.9896232728696377,31.79568569193029,31.79568569193029
59,1238921510,138.0,-6.5,1.9840540179785384,-6.5,1.989699780581376,31.94221090956593,31.94221090956593
60,1238921510,140.0,-6.5,1.9840540179785384,-6.5,1.9897752169921468,32.0864306142971,32.0864306142971
61,1238921510,142.0,-6.5,1.9840540179785384,-6.5,1.9898495807844845,32.228252082874256,32.228252082874256
62,1238921510,144.0,-6.5,1.9840540179785384,-6.5,1.9899228733275975,32.36761949840832,32.36761949840832
63,1238921510,146.0,-6.5,1.9840540179785384,-6.5,1.98999509821594,32.50450297342299,32.50450297342299
64,1238921510,148.0,-6.5,1.9840540179785384,-6.5,1.990066261042299,32.638890394249486,32.638890394249486
65,1238921510,150.0,-6.5,1.9840540179785384,-6.5,1.9901363690648044,32.77078153409979,32.77078153409979
66,1238921510,152.0,-6.5,1.9840540179785384,-6.5,1.990205431008512,32.90044831036937,32.90044831036937
67,1238921510,154.0,-6.5,1.9840540179785384,-6.5,1.9902734568335472,33.02839501547592,33.02839501547592
68,1238921510,156.0,-6.5,1.9840540179785384,-6.5,1.990340457524316,33.154012549646694,33.154012549646694
69,1238921510,158.0,-6.5,1.9840540179785384,-6.5,1.9904064450112544,33.27731235497713,33.27731235497713
70,1238921510,160.0,-6.5,1.9840540179785384,-6.5,1.9904714319134107,33.39830688353106,33.39830688353106
71,1238921510,162.0,-6.5,1.9840540179785384,-6.5,1.9905354314898005,33.51700904114064,33.51700904114064
72,1238921510,164.0,-6.5,1.9840540179785384,-6.5,1.9905984575052131,33.633431841910095,33.633431841910095
73,1238921510,166.0,-6.5,1.9840540179785384,-6.5,1.990660524090072,33.74758819500813,33.74758819500813
74,1238921510,168.0,-6.5,1.9840540179785384,-6.5,1.990721645754272,33.85949078440406,33.85949078440406
75,1238921510,170.0,-6.5,1.9840540179785384,-6.5,1.990781837207672,33.96915200355569,33.96915200355569
76,1238921510,172.0,-6.5,1.9840540179785384,-6.5,1.9908411133422976,34.07658390091959,34.07658390091959
77,1238921510,174.0,-6.5,1.9840540179785384,-6.5,1.9908994891636345,34.182587968341394,34.182587968341394
78,1238921510,176.0,-6.5,1.9840540179785384,-6.5,1.9909569797382471,34.28780238491977,34.28780238491977
79,1238921510,178.0,-6.5,1.9840540179785384,-6.5,1.9910136001606649,34.390907138097944,34.390907138097944
80,1238921510,180.0,-6.5,1.9840540179785384,-6.5,1.991069365499892,34.49190964329004,34.49190964329004
0,234059118,20.0,-5.5,1.2112494532334632,-5.5,1.2263882170948082,37.012780879968986,37.012780879968986
1,234059118,22.0,-5.5,1.2112494532334632,-5.5,1.222600394574794,32.607350374136104,32.607350374136104
2,234059118,24.0,-5.5,1.2112494532334632,-5.5,1.21990110838245,28.978039873898396,28.978039873898396
3,234059118,26.0,-5.5,1.2112494532334632,-5.5,1.2180518174014965,25.95450638676852,25.95450638676852
4,234059118,28.0,-5.5,1.2112494532334632,-5.5,1.2169778115292509,23.41041417149664,23.41041417149664
5,234059118,30.0,-5.5,1.2112494532334632,-5.5,1.2167290219145763,21.26071681495068,21.26071681495068
6,234059118,32.0,-5.5,1.2112494532334632,-5.5,1.217368576161289,19.45923320492982,19.45923320492982
7,234059118,34.0,-5.5,1.2112494532334632,-5.5,1.2184793906915958,18.000644954652316,18.000644954652316
8,234059118,36.0,-5.5,1.2112494532334632,-5.5,1.2181741750639323,16.91314074999631,16.91314074999631
9,234059118,38.0,-5.5,1.2112494532334632,-5.5,1.213051513214905,16.245085287425134,16.245085287425134
10,234059118,40.0,-5.5,1.2112494532334632,-5.5,1.2011185084120504,16.02176435059584,16.02176435059584
11,234059118,42.0,-5.5,1.2112494532334632,-5.5,1.1860574530287873,15.733894199413491,15.733894199413491
12,234059118,44.0,-5.5,1.2112494532334632,-5.5,1.1794044409198532,13.96604514537774,13.96604514537774
13,234059118,46.0,-5.5,1.2112494532334632,-5.5,1.1941333696476812,10.06887916065087,10.06887916065087
14,234059118,48.0,-5.5,1.2112494532334632,-5.5,1.2223534156356926,6.80056239932116,6.80056239932116
15,234059118,50.0,-5.5,1.2112494532334632,-5.5,1.233542997062366,5.735454244445674,5.735454244445674
16,234059118,52.0,-5.5,1.2112494532334632,-5.5,1.2194552919368165,4.611517444964325,4.611517444964325
17,234059118,54.0,-5.5,1.2112494532334632,-5.5,1.2038822563999352,4.105220055932356,4.105220055932356
18,234059118,56.0,-5.5,1.2112494532334632,-5.5,1.201997668296939,4.494985949044387,4.494985949044387
19,234059118,58.0,-5.5,1.2112494532334632,-5.5,1.2086485254081505,5.216397984096713,5.216397984096713
20,234059118,60.0,-5.5,1.2112494532334632,-5.5,1.2129546031296892,5.744279606774607,5.744279606774607
21,234059118,62.0,-5.5,1.2112494532334632,-5.5,1.2099650755977496,6.068644168347503,6.068644168347503
22,234059118,64.0,-5.5,1.2112494532334632,-5.5,1.203807996447422,6.455391063778115,6.455391063778115
23,234059118,66.0,-5.5,1.2112494532334632,-5.5,1.1999882566279854,6.504647743514842,6.504647743514842
24,234059118,68.0,-5.5,1.2112494532334632,-5.5,1.199429399744684,6.090261280090589,6.090261280090589
25,234059118,70.0,-5.5,1.2112494532334632,-5.5,1.2003311465662048,5.574738070578516,5.574738070578516
26,234059118,72.0,-5.5,1.2112494532334632,-5.5,1.202180596489556,4.984423965886494,4.984423965886494
27,234059118,74.0,-5.5,1.2112494532334632,-5.5,1.207047764330912,4.089988804375572,4.089988804375572
28,234059118,76.0,-5.5,1.2112494532334632,-5.5,1.2149526229678709,3.273979922240666,3.273979922240666
29,234059118,78.0,-5.5,1.2112494532334632,-5.5,1.2186293442455214,3.081511649684495,3.081511649684495
30,234059118,80.0,-5.5,1.2112494532334632,-5.5,1.212592766671409,2.9830095582400893,2.9830095582400893
31,234059118,82.0,-5.5,1.2112494532334632,-5.5,1.2048129985426077,2.909726674532675,2.909726674532675
32,234059118,84.0,-5.5,1.2112494532334632,-5.5,1.2053546917941256,3.347651220871807,3.347651220871807
33,234059118,86.0,-5.5,1.2112494532334632,-5.5,1.212671558622805,4.139090036361376,4.139090036361376
34,234059118,88.0,-5.5,1.2112494532334632,-5.5,1.216879939455252,4.605304373730365,4.605304373730365
35,234059118,90.0,-5.5,1.2112494532334632,-5.5,1.2134182605325272,5.227016228345061,5.227016228345061
36,234059118,92.0,-5.5,1.2112494532334632,-5.5,1.2084821359215854,6.839669541298063,6.839669541298063
37,234059118,94.0,-5.5,1.2112494532334632,-5.5,1.2064629151236614,8.228990447461346,8.228990447461346
38,234059118,96.0,-5.5,1.2112494532334632,-5.5,1.205359223229428,9.164159537544204,9.164159537544204
39,234059118,98.0,-5.5,1.2112494532334632,-5.5,1.2037498746668518,10.198942353803588,10.198942353803588
40,234059118,100.0,-5.5,1.2112494532334632,-5.5,1.2033294694103427,11.016114255838517,11.016114255838517
41,234059118,102.0,-5.5,1.2112494532334632,-5.5,1.2055278300474164,11.35868058046289,11.35868058046289
42,234059118,104.0,-5.5,1.2112494532334632,-5.5,1.2092288984954127,11.380730321906547,11.380730321906547
43,234059118,106.0,-5.5,1.2112494532334632,-5.5,1.2122104605507604,11.261609050119848,11.261609050119848
44,234059118,108.0,-5.5,1.2112494532334632,-5.5,1.2133322605442534,11.14944607573948,11.14944607573948
45,234059118,110.0,-5.5,1.2112494532334632,-5.5,1.2129738397872956,11.119820995331365,11.119820995331365
46,234059118,112.0,-5.5,1.2112494532334632,-5.5,1.2120945630579814,11.153575130986711,11.153575130986711
47,234059118,114.0,-5.5,1.2112494532334632,-5.5,1.2113599730683036,11.210312061371791,11.210312061371791
48,234059118,116.0,-5.5,1.2112494532334632,-5.5,1.210951235837707,11.270917855380183,11.270917855380183
49,234059118,118.0,-5.5,1.2112494532334632,-5.5,1.2107862545438777,11.331608993941591,11.331608993941591
50,234059118,120.0,-5.5,1.2112494532334632,-5.5,1.210743265237876,11.39205137998612,11.39205137998612
51,234059118,122.0,-5.5,1.2112494532334632,-5.5,1.2107462755712626,11.452886434625684,11.452886434625684
52,234059118,124.0,-5.5,1.2112494532334632,-5.5,1.2107628580423226,11.514225370266464,11.514225370266464
53,234059118,126.0,-5.5,1.2112494532334632,-5.5,1.2107825289320164,11.5758845249676,11.5758845249676
54,234059118,128.0,-5.5,1.2112494532334632,-5.5,1.2108026110529078,11.63777302881231,11.63777302881231
55,234059118,130.0,-5.5,1.2112494532334632,-5.5,1.2108225499609682,11.69974963043806,11.69974963043806
56,234059118,132.0,-5.5,1.2112494532334632,-5.5,1.2108422486402586,11.761209698221268,11.761209698221268
57,234059118,134.0,-5.5,1.2112494532334632,-5.5,1.2108616904048102,11.821988395596716,11.821988395596716
58,234059118,136.0,-5.5,1.2112494532334632,-5.5,1.210880870880843,11.881965609047796,11.881965609047796
59,234059118,138.0,-5.5,1.2112494532334632,-5.5,1.2108997879839474,11.941057718813184,11.941057718813184
60,234059118,140.0,-5.5,1.2112494532334632,-5.5,1.2109184406235705,11.999209122762773,11.999209122762773
61,234059118,142.0,-5.5,1.2112494532334632,-5.5,1.2109368284544255,12.056384885396398,12.056384885396398
62,234059118,144.0,-5.5,1.2112494532334632,-5.5,1.2109549517967209,12.112564869157737,12.112564869157737
63,234059118,146.0,-5.5,1.2112494532334632,-5.5,1.2109728115248093,12.167739266838003,12.167739266838003
64,234059118,148.0,-5.5,1.2112494532334632,-5.5,1.210990409002866,12.221905314480342,12.221905314480342
65,234059118,150.0,-5.5,1.2112494532334632,-5.5,1.2110077460180402,12.275064913422687,12.275064913422687
66,234059118,152.0,-5.5,1.2112494532334632,-5.5,1.211024824684939,12.327222973330963,12.327222973330963
67,234059118,154.0,-5.5,1.2112494532334632,-5.5,1.211041647477082,12.378386257451352,12.378386257451352
68,234059118,156.0,-5.5,1.2112494532334632,-5.5,1.211058217089631,12.428562601954408,12.428562601954408
69,234059118,158.0,-5.5,1.2112494532334632,-5.5,1.2110745364529556,12.477966039309482,12.477966039309482
70,234059118,160.0,-5.5,1.2112494532334632,-5.5,1.21109060868815,12.52668391710366,12.52668391710366
71,234059118,162.0,-5.5,1.2112494532334632,-5.5,1.211106437142553,12.574485540407512,12.574485540407512
72,234059118,164.0,-5.5,1.2112494532334632,-5.5,1.211122024883441,12.621377585994892,12.621377585994892
73,234059118,166.0,-5.5,1.2112494532334632,-5.5,1.2111373757440884,12.667366644023929,12.667366644023929
74,234059118,168.0,-5.5,1.2112494532334632,-5.5,1.211152493173637,12.712459071835855,12.712459071835855
75,234059118,170.0,-5.5,1.2112494532334632,-5.5,1.2111673808003507,12.756661057284916,12.756661057284916
76,234059118,172.0,-5.5,1.2112494532334632,-5.5,1.211182042293493,12.799978678902722,12.799978678902722
77,234059118,174.0,-5.5,1.2112494532334632,-5.5,1.2111964813549534,12.842417792065262,12.842417792065262
78,234059118,176.0,-5.5,1.2112494532334632,-5.5,1.2112107017004332,12.883984037912713,12.883984037912713
79,234059118,178.0,-5.5,1.2112494532334632,-5.5,1.2112247070512183,12.925216233901413,12.925216233901413
80,234059118,180.0,-5.5,1.2112494532334632,-5.5,1.2112385011223534,12.965918754336023,12.965918754336023
0,2664351965,20.0,-6.0,1.5768449483209428,-6.0,1.6092019045414745,59.88467307435542,59.88467307435542
1,2664351965,22.0,-6.0,1.5768449483209428,-6.0,1.6016534810848104,52.77978419786305,52.77978419786305
2,2664351965,24.0,-6.0,1.5768449483209428,-6.0,1.59624084636346,46.92997388334099,46.92997388334099
3,2664351965,26.0,-6.0,1.5768449483209428,-6.0,1.5924503249409914,42.054923612118415,42.054923612118415
4,2664351965,28.0,-6.0,1.5768449483209428,-6.0,1.5900488851218069,37.95757658503013,37.95757658503013
5,2664351965,30.0,-6.0,1.5768449483209428,-6.0,1.5890396649512095,34.502826310313026,34.502826310313026
6,2664351965,32.0,-6.0,1.5768449483209428,-6.0,1.5896027919380091,31.617501040095803,31.617501040095803
7,2664351965,34.0,-6.0,1.5768449483209428,-6.0,1.5913841422919144,29.30349927743944,29.30349927743944
8,2664351965,36.0,-6.0,1.5768449483209428,-6.0,1.5915825739968392,27.579090501253013,27.579090501253013
9,2664351965,38.0,-6.0,1.5768449483209428,-6.0,1.584430067533061,26.497181522048017,26.497181522048017
10,2664351965,40.0,-6.0,1.5768449483209428,-6.0,1.5659568142251068,26.20945263291774,26.20945263291774
11,2664351965,42.0,-6.0,1.5768449483209428,-6.0,1.5405963055475245,25.94234369604589,25.94234369604589
12,2664351965,44.0,-6.0,1.5768449483209428,-6.0,1.5260581707734848,22.875575247859278,22.875575247859278
13,2664351965,46.0,-6.0,1.5768449483209428,-6.0,1.547055823312439,15.319320645655251,15.319320645655251
14,2664351965,48.0,-6.0,1.5768449483209428,-6.0,1.5931561873504645,9.05930201058214,9.05930201058214
15,2664351965,50.0,-6.0,1.5768449483209428,-6.0,1.6092432045799527,7.380902949089097,7.380902949089097
16,2664351965,52.0,-6.0,1.5768449483209428,-6.0,1.5838987262688995,5.517677661260541,5.517677661260541
17,2664351965,54.0,-6.0,1.5768449483209428,-6.0,1.561868937303638,4.896387926427828,4.896387926427828
18,2664351965,56.0,-6.0,1.5768449483209428,-6.0,1.563962905735969,5.575391602649918,5.575391602649918
19,2664351965,58.0,-6.0,1.5768449483209428,-6.0,1.576993636589566,6.687617890262486,6.687617890262486
20,2664351965,60.0,-6.0,1.5768449483209428,-6.0,1.5825099241024752,7.479086648643466,7.479086648643466
21,2664351965,62.0,-6.0,1.5768449483209428,-6.0,1.5749389755090426,7.988625679799451,7.988625679799451
22,2664351965,64.0,-6.0,1.5768449483209428,-6.0,1.564729571795766,8.666234323468123,8.666234323468123
23,2664351965,66.0,-6.0,1.5768449483209428,-6.0,1.5609557926156508,8.746893276183409,8.746893276183409
24,2664351965,68.0,-6.0,1.5768449483209428,-6.0,1.5627689550876356,8.086497399735883,8.086497399735883
25,2664351965,70.0,-6.0,1.5768449483209428,-6.0,1.5654167893235855,7.313912251461713,7.313912251461713
26,2664351965,72.0,-6.0,1.5768449483209428,-6.0,1.5667511944919712,6.490516391696865,6.490516391696865
27,2664351965,74.0,-6.0,1.5768449483209428,-6.0,1.5704525176738997,5.182961475839141,5.182961475839141
28,2664351965,76.0,-6.0,1.5768449483209428,-6.0,1.579980570983875,3.928212918678705,3.928212918678705
29,2664351965,78.0,-6.0,1.5768449483209428,-6.0,1.5861662161053605,3.6530030647563354,3.6530030647563354
30,2664351965,80.0,-6.0,1.5768449483209428,-6.0,1.5784023717925182,3.5473160285029075,3.5473160285029075
31,2664351965,82.0,-6.0,1.5768449483209428,-6.0,1.5675318114589432,3.4277540697396263,3.4277540697396263
32,2664351965,84.0,-6.0,1.5768449483209428,-6.0,1.5691241295994334,3.956351656312855,3.956351656312855
33,2664351965,86.0,-6.0,1.5768449483209428,-6.0,1.5805640999549366,5.043498106935747,5.043498106935747
34,2664351965,88.0,-6.0,1.5768449483209428,-6.0,1.5857565130060778,5.662005651794331,5.662005651794331
35,2664351965,90.0,-6.0,1.5768449483209428,-6.0,1.5789063907375425,6.582566601520084,6.582566601520084
36,2664351965,92.0,-6.0,1.5768449483209428,-6.0,1.5728640179791202,9.333971267950218,9.333971267950218
37,2664351965,94.0,-6.0,1.5768449483209428,-6.0,1.5728873283672942,11.69332419751576,11.69332419751576
38,2664351965,96.0,-6.0,1.5768449483209428,-6.0,1.5719594161534325,13.514808609289013,13.514808609289013
39,2664351965,98.0,-6.0,1.5768449483209428,-6.0,1.567445087711539,15.866370464605904,15.866370464605904
40,2664351965,100.0,-6.0,1.5768449483209428,-6.0,1.5645285287402837,17.761743576420407,17.761743576420407
41,2664351965,102.0,-6.0,1.5768449483209428,-6.0,1.567301493963273,18.631301534948346,18.631301534948346
42,2664351965,104.0,-6.0,1.5768449483209428,-6.0,1.573871581193861,18.815366879529144,18.815366879529144
43,2664351965,106.0,-6.0,1.5768449483209428,-6.0,1.579759156663017,18.62480663684384,18.62480663684384
44,2664351965,108.0,-6.0,1.5768449483209428,-6.0,1.5823547025359377,18.363869844980435,18.363869844980435
45,2664351965,110.0,-6.0,1.5768449483209428,-6.0,1.5820300744729094,18.262255087228013,18.262255087228013
46,2664351965,112.0,-6.0,1.5768449483209428,-6.0,1.5805198953304556,18.304244879026484,18.304244879026484
47,2664351965,114.0,-6.0,1.5768449483209428,-6.0,1.579162674778242,18.40001084586028,18.40001084586028
48,2664351965,116.0,-6.0,1.5768449483209428,-6.0,1.5783842550798997,18.50225679513681,18.50225679513681
49,2664351965,118.0,-6.0,1.5768449483209428,-6.0,1.5780651923355629,18.600857366240103,18.600857366240103
50,2664351965,120.0,-6.0,1.5768449483209428,-6.0,1.57798166129359,18.699050715965967,18.699050715965967
51,2664351965,122.0,-6.0,1.5768449483209428,-6.0,1.5779881349987288,18.797055170192525,18.797055170192525
52,2664351965,124.0,-6.0,1.5768449483209428,-6.0,1.5780213957152462,18.8953744529347,18.8953744529347
53,2664351965,126.0,-6.0,1.5768449483209428,-6.0,1.5780607887539693,18.99397761249972,18.99397761249972
54,2664351965,128.0,-6.0,1.5768449483209428,-6.0,1.5781010012707095,19.09254727313077,19.09254727313077
55,2664351965,130.0,-6.0,1.5768449483209428,-6.0,1.5781409268666404,19.19071492112309,19.19071492112309
56,2664351965,132.0,-6.0,1.5768449483209428,-6.0,1.5781803712227154,19.288151925238772,19.288151925238772
57,2664351965,134.0,-6.0,1.5768449483209428,-6.0,1.5782193008257586,19.3845965633639,19.3845965633639
58,2664351965,136.0,-6.0,1.5768449483209428,-6.0,1.5782577068911332,19.47985408356304,19.47985408356304
59,2664351965,138.0,-6.0,1.5768449483209428,-6.0,1.5782955852817968,19.573786596650464,19.573786596650464
60,2664351965,140.0,-6.0,1.5768449483209428,-6.0,1.5783329338102323,19.666300664720623,19.666300664720623
61,2664351965,142.0,-6.0,1.5768449483209428,-6.0,1.5783697518137856,19.757335931388457,19.757335931388457
62,2664351965,144.0,-6.0,1.5768449483209428,-6.0,1.5784060399348794,19.846855855425147,19.846855855425147
63,2664351965,146.0,-6.0,1.5768449483209428,-6.0,1.578441799942173,19.93484059802104,19.93484059802104
64,2664351965,148.0,-6.0,1.5768449483209428,-6.0,1.5784770345742245,20.021281778499414,20.021281778499414
65,2664351965,150.0,-6.0,1.5768449483209428,-6.0,1.5785117474106545,20.106178656277677,20.106178656277677
66,2664351965,152.0,-6.0,1.5768449483209428,-6.0,1.5785459427412594,20.18953548714035,20.18953548714035
67,2664351965,154.0,-6.0,1.5768449483209428,-6.0,1.578579625489755,20.271359663020288,20.271359663020288
68,2664351965,156.0,-6.0,1.5768449483209428,-6.0,1.5786128010856328,20.35166045499604,20.35166045499604
69,2664351965,158.0,-6.0,1.5768449483209428,-6.0,1.5786454753635024,20.430448183747504,20.430448183747504
70,2664351965,160.0,-6.0,1.5768449483209428,-6.0,1.578677654610169,20.50773366964767,20.50773366964767
71,2664351965,162.0,-6.0,1.5768449483209428,-6.0,1.5787093453533243,20.58352788737785,20.58352788737785
72,2664351965,164.0,-6.0,1.5768449483209428,-6.0,1.5787405543975803,20.657841750878195,20.657841750878195
73,2664351965,166.0,-6.0,1.5768449483209428,-6.0,1.578771288704384,20.730686028243547,20.730686028243547
74,2664351965,168.0,-6.0,1.5768449483209428,-6.0,1.5788015554611423,20.80207112079539,20.80207112079539
75,2664351965,170.0,-6.0,1.5768449483209428,-6.0,1.5788313619269352,20.872652989312297,20.872652989312297
76,2664351965,172.0,-6.0,1.5768449483209428,-6.0,1.57886071546319,20.94236520203516,20.94236520203516
77,2664351965,174.0,-6.0,1.5768449483209428,-6.0,1.5788896234851688,21.010705425566613,21.010705425566613
78,2664351965,176.0,-6.0,1.5768449483209428,-6.0,1.578918093449125,21.077680601261136,21.077680601261136
79,2664351965,178.0,-6.0,1.5768449483209428,-6.0,1.5789461327905931,21.14329747288517,21.14329747288517
80,2664351965,180.0,-6.0,1.5768449483209428,-6.0,1.5789737489792848,21.20756261708274,21.20756261708274
0,655848720,20.0,-9.5,7.259618950669334,-9.5,8.843994104632268,887.358624604298,887.358624604298
1,655848720,22.0,-9.5,7.259618950669334,-9.5,8.629742255139918,815.711055704788,815.711055704788
2,655848720,24.0,-9.5,7.259618950669334,-9.5,8.477421838291692,760.0397742218748,760.0397742218748
3,655848720,26.0,-9.5,7.259618950669334,-9.5,8.366914156379536,718.4170029515885,718.4170029515885
4,655848720,28.0,-9.5,7.259618950669334,-9.5,8.2602371261694,694.0625119378421,694.0625119378421
5,655848720,30.0,-9.5,7.259618950669334,-9.5,8.10178910303701,697.9641355138134,697.9641355138134
6,655848720,32.0,-9.5,7.259618950669334,-9.0,6.090742402943865,504.8564652496209,504.8564652496209
7,655848720,34.0,-9.5,7.259618950669334,-9.0,6.01947193350977,520.5617655217225,520.5617655217225
8,655848720,36.0,-9.5,7.259618950669334,-9.5,7.782817754468041,697.7910638056924,697.7910638056924
9,655848720,38.0,-9.5,7.259618950669334,-9.5,7.839589571648287,435.5417431282998,435.5417431282998
10,655848720,40.0,-9.5,7.259618950669334,-9.5,7.784845774698476,240.9754934592469,240.9754934592469
11,655848720,42.0,-9.5,7.259618950669334,-9.5,7.514259445685167,196.6236610109022,196.6236610109022
12,655848720,44.0,-9.5,7.259618950669334,-9.5,7.097026941117231,198.39623944237445,198.39623944237445
13,655848720,46.0,-9.5,7.259618950669334,-9.0,5.394305826212608,130.3919682464841,130.3919682464841
14,655848720,48.0,-9.5,7.259618950669334,-9.5,7.306159730243656,21.76859751853772,22.74580927085981
15,655848720,50.0,-9.5,7.259618950669334,-9.5,7.440087637872206,12.872507825706798,17.614989470389375
16,655848720,52.0,-9.5,7.259618950669334,-9.5,7.096709550579849,9.79986184733755,9.79986184733755
17,655848720,54.0,-9.5,7.259618950669334,-9.5,7.142317211238219,10.759383786053208,10.759383786053208
18,655848720,56.0,-9.5,7.259618950669334,-9.5,7.3568272972660225,12.69881493536785,12.69881493536785
19,655848720,58.0,-9.5,7.259618950669334,-9.5,7.348048524016112,15.396802041237848,15.396802041237848
20,655848720,60.0,-9.5,7.259618950669334,-9.5,7.147979085901269,15.9204448029649,15.9204448029649
21,655848720,62.0,-9.5,7.259618950669334,-9.5,7.208219407276068,17.495085407263574,17.495085407263574
22,655848720,64.0,-9.5,7.259618950669334,-9.5,7.369727797493252,24.050673861872305,24.050673861872305
23,655848720,66.0,-9.5,7.259618950669334,-9.5,7.294506967759743,25.728638559259885,25.728638559259885
24,655848720,68.0,-9.5,7.259618950669334,-9.5,7.128490286377998,21.33751770089477,21.33751770089477
25,655848720,70.0,-9.5,7.259618950669334,-9.5,7.1977362951228265,17.497312052412862,17.497312052412862
26,655848720,72.0,-9.5,7.259618950669334,-9.5,7.375863425078897,14.801501784664254,14.801501784664254
27,655848720,74.0,-9.5,7.259618950669334,-9.5,7.275771683906388,10.2810280343167,10.2810280343167
28,655848720,76.0,-9.5,7.259618950669334,-9.5,7.127311318316723,6.20955626522423,6.20955626522423
29,655848720,78.0,-9.5,7.259618950669334,-9.5,7.296575476858263,6.108643456104144,6.108643456104144
30,655848720,80.0,-9.5,7.259618950669334,-9.5,7.360571176147174,6.619737780706947,6.619737780706947
31,655848720,82.0,-9.5,7.259618950669334,-9.5,7.135707299791303,6.406077284256959,6.406077284256959
32,655848720,84.0,-9.5,7.259618950669334,-9.5,7.126371197175924,6.6098537595648335,6.6098537595648335
33,655848720,86.0,-9.5,7.259618950669334,-9.5,7.381402632401319,9.128053432710937,9.128053432710937
34,655848720,88.0,-9.5,7.259618950669334,-9.5,7.348865678311592,11.608718723866584,11.608718723866584
35,655848720,90.0,-9.5,7.259618950669334,-9.5,7.074836662688012,13.291379206688111,13.291379206688111
36,655848720,92.0,-9.5,7.259618950669334,-9.5,7.217235138005007,25.69229519501458,25.69229519501458
37,655848720,94.0,-9.5,7.259618950669334,-9.5,7.508600126138391,32.4152241171649,36.90191100259072
38,655848720,96.0,-9.5,7.259618950669334,-9.0,5.837977604175979,120.38076269499588,120.38076269499588
39,655848720,98.0,-9.5,7.259618950669334,-9.5,6.900707002886315,167.85078748156965,167.85078748156965
40,655848720,100.0,-9.5,7.259618950669334,-10.0,9.067651944639795,201.69948314107052,201.69948314107052
41,655848720,102.0,-9.5,7.259618950669334,-10.0,9.649007585736026,274.64794434103266,350.94511100259456
42,655848720,104.0,-9.5,7.259618950669334,-10.0,10.122777505963024,512.9389489677601,512.9389489677601
43,655848720,106.0,-9.5,7.259618950669334,-9.5,7.8204547259271795,557.1856174479942,557.1856174479942
44,655848720,108.0,-9.5,7.259618950669334,-9.5,7.849055266843661,610.8274141253366,610.8274141253366
45,655848720,110.0,-9.5,7.259618950669334,-9.0,6.082498873809668,389.2275405541524,389.2275405541524
46,655848720,112.0,-9.5,7.259618950669334,-9.5,7.913315582934191,560.0398698004635,560.0398698004635
47,655848720,114.0,-9.5,7.259618950669334,-9.5,7.929104050231098,549.5420464673591,549.5420464673591
48,655848720,116.0,-9.5,7.259618950669334,-9.5,7.924132973314771,546.7069150200413,546.7069150200413
49,655848720,118.0,-9.5,7.259618950669334,-9.5,7.916321433039125,546.4207031751912,546.4207031751912
50,655848720,120.0,-9.5,7.259618950669334,-9.5,7.912488125669772,546.8589432305661,546.8589432305661
51,655848720,122.0,-9.5,7.259618950669334,-9.5,7.911857570373871,547.4468661697493,547.4468661697493
52,655848720,124.0,-9.5,7.259618950669334,-9.5,7.912605850616769,548.0288652956223,548.0288652956223
53,655848720,126.0,-9.5,7.259618950669334,-9.5,7.913765335892639,548.5820724312109,548.5820724312109
54,655848720,128.0,-9.5,7.259618950669334,-9.5,7.91500885499735,549.1135832460889,549.1135832460889
55,655848720,130.0,-9.5,7.259618950669334,-9.5,7.9162549305118,549.6310939495256,549.6310939495256
56,655848720,132.0,-9.5,7.259618950669334,-9.5,7.91748763155813,550.1380885635587,550.1380885635587
57,655848720,134.0,-9.5,7.259618950669334,-9.5,7.918704315041291,550.635013206107,550.635013206107
58,655848720,136.0,-9.5,7.259618950669334,-9.5,7.919904502124448,551.1460596506039,551.1460596506039
59,655848720,138.0,-9.5,7.259618950669334,-9.5,7.921088054513593,551.6661735657582,551.6661735657582
60,655848720,140.0,-9.5,7.259618950669334,-9.5,7.922254904300449,552.1740265448269,552.1740265448269
61,655848720,142.0,-9.5,7.259618950669334,-9.5,7.923405039744872,552.6683937918967,552.6683937918967
62,655848720,144.0,-9.5,7.259618950669334,-9.5,7.92453848315277,553.1482320135775,553.1482320135775
63,655848720,146.0,-9.5,7.259618950669334,-9.5,7.925655301610178,553.6126544346284,553.6126544346284
64,655848720,148.0,-9.5,7.259618950669334,-9.5,7.92675557751815,554.0712417277414,554.0712417277414
65,655848720,150.0,-9.5,7.259618950669334,-9.5,7.927839436033525,554.557093805279,554.557093805279
66,655848720,152.0,-9.5,7.259618950669334,-9.5,7.928907017954835,555.0266223690305,555.0266223690305
67,655848720,154.0,-9.5,7.259618950669334,-9.5,7.929958476099385,555.479252308018,555.479252308018
68,655848720,156.0,-9.5,7.259618950669334,-9.5,7.930993989471018,555.9144591465363,555.9144591465363
69,655848720,158.0,-9.5,7.259618950669334,-9.5,7.932013743808935,556.331760007418,556.331760007418
70,655848720,160.0,-9.5,7.259618950669334,-9.5,7.933017940521284,556.7683326888728,556.7683326888728
71,655848720,162.0,-9.5,7.259618950669334,-9.5,7.934006790032854,557.209091741265,557.209091741265
72,655848720,164.0,-9.5,7.259618950669334,-9.5,7.934980505176195,557.6315403738556,557.6315403738556
73,655848720,166.0,-9.5,7.259618950669334,-9.5,7.93593931367338,558.0352735114243,558.0352735114243
74,655848720,168.0,-9.5,7.259618950669334,-9.5,7.936883441190696,558.4199040098371,558.4199040098371
75,655848720,170.0,-9.5,7.259618950669334,-9.5,7.937813116307237,558.818404893735,558.818404893735
76,655848720,172.0,-9.5,7.259618950669334,-9.5,7.938730824257649,559.2285191114769,559.2285191114769
77,655848720,174.0,-9.5,7.259618950669334,-9.5,7.939630057655228,559.619200480959,559.619200480959
78,655848720,176.0,-9.5,7.259618950669334,-9.5,7.940517786928632,559.9901112942629,559.9901112942629
79,655848720,178.0,-9.5,7.259618950669334,-9.5,7.941392014080544,560.3409315462529,560.3409315462529
80,655848720,180.0,-9.5,7.259618950669334,-9.5,7.94225296714035,560.7194169820664,560.7194169820664
0,3958505628,20.0,-6.5,1.9840540179785384,-6.5,2.0517634762918138,95.7644088615283,95.7644088615283
1,3958505628,22.0,-6.5,1.9840540179785384,-6.5,2.0366518173587185,84.45151978532404,84.45151978532404
2,3958505628,24.0,-6.5,1.9840540179785384,-6.5,2.025736850816632,75.15019019978189,75.15019019978189
3,3958505628,26.0,-6.5,1.9840540179785384,-6.5,2.017912060373805,67.40952419323122,67.40952419323122
4,3958505628,28.0,-6.5,1.9840540179785384,-6.5,2.0125178444151857,60.916702297253735,60.916702297253735
5,3958505628,30.0,-6.5,1.9840540179785384,-6.5,2.009315354132912,55.469909800652125,55.469909800652125
6,3958505628,32.0,-6.5,1.9840540179785384,-6.5,2.0087317412115357,50.97214900194453,50.97214900194453
7,3958505628,34.0,-6.5,1.9840540179785384,-6.5,2.0110323558460754,47.40033703609247,47.40033703609247
8,3958505628,36.0,-6.5,1.9840540179785384,-6.5,2.012472806437721,44.62777800407637,44.62777800407637
9,3958505628,38.0,-6.5,1.9840540179785384,-6.5,2.003275692643516,42.58687169302655,42.58687169302655
10,3958505628,40.0,-6.5,1.9840540179785384,-6.5,1.9757697590841208,41.872008509164615,41.872008509164615
11,3958505628,42.0,-6.5,1.9840540179785384,-6.5,1.9343667621369045,41.6981002371185,41.6981002371185
12,3958505628,44.0,-6.5,1.9840540179785384,-6.5,1.9045924827134808,36.74447845835083,36.74447845835083
13,3958505628,46.0,-6.5,1.9840540179785384,-6.5,1.9323101944585277,22.94594908296509,22.94594908296509
14,3958505628,48.0,-6.5,1.9840540179785384,-6.5,2.006804385018545,11.53349375940372,11.53349375940372
15,3958505628,50.0,-6.5,1.9840540179785384,-6.5,2.029740983984267,9.000391835560686,9.000391835560686
16,3958505628,52.0,-6.5,1.9840540179785384,-6.5,1.9865788762222625,6.229887738259911,6.229887738259911
17,3958505628,54.0,-6.5,1.9840540179785384,-6.5,1.957716806682279,5.648262612620376,5.648262612620376
18,3958505628,56.0,-6.5,1.9840540179785384,-6.5,1.9681336426108529,6.678293720947091,6.678293720947091
19,3958505628,58.0,-6.5,1.9840540179785384,-6.5,1.9906265547566315,8.22607996491482,8.22607996491482
20,3958505628,60.0,-6.5,1.9840540179785384,-6.5,1.995810330294103,9.270235476388036,9.270235476388036
21,3958505628,62.0,-6.5,1.9840540179785384,-6.5,1.9798116873822331,9.982174311474653,9.982174311474653
22,3958505628,64.0,-6.5,1.9840540179785384,-6.5,1.9646490366521208,11.076068782838387,11.076068782838387
23,3958505628,66.0,-6.5,1.9840540179785384,-6.5,1.9626869158063975,11.21538078566585,11.21538078566585
24,3958505628,68.0,-6.5,1.9840540179785384,-6.5,1.969052151831601,10.2439645570006,10.2439645570006
25,3958505628,70.0,-6.5,1.9840540179785384,-6.5,1.9748934026573748,9.131037212317256,9.131037212317256
26,3958505628,72.0,-6.5,1.9840540179785384,-6.5,1.974723107998916,8.042634238435568,8.042634238435568
27,3958505628,74.0,-6.5,1.9840540179785384,-6.5,1.974335259557,6.269915811728604,6.269915811728604
28,3958505628,76.0,-6.5,1.9840540179785384,-6.5,1.9849536562696493,4.508084856385322,4.508084856385322
29,3958505628,78.0,-6.5,1.9840540179785384,-6.5,1.9960920235300248,4.159791687349388,4.159791687349388
30,3958505628,80.0,-6.5,1.9840540179785384,-6.5,1.986589062245052,4.083081686421064,4.083081686421064
31,3958505628,82.0,-6.5,1.9840540179785384,-6.5,1.9705901621843431,3.928348100462098,3.928348100462098
32,3958505628,84.0,-6.5,1.9840540179785384,-6.5,1.9735949683465912,4.503738480666193,4.503738480666193
33,3958505628,86.0,-6.5,1.9840540179785384,-7.0,2.461385225005159,46.11803312610784,52.65482668173336
34,3958505628,88.0,-6.5,1.9840540179785384,-6.5,1.996951189082449,6.638729749819596,6.638729749819596
35,3958505628,90.0,-6.5,1.9840540179785384,-6.5,1.983605356635323,7.847053248235873,7.847053248235873
36,3958505628,92.0,-6.5,1.9840540179785384,-6.5,1.977856917437868,12.069191263264202,12.069191263264202
37,3958505628,94.0,-6.5,1.9840540179785384,-6.5,1.9841837377562712,15.679405553465436,15.679405553465436
38,3958505628,96.0,-6.5,1.9840540179785384,-6.5,1.9837431033380928,19.02907523738354,19.02907523738354
39,3958505628,98.0,-6.5,1.9840540179785384,-6.5,1.9721289891575888,24.08916445287074,24.08916445287074
40,3958505628,100.0,-6.5,1.9840540179785384,-6.5,1.9632886420280775,28.187144039530008,28.187144039530008
41,3958505628,102.0,-6.5,1.9840540179785384,-6.5,1.966963754357541,30.17573199157632,30.17573199157632
42,3958505628,104.0,-6.5,1.9840540179785384,-6.5,1.9790702058517955,30.88447604169721,30.88447604169721
43,3958505628,106.0,-6.5,1.9840540179785384,-6.5,1.990689514175444,30.71857953703164,30.71857953703164
44,3958505628,108.0,-6.5,1.9840540179785384,-6.5,1.99641751451112,30.18198514037737,30.18198514037737
45,3958505628,110.0,-6.5,1.9840540179785384,-6.5,1.996442337988152,29.89645431102656,29.89645431102656
46,3958505628,112.0,-6.5,1.9840540179785384,-6.5,1.993866444332999,29.929499147188007,29.929499147188007
47,3958505628,114.0,-6.5,1.9840540179785384,-6.5,1.9913475944608785,30.088421513392746,30.088421513392746
48,3958505628,116.0,-6.5,1.9840540179785384,-6.5,1.989853058910782,30.25943597297041,30.25943597297041
49,3958505628,118.0,-6.5,1.9840540179785384,-6.5,1.989229592271972,30.42310499030808,30.42310499030808
50,3958505628,120.0,-6.5,1.9840540179785384,-6.5,1.9890651223745288,30.578924182892845,30.578924182892845
51,3958505628,122.0,-6.5,1.9840540179785384,-6.5,1.989078762763328,30.73216631535718,30.73216631535718
52,3958505628,124.0,-6.5,1.9840540179785384,-6.5,1.9891459628990944,30.88510244081578,30.88510244081578
53,3958505628,126.0,-6.5,1.9840540179785384,-6.5,1.9892255210956584,31.038208720113264,31.038208720113264
54,3958505628,128.0,-6.5,1.9840540179785384,-6.5,1.9893067444622297,31.19122551943644,31.19122551943644
55,3958505628,130.0,-6.5,1.9840540179785384,-6.5,1.989387391066724,31.34407018535944,31.34407018535944
56,3958505628,132.0,-6.5,1.9840540179785384,-6.5,1.9894670649389263,31.496361563099672,31.496361563099672
57,3958505628,134.0,-6.5,1.9840540179785384,-6.5,1.989545698188231,31.64699872144765,31.64699872144765
58,3958505628,136.0,-6.5,1.9840540179785384,-6.5,1.9896232728696377,31.79568569193029,31.79568569193029
59,3958505628,138.0,-6.5,1.9840540179785384,-6.5,1.989699780581376,31.94221090956593,31.94221090956593
60,3958505628,140.0,-6.5,1.9840540179785384,-6.5,1.9897752169921468,32.0864306142971,32.0864306142971
61,3958505628,142.0,-6.5,1.9840540179785384,-6.5,1.9898495807844845,32.228252082874256,32.228252082874256
62,3958505628,144.0,-6.5,1.9840540179785384,-6.5,1.9899228733275975,32.36761949840832,32.36761949840832
63,3958505628,146.0,-6.5,1.9840540179785384,-6.5,1.98999509821594,32.50450297342299,32.50450297342299
64,3958505628,148.0,-6.5,1.9840540179785384,-6.5,1.990066261042299,32.638890394249486,32.638890394249486
65,3958505628,150.0,-6.5,1.9840540179785384,-6.5,1.9901363690648044,32.77078153409979,32.77078153409979
66,3958505628,152.0,-6.5,1.9840540179785384,-6.5,1.990205431008512,32.90044831036937,32.90044831036937
67,3958505628,154.0,-6.5,1.9840540179785384,-6.5,1.9902734568335472,33.02839501547592,33.02839501547592
68,3958505628,156.0,-6.5,1.9840540179785384,-6.5,1.990340457524316,33.154012549646694,33.154012549646694
69,3958505628,158.0,-6.5,1.9840540179785384,-6.5,1.9904064450112544,33.27731235497713,33.27731235497713
70,3958505628,160.0,-6.5,1.9840540179785384,-6.5,1.9904714319134107,33.39830688353106,33.39830688353106
71,3958505628,162.0,-6.5,1.9840540179785384,-6.5,1.9905354314898005,33.51700904114064,33.51700904114064
72,3958505628,164.0,-6.5,1.9840540179785384,-6.5,1.9905984575052131,33.633431841910095,33.633431841910095
73,3958505628,166.0,-6.5,1.9840540179785384,-6.5,1.990660524090072,33.74758819500813,33.74758819500813
74,3958505628,168.0,-6.5,1.9840540179785384,-6.5,1.990721645754272,33.85949078440406,33.85949078440406
75,3958505628,170.0,-6.5,1.9840540179785384,-6.5,1.990781837207672,33.96915200355569,33.96915200355569
76,3958505628,172.0,-6.5,1.9840540179785384,-6.5,1.9908411133422976,34.07658390091959,34.07658390091959
77,3958505628,174.0,-6.5,1.9840540179785384,-6.5,1.9908994891636345,34.182587968341394,34.182587968341394
78,3958505628,176.0,-6.5,1.9840540179785384,-6.5,1.9909569797382471,34.28780238491977,34.28780238491977
79,3958505628,178.0,-6.5,1.9840540179785384,-6.5,1.9910136001606649,34.390907138097944,34.390907138097944
80,3958505628,180.0,-6.5,1.9840540179785384,-6.5,1.991069365499892,34.49190964329004,34.49190964329004
0,3332268999,20.0,-6.5,1.9840540179785384,-6.5,2.0517634762918138,95.7644088615283,95.7644088615283
1,3332268999,22.0,-6.5,1.9840540179785384,-6.5,2.0366518173587185,84.45151978532404,84.45151978532404
2,3332268999,24.0,-6.5,1.9840540179785384,-6.5,2.025736850816632,75.15019019978189,75.15019019978189
3,3332268999,26.0,-6.5,1.9840540179785384,-6.5,2.017912060373805,67.40952419323122,67.40952419323122
4,3332268999,28.0,-6.5,1.9840540179785384,-6.5,2.0125178444151857,60.916702297253735,60.916702297253735
5,3332268999,30.0,-6.5,1.9840540179785384,-6.5,2.009315354132912,55.469909800652125,55.469909800652125
6,3332268999,32.0,-6.5,1.9840540179785384,-6.5,2.0087317412115357,50.97214900194453,50.97214900194453
7,3332268999,34.0,-6.5,1.9840540179785384,-6.5,2.0110323558460754,47.40033703609247,47.40033703609247
8,3332268999,36.0,-6.5,1.9840540179785384,-6.5,2.012472806437721,44.62777800407637,44.62777800407637
9,3332268999,38.0,-6.5,1.9840540179785384,-6.5,2.003275692643516,42.58687169302655,42.58687169302655
10,3332268999,40.0,-6.5,1.9840540179785384,-6.5,1.9757697590841208,41.872008509164615,41.872008509164615
11,3332268999,42.0,-6.5,1.9840540179785384,-6.0,1.5405963055475245,62.366702976202205,65.37970947682285
12,3332268999,44.0,-6.5,1.9840540179785384,-6.0,1.5260581707734848,59.64245677766323,64.25379058878006
13,3332268999,46.0,-6.5,1.9840540179785384,-6.0,1.547055823312439,51.572299576533865,58.12836319517308
14,3332268999,48.0,-6.5,1.9840540179785384,-6.5,2.006804385018545,11.53349375940372,11.53349375940372
15,3332268999,50.0,-6.5,1.9840540179785384,-6.5,2.029740983984267,9.000391835560686,9.000391835560686
16,3332268999,52.0,-6.5,1.9840540179785384,-6.0,1.5838987262688995,51.22247255810795,51.22247255810795
17,3332268999,54.0,-6.5,1.9840540179785384,-6.0,1.561868937303638,51.10313461707136,54.90573532030242
18,3332268999,56.0,-6.5,1.9840540179785384,-6.5,1.9681336426108529,6.678293720947091,6.678293720947091
19,3332268999,58.0,-6.5,1.9840540179785384,-6.5,1.9906265547566315,8.22607996491482,8.22607996491482
20,3332268999,60.0,-6.5,1.9840540179785384,-6.5,1.995810330294103,9.270235476388036,9.270235476388036
21,3332268999,62.0,-6.5,1.9840540179785384,-6.0,1.5749389755090426,53.50717270212719,54.436100951694165
22,3332268999,64.0,-6.5,1.9840540179785384,-6.0,1.564729571795766,58.13001598592628,58.13001598592628
23,3332268999,66.0,-6.5,1.9840540179785384,-6.5,1.9626869158063975,11.21538078566585,11.21538078566585
24,3332268999,68.0,-6.5,1.9840540179785384,-6.5,1.969052151831601,10.2439645570006,10.2439645570006
25,3332268999,70.0,-6.5,1.9840540179785384,-6.5,1.9748934026573748,9.131037212317256,9.131037212317256
26,3332268999,72.0,-6.5,1.9840540179785384,-6.0,1.5667511944919712,51.98216402266933,54.57310879385254
27,3332268999,74.0,-6.5,1.9840540179785384,-6.0,1.5704525176738997,49.54584072068121,54.6313524197036
28,3332268999,76.0,-6.5,1.9840540179785384,-6.5,1.9849536562696493,4.508084856385322,4.508084856385322
29,3332268999,78.0,-6.5,1.9840540179785384,-6.5,1.9960920235300248,4.159791687349388,4.159791687349388
30,3332268999,80.0,-6.5,1.9840540179785384,-6.5,1.986589062245052,4.083081686421064,4.083081686421064
31,3332268999,82.0,-6.5,1.9840540179785384,-6.5,1.9705901621843431,3.928348100462098,3.928348100462098
32,3332268999,84.0,-6.5,1.9840540179785384,-6.5,1.9735949683465912,4.503738480666193,4.503738480666193
33,3332268999,86.0,-6.5,1.9840540179785384,-6.5,1.9914539183349709,5.88873754974136,5.88873754974136
34,3332268999,88.0,-6.5,1.9840540179785384,-6.5,1.996951189082449,6.638729749819596,6.638729749819596
35,3332268999,90.0,-6.5,1.9840540179785384,-6.5,1.983605356635323,7.847053248235873,7.847053248235873
36,3332268999,92.0,-6.5,1.9840540179785384,-6.5,1.977856917437868,12.069191263264202,12.069191263264202
37,3332268999,94.0,-6.5,1.9840540179785384,-6.5,1.9841837377562712,15.679405553465436,15.679405553465436
38,3332268999,96.0,-6.5,1.9840540179785384,-6.5,1.9837431033380928,19.02907523738354,19.02907523738354
39,3332268999,98.0,-6.5,1.9840540179785384,-6.5,1.9721289891575888,24.08916445287074,24.08916445287074
40,3332268999,100.0,-6.5,1.9840540179785384,-6.5,1.9632886420280775,28.187144039530008,28.187144039530008
41,3332268999,102.0,-6.5,1.9840540179785384,-6.5,1.966963754357541,30.17573199157632,30.17573199157632
42,3332268999,104.0,-6.5,1.9840540179785384,-6.5,1.9790702058517955,30.88447604169721,30.88447604169721
43,3332268999,106.0,-6.5,1.9840540179785384,-6.5,1.990689514175444,30.71857953703164,30.71857953703164
44,3332268999,108.0,-6.5,1.9840540179785384,-6.5,1.99641751451112,30.18198514037737,30.18198514037737
45,3332268999,110.0,-6.5,1.9840540179785384,-6.5,1.996442337988152,29.89645431102656,29.89645431102656
46,3332268999,112.0,-6.5,1.9840540179785384,-6.5,1.993866444332999,29.929499147188007,29.929499147188007
47,3332268999,114.0,-6.5,1.9840540179785384,-6.5,1.9913475944608785,30.088421513392746,30.088421513392746
48,3332268999,116.0,-6.5,1.9840540179785384,-6.5,1.989853058910782,30.25943597297041,30.25943597297041
49,3332268999,118.0,-6.5,1.9840540179785384,-6.5,1.989229592271972,30.42310499030808,30.42310499030808
50,3332268999,120.0,-6.5,1.9840540179785384,-6.5,1.9890651223745288,30.578924182892845,30.578924182892845
51,3332268999,122.0,-6.5,1.9840540179785384,-6.5,1.989078762763328,30.73216631535718,30.73216631535718
52,3332268999,124.0,-6.5,1.9840540179785384,-6.5,1.9891459628990944,30.88510244081578,30.88510244081578
53,3332268999,126.0,-6.5,1.9840540179785384,-6.5,1.9892255210956584,31.038208720113264,31.038208720113264
54,3332268999,128.0,-6.5,1.9840540179785384,-6.5,1.9893067444622297,31.19122551943644,31.19122551943644
55,3332268999,130.0,-6.5,1.9840540179785384,-6.5,1.989387391066724,31.34407018535944,31.34407018535944
56,3332268999,132.0,-6.5,1.9840540179785384,-6.5,1.9894670649389263,31.496361563099672,31.496361563099672
57,3332268999,134.0,-6.5,1.9840540179785384,-6.5,1.989545698188231,31.64699872144765,31.64699872144765
58,3332268999,136.0,-6.5,1.9840540179785384,-6.5,1.9896232728696377,31.79568569193029,31.79568569193029
59,3332268999,138.0,-6.5,1.9840540179785384,-6.5,1.989699780581376,31.94221090956593,31.94221090956593
60,3332268999,140.0,-6.5,1.9840540179785384,-6.5,1.9897752169921468,32.0864306142971,32.0864306142971
61,3332268999,142.0,-6.5,1.9840540179785384,-6.5,1.9898495807844845,32.228252082874256,32.228252082874256
62,3332268999,144.0,-6.5,1.9840540179785384,-6.5,1.9899228733275975,32.36761949840832,32.36761949840832
63,3332268999,146.0,-6.5,1.9840540179785384,-6.5,1.98999509821594,32.50450297342299,32.50450297342299
64,3332268999,148.0,-6.5,1.9840540179785384,-6.5,1.990066261042299,32.638890394249486,32.638890394249486
65,3332268999,150.0,-6.5,1.9840540179785384,-6.5,1.9901363690648044,32.77078153409979,32.77078153409979
66,3332268999,152.0,-6.5,1.9840540179785384,-6.5,1.990205431008512,32.90044831036937,32.90044831036937
67,3332268999,154.0,-6.5,1.9840540179785384,-6.5,1.9902734568335472,33.02839501547592,33.02839501547592
68,3332268999,156.0,-6.5,1.9840540179785384,-6.5,1.990340457524316,33.154012549646694,33.154012549646694
69,3332268999,158.0,-6.5,1.9840540179785384,-6.5,1.9904064450112544,33.27731235497713,33.27731235497713
70,3332268999,160.0,-6.5,1.9840540179785384,-6.5,1.9904714319134107,33.39830688353106,33.39830688353106
71,3332268999,162.0,-6.5,1.9840540179785384,-6.5,1.9905354314898005,33.51700904114064,33.51700904114064
72,3332268999,164.0,-6.5,1.9840540179785384,-6.5,1.9905984575052131,33.633431841910095,33.633431841910095
73,3332268999,166.0,-6.5,1.9840540179785384,-6.5,1.990660524090072,33.74758819500813,33.74758819500813
74,3332268999,168.0,-6.5,1.9840540179785384,-6.5,1.990721645754272,33.85949078440406,33.85949078440406
75,3332268999,170.0,-6.5,1.9840540179785384,-6.5,1.990781837207672,33.96915200355569,33.96915200355569
76,3332268999,172.0,-6.5,1.9840540179785384,-6.5,1.9908411133422976,34.07658390091959,34.07658390091959
77,3332268999,174.0,-6.5,1.9840540179785384,-6.5,1.9908994891636345,34.182587968341394,34.182587968341394
78,3332268999,176.0,-6.5,1.9840540179785384,-6.5,1.9909569797382471,34.28780238491977,34.28780238491977
79,3332268999,178.0,-6.5,1.9840540179785384,-6.5,1.9910136001606649,34.390907138097944,34.390907138097944
80,3332268999,180.0,-6.5,1.9840540179785384,-6.5,1.991069365499892,34.49190964329004,34.49190964329004
0,1191655600,20.0,-8.5,4.587964913504992,-8.5,5.332460486631448,485.05233883617785,485.05233883617785
1,1191655600,22.0,-8.5,4.587964913504992,-8.5,5.194173108943622,433.1545938390697,433.1545938390697
2,1191655600,24.0,-8.5,4.587964913504992,-8.5,5.091854387908126,391.2295220902008,391.2295220902008
3,1191655600,26.0,-8.5,4.587964913504992,-8.5,5.013207740829167,357.5684682890995,357.5684682890995
4,1191655600,28.0,-8.5,4.587964913504992,-8.5,4.943404150408257,331.83088553553785,331.83088553553785
5,1191655600,30.0,-8.5,4.587964913504992,-8.5,4.866332448984068,315.6224168985179,315.6224168985179
6,1191655600,32.0,-8.5,4.587964913504992,-8.0,3.818157927514142,221.7054798903838,221.7054798903838
7,1191655600,34.0,-8.5,4.587964913504992,-8.5,4.7520865312835765,310.22044885325454,310.22044885325454
8,1191655600,36.0,-8.5,4.587964913504992,-9.0,6.077352481572052,442.58071283833897,442.58071283833897
9,1191655600,38.0,-8.5,4.587964913504992,-9.0,6.129168838630992,319.66539781358966,319.66539781358966
10,1191655600,40.0,-8.5,4.587964913504992,-9.5,7.784845774698476,258.23073165263736,258.23073165263736
11,1191655600,42.0,-8.5,4.587964913504992,-9.0,5.841088901651732,170.6194678496634,170.6194678496634
12,1191655600,44.0,-8.5,4.587964913504992,-8.0,3.492838943348095,166.11302919229186,166.11302919229186
13,1191655600,46.0,-8.5,4.587964913504992,-7.5,2.8649338760136853,203.06639318881705,203.06639318881705
14,1191655600,48.0,-8.5,4.587964913504992,-8.5,4.636203232683141,19.926846129460472,19.926846129460472
15,1191655600,50.0,-8.5,4.587964913504992,-9.0,5.898569469658161,25.258290987420946,112.19797000077811
16,1191655600,52.0,-8.5,4.587964913504992,-8.5,4.514471811277075,8.228801925839019,8.228801925839019
17,1191655600,54.0,-8.5,4.587964913504992,-8.5,4.501351095638421,9.09014819083657,9.09014819083657
18,1191655600,56.0,-8.5,4.587964913504992,-9.0,5.8013456905191445,15.01691664691977,111.66919162411
19,1191655600,58.0,-8.5,4.587964913504992,-8.5,4.648889147486081,13.562608161643908,13.562608161643908
20,1191655600,60.0,-8.5,4.587964913504992,-8.5,4.584003023326686,14.487271382789675,14.487271382789675
21,1191655600,62.0,-8.5,4.587964913504992,-8.5,4.550873016067145,16.022238161298944,16.022238161298944
22,1191655600,64.0,-8.5,4.587964913504992,-9.0,5.785041322584764,14.393798622509555,111.27236541588265
23,1191655600,66.0,-8.5,4.587964913504992,-8.5,4.567454304289199,21.48806677032708,21.48806677032708
24,1191655600,68.0,-8.5,4.587964913504992,-8.5,4.554011412666449,18.497815945450093,18.497815945450093
25,1191655600,70.0,-8.5,4.587964913504992,-8.5,4.595439897300054,15.176714039078227,15.176714039078227
26,1191655600,72.0,-8.5,4.587964913504992,-9.0,5.820241824523992,14.455599320229837,111.8202390144106
27,1191655600,74.0,-8.5,4.587964913504992,-9.0,5.739945780389567,11.283247612186187,111.46422356680498
28,1191655600,76.0,-8.5,4.587964913504992,-8.5,4.538461243384,5.855752026864526,5.855752026864526
29,1191655600,78.0,-8.5,4.587964913504992,-8.5,4.624966694170838,5.567661500684027,5.567661500684027
30,1191655600,80.0,-8.5,4.587964913504992,-9.0,5.812882170651792,11.391554811479317,112.67633399551003
31,1191655600,82.0,-8.5,4.587964913504992,-8.5,4.521443340879516,5.667518080398134,5.667518080398134
32,1191655600,84.0,-8.5,4.587964913504992,-8.5,4.531065565485003,6.027177111437116,6.027177111437116
33,1191655600,86.0,-8.5,4.587964913504992,-9.0,5.839428999693629,17.611681006577452,115.10265210570012
34,1191655600,88.0,-8.5,4.587964913504992,-9.0,5.822111966168531,19.09696868437322,114.21937749906812
35,1191655600,90.0,-8.5,4.587964913504992,-8.5,4.507696868390639,11.543790438440697,11.543790438440697
36,1191655600,92.0,-8.5,4.587964913504992,-8.5,4.551194031087622,21.300360999913188,21.300360999913188
37,1191655600,94.0,-8.5,4.587964913504992,-9.0,5.925305525291111,32.313227114611585,144.38134991208068
38,1191655600,96.0,-8.5,4.587964913504992,-9.0,5.837977604175979,39.788795503895216,157.68072111056256
39,1191655600,98.0,-8.5,4.587964913504992,-8.0,3.6308704465123567,166.7126530035475,166.7126530035475
40,1191655600,100.0,-8.5,4.587964913504992,-8.0,3.567436096744069,204.96595338092487,204.96595338092487
41,1191655600,102.0,-8.5,4.587964913504992,-8.0,3.608317931582519,218.77555752267403,218.77555752267403
42,1191655600,104.0,-8.5,4.587964913504992,-8.0,3.6832790293912177,224.52498826841364,224.52498826841364
43,1191655600,106.0,-8.5,4.587964913504992,-8.5,4.702518214809544,216.25592988516544,216.25592988516544
44,1191655600,108.0,-8.5,4.587964913504992,-9.0,6.0614663666352095,309.0443878826889,309.0443878826889
45,1191655600,110.0,-8.5,4.587964913504992,-9.0,6.082498873809668,315.0269120184762,315.0269120184762
46,1191655600,112.0,-8.5,4.587964913504992,-9.0,6.091199659400452,315.05886505821087,315.05886505821087
47,1191655600,114.0,-8.5,4.587964913504992,-8.5,4.756123028953843,207.83965397206424,207.83965397206424
48,1191655600,116.0,-8.5,4.587964913504992,-8.5,4.74633924996256,208.2656383005601,208.2656383005601
49,1191655600,118.0,-8.5,4.587964913504992,-8.5,4.741241683397813,208.8968770671279,208.8968770671279
50,1191655600,120.0,-8.5,4.587964913504992,-8.5,4.7396569696375614,209.493369430532,209.493369430532
51,1191655600,122.0,-8.5,4.587964913504992,-8.5,4.739723846293772,210.05287584637597,210.05287584637597
52,1191655600,124.0,-8.5,4.587964913504992,-8.5,4.740356610100641,210.5913096997705,210.5913096997705
53,1191655600,126.0,-8.5,4.587964913504992,-8.5,4.741134572334957,211.1200331870535,211.1200331870535
54,1191655600,128.0,-8.5,4.587964913504992,-8.5,4.741935908821887,211.64458146531985,211.64458146531985
55,1191655600,130.0,-8.5,4.587964913504992,-8.5,4.742732931173776,212.16662662933476,212.16662662933476
56,1191655600,132.0,-8.5,4.587964913504992,-8.5,4.743520477693088,212.68583322057037,212.68583322057037
57,1191655600,134.0,-8.5,4.587964913504992,-8.5,4.744297686057783,213.20109464844336,213.20109464844336
58,1191655600,136.0,-8.5,4.587964913504992,-8.5,4.74506430872248,213.71119250690296,213.71119250690296
59,1191655600,138.0,-8.5,4.587964913504992,-8.5,4.745820311197695,214.2150646343279,214.2150646343279
60,1191655600,140.0,-8.5,4.587964913504992,-8.5,4.746565638531726,214.7118678510849,214.7118678510849
61,1191655600,142.0,-8.5,4.587964913504992,-8.5,4.747300280829725,215.201275312458,215.201275312458
62,1191655600,144.0,-8.5,4.587964913504992,-8.5,4.748024255928557,215.68184928442128,215.68184928442128
63,1191655600,146.0,-8.5,4.587964913504992,-8.5,4.748737603029105,216.1541724054396,216.1541724054396
64,1191655600,148.0,-8.5,4.587964913504992,-8.5,4.749440380897617,216.617644094664,216.617644094664
65,1191655600,150.0,-8.5,4.587964913504992,-8.5,4.750132664620957,217.08139588901668,217.08139588901668
66,1191655600,152.0,-8.5,4.587964913504992,-8.5,4.75081454437842,217.53945537445549,217.53945537445549
67,1191655600,154.0,-8.5,4.587964913504992,-8.5,4.751486121103744,217.98878788218587,217.98878788218587
68,1191655600,156.0,-8.5,4.587964913504992,-8.5,4.752147507643106,218.429239912964,218.429239912964
69,1191655600,158.0,-8.5,4.587964913504992,-8.5,4.752798823781325,218.860675701608,218.860675701608
70,1191655600,160.0,-8.5,4.587964913504992,-8.5,4.7534401979768806,219.28297325392597,219.28297325392597
71,1191655600,162.0,-8.5,4.587964913504992,-8.5,4.754071763535441,219.6960213114876,219.6960213114876
72,1191655600,164.0,-8.5,4.587964913504992,-8.5,4.754693659597712,220.09971737878607,220.09971737878607
73,1191655600,166.0,-8.5,4.587964913504992,-8.5,4.7553060308098205,220.5049053845469,220.5049053845469
74,1191655600,168.0,-8.5,4.587964913504992,-8.5,4.755909016570149,220.90723818678484,220.90723818678484
75,1191655600,170.0,-8.5,4.587964913504992,-8.5,4.756502770603184,221.30043863505304,221.30043863505304
76,1191655600,172.0,-8.5,4.587964913504992,-8.5,4.757087538412651,221.68440909128887,221.68440909128887
77,1191655600,174.0,-8.5,4.587964913504992,-8.5,4.757663177860096,222.0590575911558,222.0590575911558
78,1191655600,176.0,-8.5,4.587964913504992,-8.5,4.758230132385083,222.42429744117223,222.42429744117223
79,1191655600,178.0,-8.5,4.587964913504992,-8.5,4.758788455701903,222.78398383996088,222.78398383996088
80,1191655600,180.0,-8.5,4.587964913504992,-8.5,4.759338298192685,223.15050021359525,223.15050021359525
0,818578564,20.0,-7.0,2.4477766207732907,-7.0,2.584461145540202,150.4625848203277,150.4625848203277
1,818578564,22.0,-7.0,2.4477766207732907,-7.0,2.55496273629366,132.83439680243268,132.83439680243268
2,818578564,24.0,-7.0,2.4477766207732907,-7.0,2.533481427299111,118.36286417516176,118.36286417516176
3,818578564,26.0,-7.0,2.4477766207732907,-7.0,2.517714260333007,106.34826100944022,106.34826100944022
4,818578564,28.0,-7.0,2.4477766207732907,-7.0,2.5059598722761898,96.33036739277048,96.33036739277048
5,818578564,30.0,-7.0,2.4477766207732907,-7.0,2.497182601359718,88.04831957602481,88.04831957602481
6,818578564,32.0,-7.0,2.4477766207732907,-7.0,2.49230116002522,81.38711592119317,81.38711592119317
7,818578564,34.0,-7.0,2.4477766207732907,-7.0,2.493853657321614,76.18031117493037,76.18031117493037
8,818578564,36.0,-7.0,2.4477766207732907,-7.5,3.084880436363137,92.95765462133622,97.82263055331288
9,818578564,38.0,-7.0,2.4477766207732907,-7.5,3.0780395989892515,75.83040201592965,75.83040201592965
10,818578564,40.0,-7.0,2.4477766207732907,-7.5,3.028029738409221,57.76971628992185,63.13369063604877
11,818578564,42.0,-7.0,2.4477766207732907,-7.0,2.3854558753974264,64.45359065720808,64.45359065720808
12,818578564,44.0,-7.0,2.4477766207732907,-6.5,1.9045924827134808,86.28452143214338,86.28452143214338
13,818578564,46.0,-7.0,2.4477766207732907,-6.5,1.9323101944585277,69.61243312270729,69.61243312270729
14,818578564,48.0,-7.0,2.4477766207732907,-7.0,2.4777260011055606,14.051106018047694,14.051106018047694
15,818578564,50.0,-7.0,2.4477766207732907,-7.5,3.083539376254953,48.3332401739729,72.2300309036245
16,818578564,52.0,-7.0,2.4477766207732907,-7.0,2.4409458054757143,6.749619932629596,6.749619932629596
17,818578564,54.0,-7.0,2.4477766207732907,-7.0,2.4066796213094794,6.41232136712909,6.41232136712909
18,818578564,56.0,-7.0,2.4477766207732907,-7.0,2.430947567434052,7.789498757462043,7.789498757462043
19,818578564,58.0,-7.0,2.4477766207732907,-7.0,2.465227762524547,9.746946204793671,9.746946204793671
20,818578564,60.0,-7.0,2.4477766207732907,-7.0,2.466307229640292,10.957209805658916,10.957209805658916
21,818578564,62.0,-7.0,2.4477766207732907,-7.0,2.437968438349393,11.8775239011516,11.8775239011516
22,818578564,64.0,-7.0,2.4477766207732907,-7.0,2.4190341984283865,13.540291881701824,13.540291881701824
23,818578564,66.0,-7.0,2.4477766207732907,-7.0,2.421124420752653,13.7960806411627,13.7960806411627
24,818578564,68.0,-7.0,2.4477766207732907,-7.0,2.4336735393346287,12.446784770018386,12.446784770018386
25,818578564,70.0,-7.0,2.4477766207732907,-7.0,2.4445105995245964,10.885510751344968,10.885510751344968
26,818578564,72.0,-7.0,2.4477766207732907,-7.0,2.441845499756484,9.51612553174918,9.51612553174918
27,818578564,74.0,-7.0,2.4477766207732907,-7.0,2.4331043546017725,7.26776445130843,7.26776445130843
28,818578564,76.0,-7.0,2.4477766207732907,-7.0,2.44385445331797,4.982970904334698,4.982970904334698
29,818578564,78.0,-7.0,2.4477766207732907,-7.0,2.4640667152220903,4.5905525969713965,4.5905525969713965
30,818578564,80.0,-7.0,2.4477766207732907,-7.0,2.45267453006271,4.582326990932815,4.582326990932815
31,818578564,82.0,-7.0,2.4477766207732907,-7.0,2.427693688645046,4.409689074021813,4.409689074021813
32,818578564,84.0,-7.0,2.4477766207732907,-7.0,2.432790965349352,4.984573236015673,4.984573236015673
33,818578564,86.0,-7.0,2.4477766207732907,-7.0,2.461385225005159,6.656286178032209,6.656286178032209
34,818578564,88.0,-7.0,2.4477766207732907,-7.0,2.4658026727476594,7.523653684325623,7.523653684325623
35,818578564,90.0,-7.0,2.4477766207732907,-7.0,2.44024782824451,8.94269080811091,8.94269080811091
36,818578564,92.0,-7.0,2.4477766207732907,-7.5,2.9861357762722327,36.50974862105525,78.14019356777902
37,818578564,94.0,-7.0,2.4477766207732907,-7.5,3.033186403065292,36.467875154096255,84.98678111822129
38,818578564,96.0,-7.0,2.4477766207732907,-7.0,2.457976939284422,25.574552219716864,25.574552219716864
39,818578564,98.0,-7.0,2.4477766207732907,-7.0,2.430412520497804,35.75722096829585,35.75722096829585
40,818578564,100.0,-7.0,2.4477766207732907,-7.0,2.409789915674383,43.93092180626351,43.93092180626351
41,818578564,102.0,-7.0,2.4477766207732907,-7.0,2.4162449747482486,47.99367729979216,47.99367729979216
42,818578564,104.0,-7.0,2.4477766207732907,-7.0,2.439053872648323,50.08394467065772,50.08394467065772
43,818578564,106.0,-7.0,2.4477766207732907,-7.0,2.461320679990413,50.461762717488895,50.461762717488895
44,818578564,108.0,-7.0,2.4477766207732907,-7.5,3.0514144451854164,47.5792960904264,89.48504315823737
45,818578564,110.0,-7.0,2.4477766207732907,-7.0,2.474364732189064,48.8024044087721,48.8024044087721
46,818578564,112.0,-7.0,2.4477766207732907,-7.0,2.4701999551194267,48.75498213314107,48.75498213314107
47,818578564,114.0,-7.0,2.4477766207732907,-7.0,2.46568204243054,49.00343178049015,49.00343178049015
48,818578564,116.0,-7.0,2.4477766207732907,-7.0,2.462888099372086,49.28504628479277,49.28504628479277
49,818578564,118.0,-7.0,2.4477766207732907,-7.0,2.461695891450512,49.54694320168386,49.54694320168386
50,818578564,120.0,-7.0,2.4477766207732907,-7.0,2.4613773720253613,49.78856748484564,49.78856748484564
51,818578564,122.0,-7.0,2.4477766207732907,-7.0,2.461404775095588,50.02209675179156,50.02209675179156
52,818578564,124.0,-7.0,2.4477766207732907,-7.0,2.461537665193582,50.25329986984825,50.25329986984825
53,818578564,126.0,-7.0,2.4477766207732907,-7.0,2.461695169300865,50.48400624368668,50.48400624368668
54,818578564,128.0,-7.0,2.4477766207732907,-7.0,2.461856046488017,50.71433002612162,50.71433002612162
55,818578564,130.0,-7.0,2.4477766207732907,-7.0,2.4620157961833327,50.94377393848456,50.94377393848456
56,818578564,132.0,-7.0,2.4477766207732907,-7.0,2.462173619212092,51.17284618787232,51.17284618787232
57,818578564,134.0,-7.0,2.4477766207732907,-7.0,2.462330731054725,51.39950371585192,51.39950371585192
58,818578564,136.0,-7.0,2.4477766207732907,-7.0,2.462483035825272,51.62328958225528,51.62328958225528
59,818578564,138.0,-7.0,2.4477766207732907,-7.0,2.462634575465908,51.84387725664433,51.84387725664433
60,818578564,140.0,-7.0,2.4477766207732907,-7.0,2.4627839930180717,52.06104011687843,52.06104011687843
61,818578564,142.0,-7.0,2.4477766207732907,-7.0,2.462931278177471,52.27462824479874,52.27462824479874
62,818578564,144.0,-7.0,2.4477766207732907,-7.0,2.463076440383749,52.48454773471592,52.48454773471592
63,818578564,146.0,-7.0,2.4477766207732907,-7.0,2.463219485035906,52.69074429148344,52.69074429148344
64,818578564,148.0,-7.0,2.4477766207732907,-7.0,2.463360423409868,52.89375354432613,52.89375354432613
65,818578564,150.0,-7.0,2.4477766207732907,-7.0,2.463499269517844,53.09383217477945,53.09383217477945
66,818578564,152.0,-7.0,2.4477766207732907,-7.0,2.4636360411183467,53.29038139820872,53.29038139820872
67,818578564,154.0,-7.0,2.4477766207732907,-7.0,2.463770758015557,53.4834031347024,53.4834031347024
68,818578564,156.0,-7.0,2.4477766207732907,-7.0,2.463903442203796,53.67290453542434,53.67290453542434
69,818578564,158.0,-7.0,2.4477766207732907,-7.0,2.464034116883508,53.85889596786936,53.85889596786936
70,818578564,160.0,-7.0,2.4477766207732907,-7.0,2.464162808073945,54.04138968646439,54.04138968646439
71,818578564,162.0,-7.0,2.4477766207732907,-7.0,2.4642895412701504,54.220398972275866,54.220398972275866
72,818578564,164.0,-7.0,2.4477766207732907,-7.0,2.464414344089014,54.39593758785825,54.39593758785825
73,818578564,166.0,-7.0,2.4477766207732907,-7.0,2.4645372450516367,54.56801943867734,54.56801943867734
74,818578564,168.0,-7.0,2.4477766207732907,-7.0,2.4646582729643143,54.73665837277522,54.73665837277522
75,818578564,170.0,-7.0,2.4477766207732907,-7.0,2.464777456226685,54.90186806691707,54.90186806691707
76,818578564,172.0,-7.0,2.4477766207732907,-7.0,2.4648948252115046,55.06599316925191,55.06599316925191
77,818578564,174.0,-7.0,2.4477766207732907,-7.0,2.465010409398348,55.22794045259497,55.22794045259497
78,818578564,176.0,-7.0,2.4477766207732907,-7.0,2.4651242388992958,55.386637391980365,55.386637391980365
79,818578564,178.0,-7.0,2.4477766207732907,-7.0,2.465236343512247,55.54209100611645,55.54209100611645
80,818578564,180.0,-7.0,2.4477766207732907,-7.0,2.465346766934273,55.69430837743029,55.69430837743029
0,401340103,20.0,-5.5,1.2112494532334632,-5.5,1.2263882170948082,37.012780879968986,37.012780879968986
1,401340103,22.0,-5.5,1.2112494532334632,-5.5,1.222600394574794,32.607350374136104,32.607350374136104
2,401340103,24.0,-5.5,1.2112494532334632,-5.5,1.21990110838245,28.978039873898396,28.978039873898396
3,401340103,26.0,-5.5,1.2112494532334632,-5.5,1.2180518174014965,25.95450638676852,25.95450638676852
4,401340103,28.0,-5.5,1.2112494532334632,-5.5,1.2169778115292509,23.41041417149664,23.41041417149664
5,401340103,30.0,-5.5,1.2112494532334632,-5.5,1.2167290219145763,21.26071681495068,21.26071681495068
6,401340103,32.0,-5.5,1.2112494532334632,-5.5,1.217368576161289,19.45923320492982,19.45923320492982
7,401340103,34.0,-5.5,1.2112494532334632,-5.5,1.2184793906915958,18.000644954652316,18.000644954652316
8,401340103,36.0,-5.5,1.2112494532334632,-5.5,1.2181741750639323,16.91314074999631,16.91314074999631
9,401340103,38.0,-5.5,1.2112494532334632,-5.5,1.213051513214905,16.245085287425134,16.245085287425134
10,401340103,40.0,-5.5,1.2112494532334632,-5.5,1.2011185084120504,16.02176435059584,16.02176435059584
11,401340103,42.0,-5.5,1.2112494532334632,-5.5,1.1860574530287873,15.733894199413491,15.733894199413491
12,401340103,44.0,-5.5,1.2112494532334632,-5.5,1.1794044409198532,13.96604514537774,13.96604514537774
13,401340103,46.0,-5.5,1.2112494532334632,-5.5,1.1941333696476812,10.06887916065087,10.06887916065087
14,401340103,48.0,-5.5,1.2112494532334632,-6.0,1.5931561873504645,61.54467864916988,61.54467864916988
15,401340103,50.0,-5.5,1.2112494532334632,-6.0,1.6092432045799527,63.46447576018544,63.46447576018544
16,401340103,52.0,-5.5,1.2112494532334632,-5.5,1.2194552919368165,4.611517444964325,4.611517444964325
17,401340103,54.0,-5.5,1.2112494532334632,-5.5,1.2038822563999352,4.105220055932356,4.105220055932356
18,401340103,56.0,-5.5,1.2112494532334632,-5.5,1.201997668296939,4.494985949044387,4.494985949044387
19,401340103,58.0,-5.5,1.2112494532334632,-5.5,1.2086485254081505,5.216397984096713,5.216397984096713
20,401340103,60.0,-5.5,1.2112494532334632,-5.5,1.2129546031296892,5.744279606774607,5.744279606774607
21,401340103,62.0,-5.5,1.2112494532334632,-5.5,1.2099650755977496,6.068644168347503,6.068644168347503
22,401340103,64.0,-5.5,1.2112494532334632,-5.5,1.203807996447422,6.455391063778115,6.455391063778115
23,401340103,66.0,-5.5,1.2112494532334632,-5.5,1.1999882566279854,6.504647743514842,6.504647743514842
24,401340103,68.0,-5.5,1.2112494532334632,-5.5,1.199429399744684,6.090261280090589,6.090261280090589
25,401340103,70.0,-5.5,1.2112494532334632,-5.5,1.2003311465662048,5.574738070578516,5.574738070578516
26,401340103,72.0,-5.5,1.2112494532334632,-5.5,1.202180596489556,4.984423965886494,4.984423965886494
27,401340103,74.0,-5.5,1.2112494532334632,-5.5,1.207047764330912,4.089988804375572,4.089988804375572
28,401340103,76.0,-5.5,1.2112494532334632,-5.5,1.2149526229678709,3.273979922240666,3.273979922240666
29,401340103,78.0,-5.5,1.2112494532334632,-5.5,1.2186293442455214,3.081511649684495,3.081511649684495
30,401340103,80.0,-5.5,1.2112494532334632,-5.5,1.212592766671409,2.9830095582400893,2.9830095582400893
31,401340103,82.0,-5.5,1.2112494532334632,-5.5,1.2048129985426077,2.909726674532675,2.909726674532675
32,401340103,84.0,-5.5,1.2112494532334632,-5.5,1.2053546917941256,3.347651220871807,3.347651220871807
33,401340103,86.0,-5.5,1.2112494532334632,-5.5,1.212671558622805,4.139090036361376,4.139090036361376
34,401340103,88.0,-5.5,1.2112494532334632,-6.0,1.5857565130060778,55.63563405530168,55.63563405530168
35,401340103,90.0,-5.5,1.2112494532334632,-5.5,1.2134182605325272,5.227016228345061,5.227016228345061
36,401340103,92.0,-5.5,1.2112494532334632,-5.5,1.2084821359215854,6.839669541298063,6.839669541298063
37,401340103,94.0,-5.5,1.2112494532334632,-5.5,1.2064629151236614,8.228990447461346,8.228990447461346
38,401340103,96.0,-5.5,1.2112494532334632,-5.5,1.205359223229428,9.164159537544204,9.164159537544204
39,401340103,98.0,-5.5,1.2112494532334632,-5.5,1.2037498746668518,10.198942353803588,10.198942353803588
40,401340103,100.0,-5.5,1.2112494532334632,-5.5,1.2033294694103427,11.016114255838517,11.016114255838517
41,401340103,102.0,-5.5,1.2112494532334632,-5.5,1.2055278300474164,11.35868058046289,11.35868058046289
42,401340103,104.0,-5.5,1.2112494532334632,-5.5,1.2092288984954127,11.380730321906547,11.380730321906547
43,401340103,106.0,-5.5,1.2112494532334632,-5.5,1.2122104605507604,11.261609050119848,11.261609050119848
44,401340103,108.0,-5.5,1.2112494532334632,-5.5,1.2133322605442534,11.14944607573948,11.14944607573948
45,401340103,110.0,-5.5,1.2112494532334632,-5.5,1.2129738397872956,11.119820995331365,11.119820995331365
46,401340103,112.0,-5.5,1.2112494532334632,-5.5,1.2120945630579814,11.153575130986711,11.153575130986711
47,401340103,114.0,-5.5,1.2112494532334632,-5.5,1.2113599730683036,11.210312061371791,11.210312061371791
48,401340103,116.0,-5.5,1.2112494532334632,-5.5,1.210951235837707,11.270917855380183,11.270917855380183
49,401340103,118.0,-5.5,1.2112494532334632,-5.5,1.2107862545438777,11.331608993941591,11.331608993941591
50,401340103,120.0,-5.5,1.2112494532334632,-5.5,1.210743265237876,11.39205137998612,11.39205137998612
51,401340103,122.0,-5.5,1.2112494532334632,-5.5,1.2107462755712626,11.452886434625684,11.452886434625684
52,401340103,124.0,-5.5,1.2112494532334632,-5.5,1.2107628580423226,11.514225370266464,11.514225370266464
53,401340103,126.0,-5.5,1.2112494532334632,-5.5,1.2107825289320164,11.5758845249676,11.5758845249676
54,401340103,128.0,-5.5,1.2112494532334632,-5.5,1.2108026110529078,11.63777302881231,11.63777302881231
55,401340103,130.0,-5.5,1.2112494532334632,-5.5,1.2108225499609682,11.69974963043806,11.69974963043806
56,401340103,132.0,-5.5,1.2112494532334632,-5.5,1.2108422486402586,11.761209698221268,11.761209698221268
57,401340103,134.0,-5.5,1.2112494532334632,-5.5,1.2108616904048102,11.821988395596716,11.821988395596716
58,401340103,136.0,-5.5,1.2112494532334632,-5.5,1.210880870880843,11.881965609047796,11.881965609047796
59,401340103,138.0,-5.5,1.2112494532334632,-5.5,1.2108997879839474,11.941057718813184,11.941057718813184
60,401340103,140.0,-5.5,1.2112494532334632,-5.5,1.2109184406235705,11.999209122762773,11.999209122762773
61,401340103,142.0,-5.5,1.2112494532334632,-5.5,1.2109368284544255,12.056384885396398,12.056384885396398
62,401340103,144.0,-5.5,1.2112494532334632,-5.5,1.2109549517967209,12.112564869157737,12.112564869157737
63,401340103,146.0,-5.5,1.2112494532334632,-5.5,1.2109728115248093,12.167739266838003,12.167739266838003
64,401340103,148.0,-5.5,1.2112494532334632,-5.5,1.210990409002866,12.221905314480342,12.221905314480342
65,401340103,150.0,-5.5,1.2112494532334632,-5.5,1.2110077460180402,12.275064913422687,12.275064913422687
66,401340103,152.0,-5.5,1.2112494532334632,-5.5,1.211024824684939,12.327222973330963,12.327222973330963
67,401340103,154.0,-5.5,1.2112494532334632,-5.5,1.211041647477082,12.378386257451352,12.378386257451352
68,401340103,156.0,-5.5,1.2112494532334632,-5.5,1.211058217089631,12.428562601954408,12.428562601954408
69,401340103,158.0,-5.5,1.2112494532334632,-5.5,1.2110745364529556,12.477966039309482,12.477966039309482
70,401340103,160.0,-5.5,1.2112494532334632,-5.5,1.21109060868815,12.52668391710366,12.52668391710366
71,401340103,162.0,-5.5,1.2112494532334632,-5.5,1.211106437142553,12.574485540407512,12.574485540407512
72,401340103,164.0,-5.5,1.2112494532334632,-5.5,1.211122024883441,12.621377585994892,12.621377585994892
73,401340103,166.0,-5.5,1.2112494532334632,-5.5,1.2111373757440884,12.667366644023929,12.667366644023929
74,401340103,168.0,-5.5,1.2112494532334632,-5.5,1.211152493173637,12.712459071835855,12.712459071835855
75,401340103,170.0,-5.5,1.2112494532334632,-5.5,1.2111673808003507,12.756661057284916,12.756661057284916
76,401340103,172.0,-5.5,1.2112494532334632,-5.5,1.211182042293493,12.799978678902722,12.799978678902722
77,401340103,174.0,-5.5,1.2112494532334632,-5.5,1.2111964813549534,12.842417792065262,12.842417792065262
78,401340103,176.0,-5.5,1.2112494532334632,-5.5,1.2112107017004332,12.883984037912713,12.883984037912713
79,401340103,178.0,-5.5,1.2112494532334632,-5.5,1.2112247070512183,12.925216233901413,12.925216233901413
80,401340103,180.0,-5.5,1.2112494532334632,-5.5,1.2112385011223534,12.965918754336023,12.965918754336023
0,1,20.0,-6.5,1.9840540179785384,-6.5,2.0517634762918138,95.7644088615283,95.7644088615283
1,1,22.0,-6.5,1.9840540179785384,-6.5,2.0366518173587185,84.45151978532404,84.45151978532404
2,1,24.0,-6.5,1.9840540179785384,-6.5,2.025736850816632,75.15019019978189,75.15019019978189
3,1,26.0,-6.5,1.9840540179785384,-6.5,2.017912060373805,67.40952419323122,67.40952419323122
4,1,28.0,-6.5,1.9840540179785384,-6.5,2.0125178444151857,60.916702297253735,60.916702297253735
5,1,30.0,-6.5,1.9840540179785384,-6.5,2.009315354132912,55.469909800652125,55.469909800652125
6,1,32.0,-6.5,1.9840540179785384,-6.5,2.0087317412115357,50.97214900194453,50.97214900194453
7,1,34.0,-6.5,1.9840540179785384,-6.5,2.0110323558460754,47.40033703609247,47.40033703609247
8,1,36.0,-6.5,1.9840540179785384,-6.5,2.012472806437721,44.62777800407637,44.62777800407637
9,1,38.0,-6.5,1.9840540179785384,-6.5,2.003275692643516,42.58687169302655,42.58687169302655
10,1,40.0,-6.5,1.9840540179785384,-6.5,1.9757697590841208,41.872008509164615,41.872008509164615
11,1,42.0,-6.5,1.9840540179785384,-6.5,1.9343667621369045,41.6981002371185,41.6981002371185
12,1,44.0,-6.5,1.9840540179785384,-6.5,1.9045924827134808,36.74447845835083,36.74447845835083
13,1,46.0,-6.5,1.9840540179785384,-6.5,1.9323101944585277,22.94594908296509,22.94594908296509
14,1,48.0,-6.5,1.9840540179785384,-6.5,2.006804385018545,11.53349375940372,11.53349375940372
15,1,50.0,-6.5,1.9840540179785384,-6.5,2.029740983984267,9.000391835560686,9.000391835560686
16,1,52.0,-6.5,1.9840540179785384,-6.5,1.9865788762222625,6.229887738259911,6.229887738259911
17,1,54.0,-6.5,1.9840540179785384,-6.5,1.957716806682279,5.648262612620376,5.648262612620376
18,1,56.0,-6.5,1.9840540179785384,-6.5,1.9681336426108529,6.678293720947091,6.678293720947091
19,1,58.0,-6.5,1.9840540179785384,-6.5,1.9906265547566315,8.22607996491482,8.22607996491482
20,1,60.0,-6.5,1.9840540179785384,-6.5,1.995810330294103,9.270235476388036,9.270235476388036
21,1,62.0,-6.5,1.9840540179785384,-6.5,1.9798116873822331,9.982174311474653,9.982174311474653
22,1,64.0,-6.5,1.9840540179785384,-6.5,1.9646490366521208,11.076068782838387,11.076068782838387
23,1,66.0,-6.5,1.9840540179785384,-6.5,1.9626869158063975,11.21538078566585,11.21538078566585
24,1,68.0,-6.5,1.9840540179785384,-6.5,1.969052151831601,10.2439645570006,10.2439645570006
25,1,70.0,-6.5,1.9840540179785384,-6.5,1.9748934026573748,9.131037212317256,9.131037212317256
26,1,72.0,-6.5,1.9840540179785384,-6.5,1.974723107998916,8.042634238435568,8.042634238435568
27,1,74.0,-6.5,1.9840540179785384,-6.5,1.974335259557,6.269915811728604,6.269915811728604
28,1,76.0,-6.5,1.9840540179785384,-6.5,1.9849536562696493,4.508084856385322,4.508084856385322
29,1,78.0,-6.5,1.9840540179785384,-6.5,1.9960920235300248,4.159791687349388,4.159791687349388
30,1,80.0,-6.5,1.9840540179785384,-6.5,1.986589062245052,4.083081686421064,4.083081686421064
31,1,82.0,-6.5,1.9840540179785384,-6.5,1.9705901621843431,3.928348100462098,3.928348100462098
32,1,84.0,-6.5,1.9840540179785384,-6.5,1.9735949683465912,4.503738480666193,4.503738480666193
33,1,86.0,-6.5,1.9840540179785384,-6.5,1.9914539183349709,5.88873754974136,5.88873754974136
34,1,88.0,-6.5,1.9840540179785384,-6.5,1.996951189082449,6.638729749819596,6.638729749819596
35,1,90.0,-6.5,1.9840540179785384,-6.5,1.983605356635323,7.847053248235873,7.847053248235873
36,1,92.0,-6.5,1.9840540179785384,-6.5,1.977856917437868,12.069191263264202,12.069191263264202
37,1,94.0,-6.5,1.9840540179785384,-6.5,1.9841837377562712,15.679405553465436,15.679405553465436
38,1,96.0,-6.5,1.9840540179785384,-6.5,1.9837431033380928,19.02907523738354,19.02907523738354
39,1,98.0,-6.5,1.9840540179785384,-6.5,1.9721289891575888,24.08916445287074,24.08916445287074
40,1,100.0,-6.5,1.9840540179785384,-6.5,1.9632886420280775,28.187144039530008,28.187144039530008
41,1,102.0,-6.5,1.9840540179785384,-6.5,1.966963754357541,30.17573199157632,30.17573199157632
42,1,104.0,-6.5,1.9840540179785384,-6.5,1.9790702058517955,30.88447604169721,30.88447604169721
43,1,106.0,-6.5,1.9840540179785384,-6.5,1.990689514175444,30.71857953703164,30.71857953703164
44,1,108.0,-6.5,1.9840540179785384,-6.5,1.99641751451112,30.18198514037737,30.18198514037737
45,1,110.0,-6.5,1.9840540179785384,-6.5,1.996442337988152,29.89645431102656,29.89645431102656
46,1,112.0,-6.5,1.9840540179785384,-6.5,1.993866444332999,29.929499147188007,29.929499147188007
47,1,114.0,-6.5,1.9840540179785384,-6.5,1.9913475944608785,30.088421513392746,30.088421513392746
48,1,116.0,-6.5,1.9840540179785384,-6.5,1.989853058910782,30.25943597297041,30.25943597297041
49,1,118.0,-6.5,1.9840540179785384,-6.5,1.989229592271972,30.42310499030808,30.42310499030808
50,1,120.0,-6.5,1.9840540179785384,-6.5,1.9890651223745288,30.578924182892845,30.578924182892845
51,1,122.0,-6.5,1.9840540179785384,-6.5,1.989078762763328,30.73216631535718,30.73216631535718
52,1,124.0,-6.5,1.9840540179785384,-6.5,1.9891459628990944,30.88510244081578,30.88510244081578
53,1,126.0,-6.5,1.9840540179785384,-6.5,1.9892255210956584,31.038208720113264,31.038208720113264
54,1,128.0,-6.5,1.9840540179785384,-6.5,1.9893067444622297,31.19122551943644,31.19122551943644
55,1,130.0,-6.5,1.9840540179785384,-6.5,1.989387391066724,31.34407018535944,31.34407018535944
56,1,132.0,-6.5,1.9840540179785384,-6.5,1.9894670649389263,31.496361563099672,31.496361563099672
57,1,134.0,-6.5,1.9840540179785384,-6.5,1.989545698188231,31.64699872144765,31.64699872144765
58,1,136.0,-6.5,1.9840540179785384,-6.5,1.9896232728696377,31.79568569193029,31.79568569193029
59,1,138.0,-6.5,1.9840540179785384,-6.5,1.989699780581376,31.94221090956593,31.94221090956593
60,1,140.0,-6.5,1.9840540179785384,-6.5,1.9897752169921468,32.0864306142971,32.0864306142971
61,1,142.0,-6.5,1.9840540179785384,-6.5,1.9898495807844845,32.228252082874256,32.228252082874256
62,1,144.0,-6.5,1.9840540179785384,-6.5,1.9899228733275975,32.36761949840832,32.36761949840832
63,1,146.0,-6.5,1.9840540179785384,-6.5,1.98999509821594,32.50450297342299,32.50450297342299
64,1,148.0,-6.5,1.9840540179785384,-6.5,1.990066261042299,32.638890394249486,32.638890394249486
65,1,150.0,-6.5,1.9840540179785384,-6.5,1.9901363690648044,32.77078153409979,32.77078153409979
66,1,152.0,-6.5,1.9840540179785384,-6.5,1.990205431008512,32.90044831036937,32.90044831036937
67,1,154.0,-6.5,1.9840540179785384,-6.5,1.9902734568335472,33.02839501547592,33.02839501547592
68,1,156.0,-6.5,1.9840540179785384,-6.5,1.990340457524316,33.154012549646694,33.154012549646694
69,1,158.0,-6.5,1.9840540179785384,-6.5,1.9904064450112544,33.27731235497713,33.27731235497713
70,1,160.0,-6.5,1.9840540179785384,-6.5,1.9904714319134107,33.39830688353106,33.39830688353106
71,1,162.0,-6.5,1.9840540179785384,-6.5,1.9905354314898005,33.51700904114064,33.51700904114064
72,1,164.0,-6.5,1.9840540179785384,-6.5,1.9905984575052131,33.633431841910095,33.633431841910095
73,1,166.0,-6.5,1.9840540179785384,-6.5,1.990660524090072,33.74758819500813,33.74758819500813
74,1,168.0,-6.5,1.9840540179785384,-6.5,1.990721645754272,33.85949078440406,33.85949078440406
75,1,170.0,-6.5,1.9840540179785384,-6.5,1.990781837207672,33.96915200355569,33.96915200355569
76,1,172.0,-6.5,1.9840540179785384,-6.5,1.9908411133422976,34.07658390091959,34.07658390091959
77,1,174.0,-6.5,1.9840540179785384,-6.5,1.9908994891636345,34.182587968341394,34.182587968341394
78,1,176.0,-6.5,1.9840540179785384,-6.5,1.9909569797382471,34.28780238491977,34.28780238491977
79,1,178.0,-6.5,1.9840540179785384,-6.5,1.9910136001606649,34.390907138097944,34.390907138097944
80,1,180.0,-6.5,1.9840540179785384,-6.5,1.991069365499892,34.49190964329004,34.49190964329004
0,170,20.0,-6.5,1.9840540179785384,-6.5,2.0517634762918138,95.7644088615283,95.7644088615283
1,170,22.0,-6.5,1.9840540179785384,-6.5,2.0366518173587185,84.45151978532404,84.45151978532404
2,170,24.0,-6.5,1.9840540179785384,-6.5,2.025736850816632,75.15019019978189,75.15019019978189
3,170,26.0,-6.5,1.9840540179785384,-6.5,2.017912060373805,67.40952419323122,67.40952419323122
4,170,28.0,-6.5,1.9840540179785384,-6.5,2.0125178444151857,60.916702297253735,60.916702297253735
5,170,30.0,-6.5,1.9840540179785384,-6.5,2.009315354132912,55.469909800652125,55.469909800652125
6,170,32.0,-6.5,1.9840540179785384,-6.5,2.0087317412115357,50.97214900194453,50.97214900194453
7,170,34.0,-6.5,1.9840540179785384,-6.5,2.0110323558460754,47.40033703609247,47.40033703609247
8,170,36.0,-6.5,1.9840540179785384,-6.5,2.012472806437721,44.62777800407637,44.62777800407637
9,170,38.0,-6.5,1.9840540179785384,-7.0,2.487965154074236,42.53710403551784,53.91412837755807
10,170,40.0,-6.5,1.9840540179785384,-7.0,2.449439247552025,32.44528350586886,46.70857193550187
11,170,42.0,-6.5,1.9840540179785384,-6.5,1.9343667621369045,41.6981002371185,41.6981002371185
12,170,44.0,-6.5,1.9840540179785384,-6.5,1.9045924827134808,36.74447845835083,36.74447845835083
13,170,46.0,-6.5,1.9840540179785384,-6.5,1.9323101944585277,22.94594908296509,22.94594908296509
14,170,48.0,-6.5,1.9840540179785384,-6.5,2.006804385018545,11.53349375940372,11.53349375940372
15,170,50.0,-6.5,1.9840540179785384,-7.0,2.509984549712244,57.23469554034029,57.6185994613294
16,170,52.0,-6.5,1.9840540179785384,-6.5,1.9865788762222625,6.229887738259911,6.229887738259911
17,170,54.0,-6.5,1.9840540179785384,-6.5,1.957716806682279,5.648262612620376,5.648262612620376
18,170,56.0,-6.5,1.9840540179785384,-6.5,1.9681336426108529,6.678293720947091,6.678293720947091
19,170,58.0,-6.5,1.9840540179785384,-7.0,2.465227762524547,45.70955376807205,52.57351520925946
20,170,60.0,-6.5,1.9840540179785384,-7.0,2.466307229640292,46.41918151975573,52.49963268934796
21,170,62.0,-6.5,1.9840540179785384,-6.5,1.9798116873822331,9.982174311474653,9.982174311474653
22,170,64.0,-6.5,1.9840540179785384,-6.5,1.9646490366521208,11.076068782838387,11.076068782838387
23,170,66.0,-6.5,1.9840540179785384,-6.5,1.9626869158063975,11.21538078566585,11.21538078566585
24,170,68.0,-6.5,1.9840540179785384,-6.5,1.969052151831601,10.2439645570006,10.2439645570006
25,170,70.0,-6.5,1.9840540179785384,-6.5,1.9748934026573748,9.131037212317256,9.131037212317256
26,170,72.0,-6.5,1.9840540179785384,-6.5,1.974723107998916,8.042634238435568,8.042634238435568
27,170,74.0,-6.5,1.9840540179785384,-6.5,1.974335259557,6.269915811728604,6.269915811728604
28,170,76.0,-6.5,1.9840540179785384,-6.5,1.9849536562696493,4.508084856385322,4.508084856385322
29,170,78.0,-6.5,1.9840540179785384,-7.0,2.4640667152220903,45.92278717393475,53.061297878720765
30,170,80.0,-6.5,1.9840540179785384,-6.5,1.986589062245052,4.083081686421064,4.083081686421064
31,170,82.0,-6.5,1.9840540179785384,-6.5,1.9705901621843431,3.928348100462098,3.928348100462098
32,170,84.0,-6.5,1.9840540179785384,-6.5,1.9735949683465912,4.503738480666193,4.503738480666193
33,170,86.0,-6.5,1.9840540179785384,-7.0,2.461385225005159,46.11803312610784,52.65482668173336
34,170,88.0,-6.5,1.9840540179785384,-7.0,2.4658026727476594,46.226211825373966,51.53339943180404
35,170,90.0,-6.5,1.9840540179785384,-6.5,1.983605356635323,7.847053248235873,7.847053248235873
36,170,92.0,-6.5,1.9840540179785384,-6.5,1.977856917437868,12.069191263264202,12.069191263264202
37,170,94.0,-6.5,1.9840540179785384,-6.5,1.9841837377562712,15.679405553465436,15.679405553465436
38,170,96.0,-6.5,1.9840540179785384,-6.5,1.9837431033380928,19.02907523738354,19.02907523738354
39,170,98.0,-6.5,1.9840540179785384,-6.5,1.9721289891575888,24.08916445287074,24.08916445287074
40,170,100.0,-6.5,1.9840540179785384,-6.5,1.9632886420280775,28.187144039530008,28.187144039530008
41,170,102.0,-6.5,1.9840540179785384,-6.5,1.966963754357541,30.17573199157632,30.17573199157632
42,170,104.0,-6.5,1.9840540179785384,-6.5,1.9790702058517955,30.88447604169721,30.88447604169721
43,170,106.0,-6.5,1.9840540179785384,-6.5,1.990689514175444,30.71857953703164,30.71857953703164
44,170,108.0,-6.5,1.9840540179785384,-7.0,2.4731700724177226,48.250289474520365,68.5814069565854
45,170,110.0,-6.5,1.9840540179785384,-6.5,1.996442337988152,29.89645431102656,29.89645431102656
46,170,112.0,-6.5,1.9840540179785384,-6.5,1.993866444332999,29.929499147188007,29.929499147188007
47,170,114.0,-6.5,1.9840540179785384,-6.5,1.9913475944608785,30.088421513392746,30.088421513392746
48,170,116.0,-6.5,1.9840540179785384,-6.5,1.989853058910782,30.25943597297041,30.25943597297041
49,170,118.0,-6.5,1.9840540179785384,-6.5,1.989229592271972,30.42310499030808,30.42310499030808
50,170,120.0,-6.5,1.9840540179785384,-6.5,1.9890651223745288,30.578924182892845,30.578924182892845
51,170,122.0,-6.5,1.9840540179785384,-6.5,1.989078762763328,30.73216631535718,30.73216631535718
52,170,124.0,-6.5,1.9840540179785384,-6.5,1.9891459628990944,30.88510244081578,30.88510244081578
53,170,126.0,-6.5,1.9840540179785384,-6.5,1.9892255210956584,31.038208720113264,31.038208720113264
54,170,128.0,-6.5,1.9840540179785384,-6.5,1.9893067444622297,31.19122551943644,31.19122551943644
55,170,130.0,-6.5,1.9840540179785384,-6.5,1.989387391066724,31.34407018535944,31.34407018535944
56,170,132.0,-6.5,1.9840540179785384,-6.5,1.9894670649389263,31.496361563099672,31.496361563099672
57,170,134.0,-6.5,1.9840540179785384,-6.5,1.989545698188231,31.64699872144765,31.64699872144765
58,170,136.0,-6.5,1.9840540179785384,-6.5,1.9896232728696377,31.79568569193029,31.79568569193029
59,170,138.0,-6.5,1.9840540179785384,-6.5,1.989699780581376,31.94221090956593,31.94221090956593
60,170,140.0,-6.5,1.9840540179785384,-6.5,1.9897752169921468,32.0864306142971,32.0864306142971
61,170,142.0,-6.5,1.9840540179785384,-6.5,1.9898495807844845,32.228252082874256,32.228252082874256
62,170,144.0,-6.5,1.9840540179785384,-6.5,1.9899228733275975,32.36761949840832,32.36761949840832
63,170,146.0,-6.5,1.9840540179785384,-6.5,1.98999509821594,32.50450297342299,32.50450297342299
64,170,148.0,-6.5,1.9840540179785384,-6.5,1.990066261042299,32.638890394249486,32.638890394249486
65,170,150.0,-6.5,1.9840540179785384,-6.5,1.9901363690648044,32.77078153409979,32.77078153409979
66,170,152.0,-6.5,1.9840540179785384,-6.5,1.990205431008512,32.90044831036937,32.90044831036937
67,170,154.0,-6.5,1.9840540179785384,-6.5,1.9902734568335472,33.02839501547592,33.02839501547592
68,170,156.0,-6.5,1.9840540179785384,-6.5,1.990340457524316,33.154012549646694,33.154012549646694
69,170,158.0,-6.5,1.9840540179785384,-6.5,1.9904064450112544,33.27731235497713,33.27731235497713
70,170,160.0,-6.5,1.9840540179785384,-6.5,1.9904714319134107,33.39830688353106,33.39830688353106
71,170,162.0,-6.5,1.9840540179785384,-6.5,1.9905354314898005,33.51700904114064,33.51700904114064
72,170,164.0,-6.5,1.9840540179785384,-6.5,1.9905984575052131,33.633431841910095,33.633431841910095
73,170,166.0,-6.5,1.9840540179785384,-6.5,1.990660524090072,33.74758819500813,33.74758819500813
74,170,168.0,-6.5,1.9840540179785384,-6.5,1.990721645754272,33.85949078440406,33.85949078440406
75,170,170.0,-6.5,1.9840540179785384,-6.5,1.990781837207672,33.96915200355569,33.96915200355569
76,170,172.0,-6.5,1.9840540179785384,-6.5,1.9908411133422976,34.07658390091959,34.07658390091959
77,170,174.0,-6.5,1.9840540179785384,-6.5,1.9908994891636345,34.182587968341394,34.182587968341394
78,170,176.0,-6.5,1.9840540179785384,-6.5,1.9909569797382471,34.28780238491977,34.28780238491977
79,170,178.0,-6.5,1.9840540179785384,-6.5,1.9910136001606649,34.390907138097944,34.390907138097944
80,170,180.0,-6.5,1.9840540179785384,-6.5,1.991069365499892,34.49190964329004,34.49190964329004
0,644,20.0,-5.5,1.2112494532334632,-5.5,1.2263882170948082,37.012780879968986,37.012780879968986
1,644,22.0,-5.5,1.2112494532334632,-5.5,1.222600394574794,32.607350374136104,32.607350374136104
2,644,24.0,-5.5,1.2112494532334632,-5.5,1.21990110838245,28.978039873898396,28.978039873898396
3,644,26.0,-5.5,1.2112494532334632,-5.5,1.2180518174014965,25.95450638676852,25.95450638676852
4,644,28.0,-5.5,1.2112494532334632,-5.5,1.2169778115292509,23.41041417149664,23.41041417149664
5,644,30.0,-5.5,1.2112494532334632,-5.5,1.2167290219145763,21.26071681495068,21.26071681495068
6,644,32.0,-5.5,1.2112494532334632,-5.5,1.217368576161289,19.45923320492982,19.45923320492982
7,644,34.0,-5.5,1.2112494532334632,-5.5,1.2184793906915958,18.000644954652316,18.000644954652316
8,644,36.0,-5.5,1.2112494532334632,-5.5,1.2181741750639323,16.91314074999631,16.91314074999631
9,644,38.0,-5.5,1.2112494532334632,-5.5,1.213051513214905,16.245085287425134,16.245085287425134
10,644,40.0,-5.5,1.2112494532334632,-5.5,1.2011185084120504,16.02176435059584,16.02176435059584
11,644,42.0,-5.5,1.2112494532334632,-5.5,1.1860574530287873,15.733894199413491,15.733894199413491
12,644,44.0,-5.5,1.2112494532334632,-5.5,1.1794044409198532,13.96604514537774,13.96604514537774
13,644,46.0,-5.5,1.2112494532334632,-5.5,1.1941333696476812,10.06887916065087,10.06887916065087
14,644,48.0,-5.5,1.2112494532334632,-5.5,1.2223534156356926,6.80056239932116,6.80056239932116
15,644,50.0,-5.5,1.2112494532334632,-5.5,1.233542997062366,5.735454244445674,5.735454244445674
16,644,52.0,-5.5,1.2112494532334632,-5.5,1.2194552919368165,4.611517444964325,4.611517444964325
17,644,54.0,-5.5,1.2112494532334632,-5.5,1.2038822563999352,4.105220055932356,4.105220055932356
18,644,56.0,-5.5,1.2112494532334632,-5.5,1.201997668296939,4.494985949044387,4.494985949044387
19,644,58.0,-5.5,1.2112494532334632,-5.5,1.2086485254081505,5.216397984096713,5.216397984096713
20,644,60.0,-5.5,1.2112494532334632,-5.5,1.2129546031296892,5.744279606774607,5.744279606774607
21,644,62.0,-5.5,1.2112494532334632,-5.5,1.2099650755977496,6.068644168347503,6.068644168347503
22,644,64.0,-5.5,1.2112494532334632,-5.5,1.203807996447422,6.455391063778115,6.455391063778115
23,644,66.0,-5.5,1.2112494532334632,-5.5,1.1999882566279854,6.504647743514842,6.504647743514842
24,644,68.0,-5.5,1.2112494532334632,-5.5,1.199429399744684,6.090261280090589,6.090261280090589
25,644,70.0,-5.5,1.2112494532334632,-5.5,1.2003311465662048,5.574738070578516,5.574738070578516
26,644,72.0,-5.5,1.2112494532334632,-5.5,1.202180596489556,4.984423965886494,4.984423965886494
27,644,74.0,-5.5,1.2112494532334632,-5.5,1.207047764330912,4.089988804375572,4.089988804375572
28,644,76.0,-5.5,1.2112494532334632,-5.5,1.2149526229678709,3.273979922240666,3.273979922240666
29,644,78.0,-5.5,1.2112494532334632,-5.5,1.2186293442455214,3.081511649684495,3.081511649684495
30,644,80.0,-5.5,1.2112494532334632,-5.5,1.212592766671409,2.9830095582400893,2.9830095582400893
31,644,82.0,-5.5,1.2112494532334632,-5.5,1.2048129985426077,2.909726674532675,2.909726674532675
32,644,84.0,-5.5,1.2112494532334632,-5.5,1.2053546917941256,3.347651220871807,3.347651220871807
33,644,86.0,-5.5,1.2112494532334632,-5.5,1.212671558622805,4.139090036361376,4.139090036361376
34,644,88.0,-5.5,1.2112494532334632,-5.5,1.216879939455252,4.605304373730365,4.605304373730365
35,644,90.0,-5.5,1.2112494532334632,-5.5,1.2134182605325272,5.227016228345061,5.227016228345061
36,644,92.0,-5.5,1.2112494532334632,-5.5,1.2084821359215854,6.839669541298063,6.839669541298063
37,644,94.0,-5.5,1.2112494532334632,-5.5,1.2064629151236614,8.228990447461346,8.228990447461346
38,644,96.0,-5.5,1.2112494532334632,-5.5,1.205359223229428,9.164159537544204,9.164159537544204
39,644,98.0,-5.5,1.2112494532334632,-5.5,1.2037498746668518,10.198942353803588,10.198942353803588
40,644,100.0,-5.5,1.2112494532334632,-5.5,1.2033294694103427,11.016114255838517,11.016114255838517
41,644,102.0,-5.5,1.2112494532334632,-5.5,1.2055278300474164,11.35868058046289,11.35868058046289
42,644,104.0,-5.5,1.2112494532334632,-5.5,1.2092288984954127,11.380730321906547,11.380730321906547
43,644,106.0,-5.5,1.2112494532334632,-5.5,1.2122104605507604,11.261609050119848,11.261609050119848
44,644,108.0,-5.5,1.2112494532334632,-5.5,1.2133322605442534,11.14944607573948,11.14944607573948
45,644,110.0,-5.5,1.2112494532334632,-5.5,1.2129738397872956,11.119820995331365,11.119820995331365
46,644,112.0,-5.5,1.2112494532334632,-5.5,1.2120945630579814,11.153575130986711,11.153575130986711
47,644,114.0,-5.5,1.2112494532334632,-5.5,1.2113599730683036,11.210312061371791,11.210312061371791
48,644,116.0,-5.5,1.2112494532334632,-5.5,1.210951235837707,11.270917855380183,11.270917855380183
49,644,118.0,-5.5,1.2112494532334632,-5.5,1.2107862545438777,11.331608993941591,11.331608993941591
50,644,120.0,-5.5,1.2112494532334632,-5.5,1.210743265237876,11.39205137998612,11.39205137998612
51,644,122.0,-5.5,1.2112494532334632,-5.5,1.2107462755712626,11.452886434625684,11.452886434625684
52,644,124.0,-5.5,1.2112494532334632,-5.5,1.2107628580423226,11.514225370266464,11.514225370266464
53,644,126.0,-5.5,1.2112494532334632,-5.5,1.2107825289320164,11.5758845249676,11.5758845249676
54,644,128.0,-5.5,1.2112494532334632,-5.5,1.2108026110529078,11.63777302881231,11.63777302881231
55,644,130.0,-5.5,1.2112494532334632,-5.5,1.2108225499609682,11.69974963043806,11.69974963043806
56,644,132.0,-5.5,1.2112494532334632,-5.5,1.2108422486402586,11.761209698221268,11.761209698221268
57,644,134.0,-5.5,1.2112494532334632,-5.5,1.2108616904048102,11.821988395596716,11.821988395596716
58,644,136.0,-5.5,1.2112494532334632,-5.5,1.210880870880843,11.881965609047796,11.881965609047796
59,644,138.0,-5.5,1.2112494532334632,-5.5,1.2108997879839474,11.941057718813184,11.941057718813184
60,644,140.0,-5.5,1.2112494532334632,-5.5,1.2109184406235705,11.999209122762773,11.999209122762773
61,644,142.0,-5.5,1.2112494532334632,-5.5,1.2109368284544255,12.056384885396398,12.056384885396398
62,644,144.0,-5.5,1.2112494532334632,-5.5,1.2109549517967209,12.112564869157737,12.112564869157737
63,644,146.0,-5.5,1.2112494532334632,-5.5,1.2109728115248093,12.167739266838003,12.167739266838003
64,644,148.0,-5.5,1.2112494532334632,-5.5,1.210990409002866,12.221905314480342,12.221905314480342
65,644,150.0,-5.5,1.2112494532334632,-5.5,1.2110077460180402,12.275064913422687,12.275064913422687
66,644,152.0,-5.5,1.2112494532334632,-5.5,1.211024824684939,12.327222973330963,12.327222973330963
67,644,154.0,-5.5,1.2112494532334632,-5.5,1.211041647477082,12.378386257451352,12.378386257451352
68,644,156.0,-5.5,1.2112494532334632,-5.5,1.211058217089631,12.428562601954408,12.428562601954408
69,644,158.0,-5.5,1.2112494532334632,-5.5,1.2110745364529556,12.477966039309482,12.477966039309482
70,644,160.0,-5.5,1.2112494532334632,-5.5,1.21109060868815,12.52668391710366,12.52668391710366
71,644,162.0,-5.5,1.2112494532334632,-5.5,1.211106437142553,12.574485540407512,12.574485540407512
72,644,164.0,-5.5,1.2112494532334632,-5.5,1.211122024883441,12.621377585994892,12.621377585994892
73,644,166.0,-5.5,1.2112494532334632,-5.5,1.2111373757440884,12.667366644023929,12.667366644023929
74,644,168.0,-5.5,1.2112494532334632,-5.5,1.211152493173637,12.712459071835855,12.712459071835855
75,644,170.0,-5.5,1.2112494532334632,-5.5,1.2111673808003507,12.756661057284916,12.756661057284916
76,644,172.0,-5.5,1.2112494532334632,-5.5,1.211182042293493,12.799978678902722,12.799978678902722
77,644,174.0,-5.5,1.2112494532334632,-5.5,1.2111964813549534,12.842417792065262,12.842417792065262
78,644,176.0,-5.5,1.2112494532334632,-5.5,1.2112107017004332,12.883984037912713,12.883984037912713
79,644,178.0,-5.5,1.2112494532334632,-5.5,1.2112247070512183,12.925216233901413,12.925216233901413
80,644,180.0,-5.5,1.2112494532334632,-5.5,1.2112385011223534,12.965918754336023,12.965918754336023
0,429,20.0,-7.0,2.4477766207732907,-7.0,2.584461145540202,150.4625848203277,150.4625848203277
1,429,22.0,-7.0,2.4477766207732907,-7.0,2.55496273629366,132.83439680243268,132.83439680243268
2,429,24.0,-7.0,2.4477766207732907,-7.0,2.533481427299111,118.36286417516176,118.36286417516176
3,429,26.0,-7.0,2.4477766207732907,-7.0,2.517714260333007,106.34826100944022,106.34826100944022
4,429,28.0,-7.0,2.4477766207732907,-7.0,2.5059598722761898,96.33036739277048,96.33036739277048
5,429,30.0,-7.0,2.4477766207732907,-7.0,2.497182601359718,88.04831957602481,88.04831957602481
6,429,32.0,-7.0,2.4477766207732907,-7.0,2.49230116002522,81.38711592119317,81.38711592119317
7,429,34.0,-7.0,2.4477766207732907,-7.0,2.493853657321614,76.18031117493037,76.18031117493037
8,429,36.0,-7.0,2.4477766207732907,-7.0,2.4979676306105585,71.63652295865174,71.63652295865174
9,429,38.0,-7.0,2.4477766207732907,-7.0,2.487965154074236,67.10303224001791,67.10303224001791
10,429,40.0,-7.0,2.4477766207732907,-7.0,2.449439247552025,64.60287258023816,64.60287258023816
11,429,42.0,-7.0,2.4477766207732907,-7.0,2.3854558753974264,64.45359065720808,64.45359065720808
12,429,44.0,-7.0,2.4477766207732907,-7.0,2.329114076292781,57.152768060560746,57.152768060560746
13,429,46.0,-7.0,2.4477766207732907,-7.0,2.360789357579082,33.675931367596085,33.675931367596085
14,429,48.0,-7.0,2.4477766207732907,-7.0,2.4777260011055606,14.051106018047694,14.051106018047694
15,429,50.0,-7.0,2.4477766207732907,-7.0,2.509984549712244,10.401193577848682,10.401193577848682
16,429,52.0,-7.0,2.4477766207732907,-7.0,2.4409458054757143,6.749619932629596,6.749619932629596
17,429,54.0,-7.0,2.4477766207732907,-7.0,2.4066796213094794,6.41232136712909,6.41232136712909
18,429,56.0,-7.0,2.4477766207732907,-7.0,2.430947567434052,7.789498757462043,7.789498757462043
19,429,58.0,-7.0,2.4477766207732907,-7.0,2.465227762524547,9.746946204793671,9.746946204793671
20,429,60.0,-7.0,2.4477766207732907,-7.0,2.466307229640292,10.957209805658916,10.957209805658916
21,429,62.0,-7.0,2.4477766207732907,-7.0,2.437968438349393,11.8775239011516,11.8775239011516
22,429,64.0,-7.0,2.4477766207732907,-7.0,2.4190341984283865,13.540291881701824,13.540291881701824
23,429,66.0,-7.0,2.4477766207732907,-7.0,2.421124420752653,13.7960806411627,13.7960806411627
24,429,68.0,-7.0,2.4477766207732907,-7.0,2.4336735393346287,12.446784770018386,12.446784770018386
25,429,70.0,-7.0,2.4477766207732907,-7.0,2.4445105995245964,10.885510751344968,10.885510751344968
26,429,72.0,-7.0,2.4477766207732907,-7.0,2.441845499756484,9.51612553174918,9.51612553174918
27,429,74.0,-7.0,2.4477766207732907,-7.0,2.4331043546017725,7.26776445130843,7.26776445130843
28,429,76.0,-7.0,2.4477766207732907,-7.0,2.44385445331797,4.982970904334698,4.982970904334698
29,429,78.0,-7.0,2.4477766207732907,-7.0,2.4640667152220903,4.5905525969713965,4.5905525969713965
30,429,80.0,-7.0,2.4477766207732907,-7.0,2.45267453006271,4.582326990932815,4.582326990932815
31,429,82.0,-7.0,2.4477766207732907,-7.0,2.427693688645046,4.409689074021813,4.409689074021813
32,429,84.0,-7.0,2.4477766207732907,-7.0,2.432790965349352,4.984573236015673,4.984573236015673
33,429,86.0,-7.0,2.4477766207732907,-7.0,2.461385225005159,6.656286178032209,6.656286178032209
34,429,88.0,-7.0,2.4477766207732907,-7.0,2.4658026727476594,7.523653684325623,7.523653684325623
35,429,90.0,-7.0,2.4477766207732907,-7.0,2.44024782824451,8.94269080811091,8.94269080811091
36,429,92.0,-7.0,2.4477766207732907,-7.0,2.4377071527721337,14.797482173596167,14.797482173596167
37,429,94.0,-7.0,2.4477766207732907,-7.0,2.458189988649222,19.780587588599687,19.780587588599687
38,429,96.0,-7.0,2.4477766207732907,-7.0,2.457976939284422,25.574552219716864,25.574552219716864
39,429,98.0,-7.0,2.4477766207732907,-7.0,2.430412520497804,35.75722096829585,35.75722096829585
40,429,100.0,-7.0,2.4477766207732907,-7.0,2.409789915674383,43.93092180626351,43.93092180626351
41,429,102.0,-7.0,2.4477766207732907,-7.0,2.4162449747482486,47.99367729979216,47.99367729979216
42,429,104.0,-7.0,2.4477766207732907,-7.0,2.439053872648323,50.08394467065772,50.08394467065772
43,429,106.0,-7.0,2.4477766207732907,-7.0,2.461320679990413,50.461762717488895,50.461762717488895
44,429,108.0,-7.0,2.4477766207732907,-7.0,2.4731700724177226,49.521228485006496,49.521228485006496
45,429,110.0,-7.0,2.4477766207732907,-7.0,2.474364732189064,48.8024044087721,48.8024044087721
46,429,112.0,-7.0,2.4477766207732907,-7.0,2.4701999551194267,48.75498213314107,48.75498213314107
47,429,114.0,-7.0,2.4477766207732907,-7.0,2.46568204243054,49.00343178049015,49.00343178049015
48,429,116.0,-7.0,2.4477766207732907,-7.0,2.462888099372086,49.28504628479277,49.28504628479277
49,429,118.0,-7.0,2.4477766207732907,-7.0,2.461695891450512,49.54694320168386,49.54694320168386
50,429,120.0,-7.0,2.4477766207732907,-7.0,2.4613773720253613,49.78856748484564,49.78856748484564
51,429,122.0,-7.0,2.4477766207732907,-7.0,2.461404775095588,50.02209675179156,50.02209675179156
52,429,124.0,-7.0,2.4477766207732907,-7.0,2.461537665193582,50.25329986984825,50.25329986984825
53,429,126.0,-7.0,2.4477766207732907,-7.0,2.461695169300865,50.48400624368668,50.48400624368668
54,429,128.0,-7.0,2.4477766207732907,-7.0,2.461856046488017,50.71433002612162,50.71433002612162
55,429,130.0,-7.0,2.4477766207732907,-7.0,2.4620157961833327,50.94377393848456,50.94377393848456
56,429,132.0,-7.0,2.4477766207732907,-7.0,2.462173619212092,51.17284618787232,51.17284618787232
57,429,134.0,-7.0,2.4477766207732907,-7.0,2.462330731054725,51.39950371585192,51.39950371585192
58,429,136.0,-7.0,2.4477766207732907,-7.0,2.462483035825272,51.62328958225528,51.62328958225528
59,429,138.0,-7.0,2.4477766207732907,-7.0,2.462634575465908,51.84387725664433,51.84387725664433
60,429,140.0,-7.0,2.4477766207732907,-7.0,2.4627839930180717,52.06104011687843,52.06104011687843
61,429,142.0,-7.0,2.4477766207732907,-7.0,2.462931278177471,52.27462824479874,52.27462824479874
62,429,144.0,-7.0,2.4477766207732907,-7.0,2.463076440383749,52.48454773471592,52.48454773471592
63,429,146.0,-7.0,2.4477766207732907,-7.0,2.463219485035906,52.69074429148344,52.69074429148344
64,429,148.0,-7.0,2.4477766207732907,-7.0,2.463360423409868,52.89375354432613,52.89375354432613
65,429,150.0,-7.0,2.4477766207732907,-7.0,2.463499269517844,53.09383217477945,53.09383217477945
66,429,152.0,-7.0,2.4477766207732907,-7.0,2.4636360411183467,53.29038139820872,53.29038139820872
67,429,154.0,-7.0,2.4477766207732907,-7.0,2.463770758015557,53.4834031347024,53.4834031347024
68,429,156.0,-7.0,2.4477766207732907,-7.0,2.463903442203796,53.67290453542434,53.67290453542434
69,429,158.0,-7.0,2.4477766207732907,-7.0,2.464034116883508,53.85889596786936,53.85889596786936
70,429,160.0,-7.0,2.4477766207732907,-7.0,2.464162808073945,54.04138968646439,54.04138968646439
71,429,162.0,-7.0,2.4477766207732907,-7.0,2.4642895412701504,54.220398972275866,54.220398972275866
72,429,164.0,-7.0,2.4477766207732907,-7.0,2.464414344089014,54.39593758785825,54.39593758785825
73,429,166.0,-7.0,2.4477766207732907,-7.0,2.4645372450516367,54.56801943867734,54.56801943867734
74,429,168.0,-7.0,2.4477766207732907,-7.0,2.4646582729643143,54.73665837277522,54.73665837277522
75,429,170.0,-7.0,2.4477766207732907,-7.0,2.464777456226685,54.90186806691707,54.90186806691707
76,429,172.0,-7.0,2.4477766207732907,-7.0,2.4648948252115046,55.06599316925191,55.06599316925191
77,429,174.0,-7.0,2.4477766207732907,-7.0,2.465010409398348,55.22794045259497,55.22794045259497
78,429,176.0,-7.0,2.4477766207732907,-7.0,2.4651242388992958,55.386637391980365,55.386637391980365
79,429,178.0,-7.0,2.4477766207732907,-7.0,2.465236343512247,55.54209100611645,55.54209100611645
80,429,180.0,-7.0,2.4477766207732907,-7.0,2.465346766934273,55.69430837743029,55.69430837743029
0,948,20.0,-6.5,1.9840540179785384,-6.5,2.0517634762918138,95.7644088615283,95.7644088615283
1,948,22.0,-6.5,1.9840540179785384,-6.5,2.0366518173587185,84.45151978532404,84.45151978532404
2,948,24.0,-6.5,1.9840540179785384,-6.5,2.025736850816632,75.15019019978189,75.15019019978189
3,948,26.0,-6.5,1.9840540179785384,-6.5,2.017912060373805,67.40952419323122,67.40952419323122
4,948,28.0,-6.5,1.9840540179785384,-6.5,2.0125178444151857,60.916702297253735,60.916702297253735
5,948,30.0,-6.5,1.9840540179785384,-6.5,2.009315354132912,55.469909800652125,55.469909800652125
6,948,32.0,-6.5,1.9840540179785384,-6.5,2.0087317412115357,50.97214900194453,50.97214900194453
7,948,34.0,-6.5,1.9840540179785384,-6.5,2.0110323558460754,47.40033703609247,47.40033703609247
8,948,36.0,-6.5,1.9840540179785384,-7.0,2.4979676306105585,53.25684218776208,79.20031356571101
9,948,38.0,-6.5,1.9840540179785384,-7.0,2.487965154074236,42.53710403551784,53.91412837755807
10,948,40.0,-6.5,1.9840540179785384,-7.0,2.449439247552025,32.44528350586886,46.70857193550187
11,948,42.0,-6.5,1.9840540179785384,-6.5,1.9343667621369045,41.6981002371185,41.6981002371185
12,948,44.0,-6.5,1.9840540179785384,-6.5,1.9045924827134808,36.74447845835083,36.74447845835083
13,948,46.0,-6.5,1.9840540179785384,-6.5,1.9323101944585277,22.94594908296509,22.94594908296509
14,948,48.0,-6.5,1.9840540179785384,-6.5,2.006804385018545,11.53349375940372,11.53349375940372
15,948,50.0,-6.5,1.9840540179785384,-7.0,2.509984549712244,57.23469554034029,57.6185994613294
16,948,52.0,-6.5,1.9840540179785384,-6.5,1.9865788762222625,6.229887738259911,6.229887738259911
17,948,54.0,-6.5,1.9840540179785384,-6.5,1.957716806682279,5.648262612620376,5.648262612620376
18,948,56.0,-6.5,1.9840540179785384,-6.5,1.9681336426108529,6.678293720947091,6.678293720947091
19,948,58.0,-6.5,1.9840540179785384,-6.5,1.9906265547566315,8.22607996491482,8.22607996491482
20,948,60.0,-6.5,1.9840540179785384,-7.0,2.466307229640292,46.41918151975573,52.49963268934796
21,948,62.0,-6.5,1.9840540179785384,-6.5,1.9798116873822331,9.982174311474653,9.982174311474653
22,948,64.0,-6.5,1.9840540179785384,-6.5,1.9646490366521208,11.076068782838387,11.076068782838387
23,948,66.0,-6.5,1.9840540179785384,-6.5,1.9626869158063975,11.21538078566585,11.21538078566585
24,948,68.0,-6.5,1.9840540179785384,-6.5,1.969052151831601,10.2439645570006,10.2439645570006
25,948,70.0,-6.5,1.9840540179785384,-6.5,1.9748934026573748,9.131037212317256,9.131037212317256
26,948,72.0,-6.5,1.9840540179785384,-6.5,1.974723107998916,8.042634238435568,8.042634238435568
27,948,74.0,-6.5,1.9840540179785384,-6.5,1.974335259557,6.269915811728604,6.269915811728604
28,948,76.0,-6.5,1.9840540179785384,-6.5,1.9849536562696493,4.508084856385322,4.508084856385322
29,948,78.0,-6.5,1.9840540179785384,-6.5,1.9960920235300248,4.159791687349388,4.159791687349388
30,948,80.0,-6.5,1.9840540179785384,-6.5,1.986589062245052,4.083081686421064,4.083081686421064
31,948,82.0,-6.5,1.9840540179785384,-6.5,1.9705901621843431,3.928348100462098,3.928348100462098
32,948,84.0,-6.5,1.9840540179785384,-6.5,1.9735949683465912,4.503738480666193,4.503738480666193
33,948,86.0,-6.5,1.9840540179785384,-6.5,1.9914539183349709,5.88873754974136,5.88873754974136
34,948,88.0,-6.5,1.9840540179785384,-6.5,1.996951189082449,6.638729749819596,6.638729749819596
35,948,90.0,-6.5,1.9840540179785384,-6.5,1.983605356635323,7.847053248235873,7.847053248235873
36,948,92.0,-6.5,1.9840540179785384,-6.5,1.977856917437868,12.069191263264202,12.069191263264202
37,948,94.0,-6.5,1.9840540179785384,-7.0,2.458189988649222,46.82845179315862,60.66051944227325
38,948,96.0,-6.5,1.9840540179785384,-7.0,2.457976939284422,47.578989653445134,54.884527428107546
39,948,98.0,-6.5,1.9840540179785384,-6.5,1.9721289891575888,24.08916445287074,24.08916445287074
40,948,100.0,-6.5,1.9840540179785384,-6.5,1.9632886420280775,28.187144039530008,28.187144039530008
41,948,102.0,-6.5,1.9840540179785384,-6.5,1.966963754357541,30.17573199157632,30.17573199157632
42,948,104.0,-6.5,1.9840540179785384,-6.5,1.9790702058517955,30.88447604169721,30.88447604169721
43,948,106.0,-6.5,1.9840540179785384,-6.5,1.990689514175444,30.71857953703164,30.71857953703164
44,948,108.0,-6.5,1.9840540179785384,-6.5,1.99641751451112,30.18198514037737,30.18198514037737
45,948,110.0,-6.5,1.9840540179785384,-6.5,1.996442337988152,29.89645431102656,29.89645431102656
46,948,112.0,-6.5,1.9840540179785384,-6.5,1.993866444332999,29.929499147188007,29.929499147188007
47,948,114.0,-6.5,1.9840540179785384,-6.5,1.9913475944608785,30.088421513392746,30.088421513392746
48,948,116.0,-6.5,1.9840540179785384,-6.5,1.989853058910782,30.25943597297041,30.25943597297041
49,948,118.0,-6.5,1.9840540179785384,-6.5,1.989229592271972,30.42310499030808,30.42310499030808
50,948,120.0,-6.5,1.9840540179785384,-6.5,1.9890651223745288,30.578924182892845,30.578924182892845
51,948,122.0,-6.5,1.9840540179785384,-6.5,1.989078762763328,30.73216631535718,30.73216631535718
52,948,124.0,-6.5,1.9840540179785384,-6.5,1.9891459628990944,30.88510244081578,30.88510244081578
53,948,126.0,-6.5,1.9840540179785384,-6.5,1.9892255210956584,31.038208720113264,31.038208720113264
54,948,128.0,-6.5,1.9840540179785384,-6.5,1.9893067444622297,31.19122551943644,31.19122551943644
55,948,130.0,-6.5,1.9840540179785384,-6.5,1.989387391066724,31.34407018535944,31.34407018535944
56,948,132.0,-6.5,1.9840540179785384,-6.5,1.9894670649389263,31.496361563099672,31.496361563099672
57,948,134.0,-6.5,1.9840540179785384,-6.5,1.989545698188231,31.64699872144765,31.64699872144765
58,948,136.0,-6.5,1.9840540179785384,-6.5,1.9896232728696377,31.79568569193029,31.79568569193029
59,948,138.0,-6.5,1.9840540179785384,-6.5,1.989699780581376,31.94221090956593,31.94221090956593
60,948,140.0,-6.5,1.9840540179785384,-6.5,1.9897752169921468,32.0864306142971,32.0864306142971
61,948,142.0,-6.5,1.9840540179785384,-6.5,1.9898495807844845,32.228252082874256,32.228252082874256
62,948,144.0,-6.5,1.9840540179785384,-6.5,1.9899228733275975,32.36761949840832,32.36761949840832
63,948,146.0,-6.5,1.9840540179785384,-6.5,1.98999509821594,32.50450297342299,32.50450297342299
64,948,148.0,-6.5,1.9840540179785384,-6.5,1.990066261042299,32.638890394249486,32.638890394249486
65,948,150.0,-6.5,1.9840540179785384,-6.5,1.9901363690648044,32.77078153409979,32.77078153409979
66,948,152.0,-6.5,1.9840540179785384,-6.5,1.990205431008512,32.90044831036937,32.90044831036937
67,948,154.0,-6.5,1.9840540179785384,-6.5,1.9902734568335472,33.02839501547592,33.02839501547592
68,948,156.0,-6.5,1.9840540179785384,-6.5,1.990340457524316,33.154012549646694,33.154012549646694
69,948,158.0,-6.5,1.9840540179785384,-6.5,1.9904064450112544,33.27731235497713,33.27731235497713
70,948,160.0,-6.5,1.9840540179785384,-6.5,1.9904714319134107,33.39830688353106,33.39830688353106
71,948,162.0,-6.5,1.9840540179785384,-6.5,1.9905354314898005,33.51700904114064,33.51700904114064
72,948,164.0,-6.5,1.9840540179785384,-6.5,1.9905984575052131,33.633431841910095,33.633431841910095
73,948,166.0,-6.5,1.9840540179785384,-6.5,1.990660524090072,33.74758819500813,33.74758819500813
74,948,168.0,-6.5,1.9840540179785384,-6.5,1.990721645754272,33.85949078440406,33.85949078440406
75,948,170.0,-6.5,1.9840540179785384,-6.5,1.990781837207672,33.96915200355569,33.96915200355569
76,948,172.0,-6.5,1.9840540179785384,-6.5,1.9908411133422976,34.07658390091959,34.07658390091959
77,948,174.0,-6.5,1.9840540179785384,-6.5,1.9908994891636345,34.182587968341394,34.182587968341394
78,948,176.0,-6.5,1.9840540179785384,-6.5,1.9909569797382471,34.28780238491977,34.28780238491977
79,948,178.0,-6.5,1.9840540179785384,-6.5,1.9910136001606649,34.390907138097944,34.390907138097944
80,948,180.0,-6.5,1.9840540179785384,-6.5,1.991069365499892,34.49190964329004,34.49190964329004
0,111,20.0,-7.0,2.4477766207732907,-7.0,2.584461145540202,150.4625848203277,150.4625848203277
1,111,22.0,-7.0,2.4477766207732907,-7.0,2.55496273629366,132.83439680243268,132.83439680243268
2,111,24.0,-7.0,2.4477766207732907,-7.0,2.533481427299111,118.36286417516176,118.36286417516176
3,111,26.0,-7.0,2.4477766207732907,-7.0,2.517714260333007,106.34826100944022,106.34826100944022
4,111,28.0,-7.0,2.4477766207732907,-7.0,2.5059598722761898,96.33036739277048,96.33036739277048
5,111,30.0,-7.0,2.4477766207732907,-7.0,2.497182601359718,88.04831957602481,88.04831957602481
6,111,32.0,-7.0,2.4477766207732907,-7.0,2.49230116002522,81.38711592119317,81.38711592119317
7,111,34.0,-7.0,2.4477766207732907,-7.5,3.0751163538788533,103.14356010742064,122.38679654978824
8,111,36.0,-7.0,2.4477766207732907,-7.5,3.084880436363137,92.95765462133622,97.82263055331288
9,111,38.0,-7.0,2.4477766207732907,-7.0,2.487965154074236,67.10303224001791,67.10303224001791
10,111,40.0,-7.0,2.4477766207732907,-7.0,2.449439247552025,64.60287258023816,64.60287258023816
11,111,42.0,-7.0,2.4477766207732907,-7.0,2.3854558753974264,64.45359065720808,64.45359065720808
12,111,44.0,-7.0,2.4477766207732907,-7.0,2.329114076292781,57.152768060560746,57.152768060560746
13,111,46.0,-7.0,2.4477766207732907,-7.0,2.360789357579082,33.675931367596085,33.675931367596085
14,111,48.0,-7.0,2.4477766207732907,-7.0,2.4777260011055606,14.051106018047694,14.051106018047694
15,111,50.0,-7.0,2.4477766207732907,-7.5,3.083539376254953,48.3332401739729,72.2300309036245
16,111,52.0,-7.0,2.4477766207732907,-7.0,2.4409458054757143,6.749619932629596,6.749619932629596
17,111,54.0,-7.0,2.4477766207732907,-7.0,2.4066796213094794,6.41232136712909,6.41232136712909
18,111,56.0,-7.0,2.4477766207732907,-7.0,2.430947567434052,7.789498757462043,7.789498757462043
19,111,58.0,-7.0,2.4477766207732907,-7.0,2.465227762524547,9.746946204793671,9.746946204793671
20,111,60.0,-7.0,2.4477766207732907,-7.0,2.466307229640292,10.957209805658916,10.957209805658916
21,111,62.0,-7.0,2.4477766207732907,-7.0,2.437968438349393,11.8775239011516,11.8775239011516
22,111,64.0,-7.0,2.4477766207732907,-7.0,2.4190341984283865,13.540291881701824,13.540291881701824
23,111,66.0,-7.0,2.4477766207732907,-7.0,2.421124420752653,13.7960806411627,13.7960806411627
24,111,68.0,-7.0,2.4477766207732907,-7.0,2.4336735393346287,12.446784770018386,12.446784770018386
25,111,70.0,-7.0,2.4477766207732907,-7.5,3.007392397353012,36.17913997829936,71.20885135882466
26,111,72.0,-7.0,2.4477766207732907,-7.5,3.0033417277923125,35.51776093020205,71.40190291196356
27,111,74.0,-7.0,2.4477766207732907,-7.0,2.4331043546017725,7.26776445130843,7.26776445130843
28,111,76.0,-7.0,2.4477766207732907,-7.0,2.44385445331797,4.982970904334698,4.982970904334698
29,111,78.0,-7.0,2.4477766207732907,-7.0,2.4640667152220903,4.5905525969713965,4.5905525969713965
30,111,80.0,-7.0,2.4477766207732907,-7.5,3.011955439539914,35.972007654113995,71.66409248358978
31,111,82.0,-7.0,2.4477766207732907,-7.0,2.427693688645046,4.409689074021813,4.409689074021813
32,111,84.0,-7.0,2.4477766207732907,-7.0,2.432790965349352,4.984573236015673,4.984573236015673
33,111,86.0,-7.0,2.4477766207732907,-7.0,2.461385225005159,6.656286178032209,6.656286178032209
34,111,88.0,-7.0,2.4477766207732907,-7.5,3.0276553240116137,36.23561894118756,69.86380738545611
35,111,90.0,-7.0,2.4477766207732907,-7.0,2.44024782824451,8.94269080811091,8.94269080811091
36,111,92.0,-7.0,2.4477766207732907,-7.0,2.4377071527721337,14.797482173596167,14.797482173596167
37,111,94.0,-7.0,2.4477766207732907,-7.0,2.458189988649222,19.780587588599687,19.780587588599687
38,111,96.0,-7.0,2.4477766207732907,-7.5,3.0309612377695205,37.33368742488084,78.09117981562387
39,111,98.0,-7.0,2.4477766207732907,-7.5,2.97085838130734,39.08194694837149,57.7300103267074
40,111,100.0,-7.0,2.4477766207732907,-7.0,2.409789915674383,43.93092180626351,43.93092180626351
41,111,102.0,-7.0,2.4477766207732907,-7.0,2.4162449747482486,47.99367729979216,47.99367729979216
42,111,104.0,-7.0,2.4477766207732907,-7.0,2.439053872648323,50.08394467065772,50.08394467065772
43,111,106.0,-7.0,2.4477766207732907,-7.0,2.461320679990413,50.461762717488895,50.461762717488895
44,111,108.0,-7.0,2.4477766207732907,-7.0,2.4731700724177226,49.521228485006496,49.521228485006496
45,111,110.0,-7.0,2.4477766207732907,-7.0,2.474364732189064,48.8024044087721,48.8024044087721
46,111,112.0,-7.0,2.4477766207732907,-7.0,2.4701999551194267,48.75498213314107,48.75498213314107
47,111,114.0,-7.0,2.4477766207732907,-7.0,2.46568204243054,49.00343178049015,49.00343178049015
48,111,116.0,-7.0,2.4477766207732907,-7.0,2.462888099372086,49.28504628479277,49.28504628479277
49,111,118.0,-7.0,2.4477766207732907,-7.0,2.461695891450512,49.54694320168386,49.54694320168386
50,111,120.0,-7.0,2.4477766207732907,-7.0,2.4613773720253613,49.78856748484564,49.78856748484564
51,111,122.0,-7.0,2.4477766207732907,-7.0,2.461404775095588,50.02209675179156,50.02209675179156
52,111,124.0,-7.0,2.4477766207732907,-7.0,2.461537665193582,50.25329986984825,50.25329986984825
53,111,126.0,-7.0,2.4477766207732907,-7.0,2.461695169300865,50.48400624368668,50.48400624368668
54,111,128.0,-7.0,2.4477766207732907,-7.0,2.461856046488017,50.71433002612162,50.71433002612162
55,111,130.0,-7.0,2.4477766207732907,-7.0,2.4620157961833327,50.94377393848456,50.94377393848456
56,111,132.0,-7.0,2.4477766207732907,-7.0,2.462173619212092,51.17284618787232,51.17284618787232
57,111,134.0,-7.0,2.4477766207732907,-7.0,2.462330731054725,51.39950371585192,51.39950371585192
58,111,136.0,-7.0,2.4477766207732907,-7.0,2.462483035825272,51.62328958225528,51.62328958225528
59,111,138.0,-7.0,2.4477766207732907,-7.0,2.462634575465908,51.84387725664433,51.84387725664433
60,111,140.0,-7.0,2.4477766207732907,-7.0,2.4627839930180717,52.06104011687843,52.06104011687843
61,111,142.0,-7.0,2.4477766207732907,-7.0,2.462931278177471,52.27462824479874,52.27462824479874
62,111,144.0,-7.0,2.4477766207732907,-7.0,2.463076440383749,52.48454773471592,52.48454773471592
63,111,146.0,-7.0,2.4477766207732907,-7.0,2.463219485035906,52.69074429148344,52.69074429148344
64,111,148.0,-7.0,2.4477766207732907,-7.0,2.463360423409868,52.89375354432613,52.89375354432613
65,111,150.0,-7.0,2.4477766207732907,-7.0,2.463499269517844,53.09383217477945,53.09383217477945
66,111,152.0,-7.0,2.4477766207732907,-7.0,2.4636360411183467,53.29038139820872,53.29038139820872
67,111,154.0,-7.0,2.4477766207732907,-7.0,2.463770758015557,53.4834031347024,53.4834031347024
68,111,156.0,-7.0,2.4477766207732907,-7.0,2.463903442203796,53.67290453542434,53.67290453542434
69,111,158.0,-7.0,2.4477766207732907,-7.0,2.464034116883508,53.85889596786936,53.85889596786936
70,111,160.0,-7.0,2.4477766207732907,-7.0,2.464162808073945,54.04138968646439,54.04138968646439
71,111,162.0,-7.0,2.4477766207732907,-7.0,2.4642895412701504,54.220398972275866,54.220398972275866
72,111,164.0,-7.0,2.4477766207732907,-7.0,2.464414344089014,54.39593758785825,54.39593758785825
73,111,166.0,-7.0,2.4477766207732907,-7.0,2.4645372450516367,54.56801943867734,54.56801943867734
74,111,168.0,-7.0,2.4477766207732907,-7.0,2.4646582729643143,54.73665837277522,54.73665837277522
75,111,170.0,-7.0,2.4477766207732907,-7.0,2.464777456226685,54.90186806691707,54.90186806691707
76,111,172.0,-7.0,2.4477766207732907,-7.0,2.4648948252115046,55.06599316925191,55.06599316925191
77,111,174.0,-7.0,2.4477766207732907,-7.0,2.465010409398348,55.22794045259497,55.22794045259497
78,111,176.0,-7.0,2.4477766207732907,-7.0,2.4651242388992958,55.386637391980365,55.386637391980365
79,111,178.0,-7.0,2.4477766207732907,-7.0,2.465236343512247,55.54209100611645,55.54209100611645
80,111,180.0,-7.0,2.4477766207732907,-7.0,2.465346766934273,55.69430837743029,55.69430837743029
0,362,20.0,-7.0,2.4477766207732907,-7.0,2.584461145540202,150.4625848203277,150.4625848203277
1,362,22.0,-7.0,2.4477766207732907,-7.0,2.55496273629366,132.83439680243268,132.83439680243268
2,362,24.0,-7.0,2.4477766207732907,-7.0,2.533481427299111,118.36286417516176,118.36286417516176
3,362,26.0,-7.0,2.4477766207732907,-7.0,2.517714260333007,106.34826100944022,106.34826100944022
4,362,28.0,-7.0,2.4477766207732907,-7.0,2.5059598722761898,96.33036739277048,96.33036739277048
5,362,30.0,-7.0,2.4477766207732907,-6.5,2.009315354132912,68.69808164269567,68.69808164269567
6,362,32.0,-7.0,2.4477766207732907,-6.5,2.0087317412115357,64.79137832306078,64.79137832306078
7,362,34.0,-7.0,2.4477766207732907,-6.5,2.0110323558460754,62.66042000044734,62.66042000044734
8,362,36.0,-7.0,2.4477766207732907,-6.5,2.012472806437721,63.674626506434535,63.674626506434535
9,362,38.0,-7.0,2.4477766207732907,-6.5,2.003275692643516,71.20819820967114,71.20819820967114
10,362,40.0,-7.0,2.4477766207732907,-7.0,2.449439247552025,64.60287258023816,64.60287258023816
11,362,42.0,-7.0,2.4477766207732907,-7.0,2.3854558753974264,64.45359065720808,64.45359065720808
12,362,44.0,-7.0,2.4477766207732907,-7.0,2.329114076292781,57.152768060560746,57.152768060560746
13,362,46.0,-7.0,2.4477766207732907,-7.0,2.360789357579082,33.675931367596085,33.675931367596085
14,362,48.0,-7.0,2.4477766207732907,-7.0,2.4777260011055606,14.051106018047694,14.051106018047694
15,362,50.0,-7.0,2.4477766207732907,-6.5,2.029740983984267,52.66831736347508,52.66831736347508
16,362,52.0,-7.0,2.4477766207732907,-6.5,1.9865788762222625,52.89863392359138,52.89863392359138
17,362,54.0,-7.0,2.4477766207732907,-7.0,2.4066796213094794,6.41232136712909,6.41232136712909
18,362,56.0,-7.0,2.4477766207732907,-7.0,2.430947567434052,7.789498757462043,7.789498757462043
19,362,58.0,-7.0,2.4477766207732907,-7.0,2.465227762524547,9.746946204793671,9.746946204793671
20,362,60.0,-7.0,2.4477766207732907,-6.5,1.995810330294103,53.092789500007406,53.092789500007406
21,362,62.0,-7.0,2.4477766207732907,-6.5,1.9798116873822331,53.22591705507377,53.22591705507377
22,362,64.0,-7.0,2.4477766207732907,-7.0,2.4190341984283865,13.540291881701824,13.540291881701824
23,362,66.0,-7.0,2.4477766207732907,-7.0,2.421124420752653,13.7960806411627,13.7960806411627
24,362,68.0,-7.0,2.4477766207732907,-7.0,2.4336735393346287,12.446784770018386,12.446784770018386
25,362,70.0,-7.0,2.4477766207732907,-6.5,1.9748934026573748,53.14266973062867,53.14266973062867
26,362,72.0,-7.0,2.4477766207732907,-6.5,1.974723107998916,52.92748344117255,52.92748344117255
27,362,74.0,-7.0,2.4477766207732907,-6.5,1.974335259557,52.73030852776492,52.73030852776492
28,362,76.0,-7.0,2.4477766207732907,-7.0,2.44385445331797,4.982970904334698,4.982970904334698
29,362,78.0,-7.0,2.4477766207732907,-7.0,2.4640667152220903,4.5905525969713965,4.5905525969713965
30,362,80.0,-7.0,2.4477766207732907,-7.0,2.45267453006271,4.582326990932815,4.582326990932815
31,362,82.0,-7.0,2.4477766207732907,-6.5,1.9705901621843431,52.60927358980273,52.60927358980273
32,362,84.0,-7.0,2.4477766207732907,-6.5,1.9735949683465912,52.679076693970174,52.679076693970174
33,362,86.0,-7.0,2.4477766207732907,-7.0,2.461385225005159,6.656286178032209,6.656286178032209
34,362,88.0,-7.0,2.4477766207732907,-7.0,2.4658026727476594,7.523653684325623,7.523653684325623
35,362,90.0,-7.0,2.4477766207732907,-6.5,1.983605356635323,52.28274416463958,52.28274416463958
36,362,92.0,-7.0,2.4477766207732907,-7.0,2.4377071527721337,14.797482173596167,14.797482173596167
37,362,94.0,-7.0,2.4477766207732907,-7.0,2.458189988649222,19.780587588599687,19.780587588599687
38,362,96.0,-7.0,2.4477766207732907,-7.0,2.457976939284422,25.574552219716864,25.574552219716864
39,362,98.0,-7.0,2.4477766207732907,-6.5,1.9721289891575888,70.63492984018242,70.63492984018242
40,362,100.0,-7.0,2.4477766207732907,-6.5,1.9632886420280775,79.85393648509023,79.85393648509023
41,362,102.0,-7.0,2.4477766207732907,-6.5,1.966963754357541,82.79504027350875,82.79504027350875
42,362,104.0,-7.0,2.4477766207732907,-6.5,1.9790702058517955,79.68183329999795,79.68183329999795
43,362,106.0,-7.0,2.4477766207732907,-7.0,2.461320679990413,50.461762717488895,50.461762717488895
44,362,108.0,-7.0,2.4477766207732907,-7.0,2.4731700724177226,49.521228485006496,49.521228485006496
45,362,110.0,-7.0,2.4477766207732907,-7.0,2.474364732189064,48.8024044087721,48.8024044087721
46,362,112.0,-7.0,2.4477766207732907,-7.0,2.4701999551194267,48.75498213314107,48.75498213314107
47,362,114.0,-7.0,2.4477766207732907,-7.0,2.46568204243054,49.00343178049015,49.00343178049015
48,362,116.0,-7.0,2.4477766207732907,-7.0,2.462888099372086,49.28504628479277,49.28504628479277
49,362,118.0,-7.0,2.4477766207732907,-7.0,2.461695891450512,49.54694320168386,49.54694320168386
50,362,120.0,-7.0,2.4477766207732907,-7.0,2.4613773720253613,49.78856748484564,49.78856748484564
51,362,122.0,-7.0,2.4477766207732907,-7.0,2.461404775095588,50.02209675179156,50.02209675179156
52,362,124.0,-7.0,2.4477766207732907,-7.0,2.461537665193582,50.25329986984825,50.25329986984825
53,362,126.0,-7.0,2.4477766207732907,-7.0,2.461695169300865,50.48400624368668,50.48400624368668
54,362,128.0,-7.0,2.4477766207732907,-7.0,2.461856046488017,50.71433002612162,50.71433002612162
55,362,130.0,-7.0,2.4477766207732907,-7.0,2.4620157961833327,50.94377393848456,50.94377393848456
56,362,132.0,-7.0,2.4477766207732907,-7.0,2.462173619212092,51.17284618787232,51.17284618787232
57,362,134.0,-7.0,2.4477766207732907,-7.0,2.462330731054725,51.39950371585192,51.39950371585192
58,362,136.0,-7.0,2.4477766207732907,-7.0,2.462483035825272,51.62328958225528,51.62328958225528
59,362,138.0,-7.0,2.4477766207732907,-7.0,2.462634575465908,51.84387725664433,51.84387725664433
60,362,140.0,-7.0,2.4477766207732907,-7.0,2.4627839930180717,52.06104011687843,52.06104011687843
61,362,142.0,-7.0,2.4477766207732907,-7.0,2.462931278177471,52.27462824479874,52.27462824479874
62,362,144.0,-7.0,2.4477766207732907,-7.0,2.463076440383749,52.48454773471592,52.48454773471592
63,362,146.0,-7.0,2.4477766207732907,-7.0,2.463219485035906,52.69074429148344,52.69074429148344
64,362,148.0,-7.0,2.4477766207732907,-7.0,2.463360423409868,52.89375354432613,52.89375354432613
65,362,150.0,-7.0,2.4477766207732907,-7.0,2.463499269517844,53.09383217477945,53.09383217477945
66,362,152.0,-7.0,2.4477766207732907,-7.0,2.4636360411183467,53.29038139820872,53.29038139820872
67,362,154.0,-7.0,2.4477766207732907,-7.0,2.463770758015557,53.4834031347024,53.4834031347024
68,362,156.0,-7.0,2.4477766207732907,-7.0,2.463903442203796,53.67290453542434,53.67290453542434
69,362,158.0,-7.0,2.4477766207732907,-7.0,2.464034116883508,53.85889596786936,53.85889596786936
70,362,160.0,-7.0,2.4477766207732907,-7.0,2.464162808073945,54.04138968646439,54.04138968646439
71,362,162.0,-7.0,2.4477766207732907,-7.0,2.4642895412701504,54.220398972275866,54.220398972275866
72,362,164.0,-7.0,2.4477766207732907,-7.0,2.464414344089014,54.39593758785825,54.39593758785825
73,362,166.0,-7.0,2.4477766207732907,-7.0,2.4645372450516367,54.56801943867734,54.56801943867734
74,362,168.0,-7.0,2.4477766207732907,-7.0,2.4646582729643143,54.73665837277522,54.73665837277522
75,362,170.0,-7.0,2.4477766207732907,-7.0,2.464777456226685,54.90186806691707,54.90186806691707
76,362,172.0,-7.0,2.4477766207732907,-7.0,2.4648948252115046,55.06599316925191,55.06599316925191
77,362,174.0,-7.0,2.4477766207732907,-7.0,2.465010409398348,55.22794045259497,55.22794045259497
78,362,176.0,-7.0,2.4477766207732907,-7.0,2.4651242388992958,55.386637391980365,55.386637391980365
79,362,178.0,-7.0,2.4477766207732907,-7.0,2.465236343512247,55.54209100611645,55.54209100611645
80,362,180.0,-7.0,2.4477766207732907,-7.0,2.465346766934273,55.69430837743029,55.69430837743029
0,259,20.0,-7.5,3.0023917214998237,-7.5,3.2630850052113947,230.4832250729791,230.4832250729791
1,259,22.0,-7.5,3.0023917214998237,-7.5,3.208762816308891,203.86627054641792,203.86627054641792
2,259,24.0,-7.5,3.0023917214998237,-7.5,3.1688757230452627,182.07412299947268,182.07412299947268
3,259,26.0,-7.5,3.0023917214998237,-7.5,3.138953990187048,164.08339474036293,164.08339474036293
4,259,28.0,-7.5,3.0023917214998237,-7.5,3.1150519824612544,149.27880680772623,149.27880680772623
5,259,30.0,-7.5,3.0023917214998237,-7.5,3.094058093433898,137.4276529007758,137.4276529007758
6,259,32.0,-7.5,3.0023917214998237,-7.5,3.077802781989329,128.51824955998333,128.51824955998333
7,259,34.0,-7.5,3.0023917214998237,-7.5,3.0751163538788533,121.81368775174118,121.81368775174118
8,259,36.0,-7.5,3.0023917214998237,-8.0,3.8258542611810618,160.8676600622826,160.8676600622826
9,259,38.0,-7.5,3.0023917214998237,-8.0,3.8301241552654273,130.26609472474024,130.26609472474024
10,259,40.0,-7.5,3.0023917214998237,-7.5,3.028029738409221,95.07860306809624,95.07860306809624
11,259,42.0,-7.5,3.0023917214998237,-7.0,2.3854558753974264,118.21055648710004,118.21055648710004
12,259,44.0,-7.5,3.0023917214998237,-7.0,2.329114076292781,115.24976157642902,115.24976157642902
13,259,46.0,-7.5,3.0023917214998237,-7.0,2.360789357579082,90.16681390829706,90.16681390829706
14,259,48.0,-7.5,3.0023917214998237,-8.0,3.739102655639692,37.686387843702505,91.45031252348986
15,259,50.0,-7.5,3.0023917214998237,-7.5,3.083539376254953,11.437898011571374,11.437898011571374
16,259,52.0,-7.5,3.0023917214998237,-7.0,2.4409458054757143,71.86568444499576,71.86568444499576
17,259,54.0,-7.5,3.0023917214998237,-7.5,2.944805851641493,7.248302408308759,7.248302408308759
18,259,56.0,-7.5,3.0023917214998237,-7.5,2.988737158647599,8.90401605213668,8.90401605213668
19,259,58.0,-7.5,3.0023917214998237,-7.5,3.034281724994905,11.171488126893204,11.171488126893204
20,259,60.0,-7.5,3.0023917214998237,-7.5,3.0246446714209627,12.407395785504704,12.407395785504704
21,259,62.0,-7.5,3.0023917214998237,-7.5,2.983534182303837,13.546932309166094,13.546932309166094
22,259,64.0,-7.5,3.0023917214998237,-7.5,2.9659620760230547,15.94694107993302,15.94694107993302
23,259,66.0,-7.5,3.0023917214998237,-7.5,2.972489360672,16.410228185850563,16.410228185850563
24,259,68.0,-7.5,3.0023917214998237,-7.5,2.989451102310793,14.604154407036924,14.604154407036924
25,259,70.0,-7.5,3.0023917214998237,-7.5,3.007392397353012,12.484303470653115,12.484303470653115
26,259,72.0,-7.5,3.0023917214998237,-7.5,3.0033417277923125,10.842045191583209,10.842045191583209
27,259,74.0,-7.5,3.0023917214998237,-7.5,2.9815046781465813,8.130334642193692,8.130334642193692
28,259,76.0,-7.5,3.0023917214998237,-7.5,2.989939915670937,5.351769621021184,5.351769621021184
29,259,78.0,-7.5,3.0023917214998237,-7.5,3.024999775687967,4.955486942696105,4.955486942696105
30,259,80.0,-7.5,3.0023917214998237,-7.5,3.011955439539914,5.045607553014268,5.045607553014268
31,259,82.0,-7.5,3.0023917214998237,-7.5,2.9717587078723957,4.863434093278412,4.863434093278412
32,259,84.0,-7.5,3.0023917214998237,-7.5,2.9797623880469644,5.394078469111433,5.394078469111433
33,259,86.0,-7.5,3.0023917214998237,-7.5,3.02638793937456,7.341987957267658,7.341987957267658
34,259,88.0,-7.5,3.0023917214998237,-7.5,3.0276553240116137,8.356710462143097,8.356710462143097
35,259,90.0,-7.5,3.0023917214998237,-7.5,2.9806021178418325,9.874291326771116,9.874291326771116
36,259,92.0,-7.5,3.0023917214998237,-7.5,2.9861357762722327,17.293912973378674,17.293912973378674
37,259,94.0,-7.5,3.0023917214998237,-8.0,3.7604536387592415,26.801199290553207,111.61794313164744
38,259,96.0,-7.5,3.0023917214998237,-7.5,3.0309612377695205,33.02224012489528,33.02224012489528
39,259,98.0,-7.5,3.0023917214998237,-7.0,2.430412520497804,98.1245936245774,98.1245936245774
40,259,100.0,-7.5,3.0023917214998237,-7.0,2.409789915674383,113.80178631232415,113.80178631232415
41,259,102.0,-7.5,3.0023917214998237,-7.0,2.4162449747482486,119.52725562930664,119.52725562930664
42,259,104.0,-7.5,3.0023917214998237,-7.5,2.988971504392002,79.77247007939216,79.77247007939216
43,259,106.0,-7.5,3.0023917214998237,-7.5,3.029055000134602,82.47032823742029,82.47032823742029
44,259,108.0,-7.5,3.0023917214998237,-7.5,3.0514144451854164,81.25700775802882,81.25700775802882
45,259,110.0,-7.5,3.0023917214998237,-7.5,3.0554746104644748,79.55326826459562,79.55326826459562
46,259,112.0,-7.5,3.0023917214998237,-7.5,3.049555806802805,79.16604870213952,79.16604870213952
47,259,114.0,-7.5,3.0023917214998237,-7.5,3.0421311060492475,79.48255142809481,79.48255142809481
48,259,116.0,-7.5,3.0023917214998237,-7.5,3.037266604227927,79.92297109586552,79.92297109586552
49,259,118.0,-7.5,3.0023917214998237,-7.5,3.0351198729314226,80.31497293393637,80.31497293393637
50,259,120.0,-7.5,3.0023917214998237,-7.5,3.0345334157639905,80.6746096539094,80.6746096539094
51,259,122.0,-7.5,3.0023917214998237,-7.5,3.034583563786753,81.01583765527896,81.01583765527896
52,259,124.0,-7.5,3.0023917214998237,-7.5,3.034832099491776,81.34983644567522,81.34983644567522
53,259,126.0,-7.5,3.0023917214998237,-7.5,3.03512777138893,81.68139102628501,81.68139102628501
54,259,128.0,-7.5,3.0023917214998237,-7.5,3.03543009197987,82.01166828220215,82.01166828220215
55,259,130.0,-7.5,3.0023917214998237,-7.5,3.035730351435572,82.34040048745702,82.34040048745702
56,259,132.0,-7.5,3.0023917214998237,-7.5,3.036026991056317,82.6668549012722,82.6668549012722
57,259,134.0,-7.5,3.0023917214998237,-7.5,3.0363197406374565,82.99025482321473,82.99025482321473
58,259,136.0,-7.5,3.0023917214998237,-7.5,3.0366085336870734,83.30994101953317,83.30994101953317
59,259,138.0,-7.5,3.0023917214998237,-7.5,3.0368933386463794,83.62540903787095,83.62540903787095
60,259,140.0,-7.5,3.0023917214998237,-7.5,3.037174140637568,83.9362950237452,83.9362950237452
61,259,142.0,-7.5,3.0023917214998237,-7.5,3.0374509337028237,84.24234660802352,84.24234660802352
62,259,144.0,-7.5,3.0023917214998237,-7.5,3.0377237264679167,84.54339423429454,84.54339423429454
63,259,146.0,-7.5,3.0023917214998237,-7.5,3.0379925300483746,84.83932762220782,84.83932762220782
64,259,148.0,-7.5,3.0023917214998237,-7.5,3.038257367954484,85.13007791879878,85.13007791879878
65,259,150.0,-7.5,3.0023917214998237,-7.5,3.038518266250928,85.41560466813611,85.41560466813611
66,259,152.0,-7.5,3.0023917214998237,-7.5,3.0387752589223043,85.69588656981443,85.69588656981443
67,259,154.0,-7.5,3.0023917214998237,-7.5,3.039028383876923,85.97091501566896,85.97091501566896
68,259,156.0,-7.5,3.0023917214998237,-7.5,3.0392776823286902,86.24068968666758,86.24068968666758
69,259,158.0,-7.5,3.0023917214998237,-7.5,3.0395231984468167,86.5070059960797,86.5070059960797
70,259,160.0,-7.5,3.0023917214998237,-7.5,3.039765215584786,86.77061147685694,86.77061147685694
71,259,162.0,-7.5,3.0023917214998237,-7.5,3.0400030780271656,87.02926724331215,87.02926724331215
72,259,164.0,-7.5,3.0023917214998237,-7.5,3.040237543476524,87.282973403472,87.282973403472
73,259,166.0,-7.5,3.0023917214998237,-7.5,3.0404684281818235,87.53173123478017,87.53173123478017
74,259,168.0,-7.5,3.0023917214998237,-7.5,3.040695789141788,87.7755428474699,87.7755428474699
75,259,170.0,-7.5,3.0023917214998237,-7.5,3.040919679120903,88.01441096565952,88.01441096565952
76,259,172.0,-7.5,3.0023917214998237,-7.5,3.0411401552364468,88.24833878981198,88.24833878981198
77,259,174.0,-7.5,3.0023917214998237,-7.5,3.0413572736121326,88.47732985359713,88.47732985359713
78,259,176.0,-7.5,3.0023917214998237,-7.5,3.041571090038096,88.70571984941886,88.70571984941886
79,259,178.0,-7.5,3.0023917214998237,-7.5,3.0417816618469757,88.93132920680014,88.93132920680014
80,259,180.0,-7.5,3.0023917214998237,-7.5,3.0419890451828984,89.15221171749664,89.15221171749664
0,652,20.0,-7.0,2.4477766207732907,-7.0,2.584461145540202,150.4625848203277,150.4625848203277
1,652,22.0,-7.0,2.4477766207732907,-7.0,2.55496273629366,132.83439680243268,132.83439680243268
2,652,24.0,-7.0,2.4477766207732907,-7.0,2.533481427299111,118.36286417516176,118.36286417516176
3,652,26.0,-7.0,2.4477766207732907,-7.0,2.517714260333007,106.34826100944022,106.34826100944022
4,652,28.0,-7.0,2.4477766207732907,-7.0,2.5059598722761898,96.33036739277048,96.33036739277048
5,652,30.0,-7.0,2.4477766207732907,-7.0,2.497182601359718,88.04831957602481,88.04831957602481
6,652,32.0,-7.0,2.4477766207732907,-7.0,2.49230116002522,81.38711592119317,81.38711592119317
7,652,34.0,-7.0,2.4477766207732907,-7.0,2.493853657321614,76.18031117493037,76.18031117493037
8,652,36.0,-7.0,2.4477766207732907,-7.0,2.4979676306105585,71.63652295865174,71.63652295865174
9,652,38.0,-7.0,2.4477766207732907,-7.0,2.487965154074236,67.10303224001791,67.10303224001791
10,652,40.0,-7.0,2.4477766207732907,-7.0,2.449439247552025,64.60287258023816,64.60287258023816
11,652,42.0,-7.0,2.4477766207732907,-6.5,1.9343667621369045,89.2897466625403,89.2897466625403
12,652,44.0,-7.0,2.4477766207732907,-6.5,1.9045924827134808,86.28452143214338,86.28452143214338
13,652,46.0,-7.0,2.4477766207732907,-6.5,1.9323101944585277,69.61243312270729,69.61243312270729
14,652,48.0,-7.0,2.4477766207732907,-7.0,2.4777260011055606,14.051106018047694,14.051106018047694
15,652,50.0,-7.0,2.4477766207732907,-7.5,3.083539376254953,48.3332401739729,72.2300309036245
16,652,52.0,-7.0,2.4477766207732907,-7.0,2.4409458054757143,6.749619932629596,6.749619932629596
17,652,54.0,-7.0,2.4477766207732907,-6.5,1.957716806682279,53.0945440482453,53.0945440482453
18,652,56.0,-7.0,2.4477766207732907,-7.0,2.430947567434052,7.789498757462043,7.789498757462043
19,652,58.0,-7.0,2.4477766207732907,-7.5,3.034281724994905,36.32624232086128,71.47134260946166
20,652,60.0,-7.0,2.4477766207732907,-7.5,3.0246446714209627,36.6026729409552,71.34159593820519
21,652,62.0,-7.0,2.4477766207732907,-7.0,2.437968438349393,11.8775239011516,11.8775239011516
22,652,64.0,-7.0,2.4477766207732907,-7.0,2.4190341984283865,13.540291881701824,13.540291881701824
23,652,66.0,-7.0,2.4477766207732907,-7.0,2.421124420752653,13.7960806411627,13.7960806411627
24,652,68.0,-7.0,2.4477766207732907,-7.0,2.4336735393346287,12.446784770018386,12.446784770018386
25,652,70.0,-7.0,2.4477766207732907,-7.0,2.4445105995245964,10.885510751344968,10.885510751344968
26,652,72.0,-7.0,2.4477766207732907,-7.0,2.441845499756484,9.51612553174918,9.51612553174918
27,652,74.0,-7.0,2.4477766207732907,-7.0,2.4331043546017725,7.26776445130843,7.26776445130843
28,652,76.0,-7.0,2.4477766207732907,-7.0,2.44385445331797,4.982970904334698,4.982970904334698
29,652,78.0,-7.0,2.4477766207732907,-7.0,2.4640667152220903,4.5905525969713965,4.5905525969713965
30,652,80.0,-7.0,2.4477766207732907,-7.0,2.45267453006271,4.582326990932815,4.582326990932815
31,652,82.0,-7.0,2.4477766207732907,-7.0,2.427693688645046,4.409689074021813,4.409689074021813
32,652,84.0,-7.0,2.4477766207732907,-7.0,2.432790965349352,4.984573236015673,4.984573236015673
33,652,86.0,-7.0,2.4477766207732907,-7.0,2.461385225005159,6.656286178032209,6.656286178032209
34,652,88.0,-7.0,2.4477766207732907,-7.0,2.4658026727476594,7.523653684325623,7.523653684325623
35,652,90.0,-7.0,2.4477766207732907,-7.0,2.44024782824451,8.94269080811091,8.94269080811091
36,652,92.0,-7.0,2.4477766207732907,-7.0,2.4377071527721337,14.797482173596167,14.797482173596167
37,652,94.0,-7.0,2.4477766207732907,-7.0,2.458189988649222,19.780587588599687,19.780587588599687
38,652,96.0,-7.0,2.4477766207732907,-7.0,2.457976939284422,25.574552219716864,25.574552219716864
39,652,98.0,-7.0,2.4477766207732907,-7.0,2.430412520497804,35.75722096829585,35.75722096829585
40,652,100.0,-7.0,2.4477766207732907,-7.0,2.409789915674383,43.93092180626351,43.93092180626351
41,652,102.0,-7.0,2.4477766207732907,-7.0,2.4162449747482486,47.99367729979216,47.99367729979216
42,652,104.0,-7.0,2.4477766207732907,-7.0,2.439053872648323,50.08394467065772,50.08394467065772
43,652,106.0,-7.0,2.4477766207732907,-7.0,2.461320679990413,50.461762717488895,50.461762717488895
44,652,108.0,-7.0,2.4477766207732907,-7.0,2.4731700724177226,49.521228485006496,49.521228485006496
45,652,110.0,-7.0,2.4477766207732907,-7.0,2.474364732189064,48.8024044087721,48.8024044087721
46,652,112.0,-7.0,2.4477766207732907,-7.0,2.4701999551194267,48.75498213314107,48.75498213314107
47,652,114.0,-7.0,2.4477766207732907,-7.0,2.46568204243054,49.00343178049015,49.00343178049015
48,652,116.0,-7.0,2.4477766207732907,-7.0,2.462888099372086,49.28504628479277,49.28504628479277
49,652,118.0,-7.0,2.4477766207732907,-7.0,2.461695891450512,49.54694320168386,49.54694320168386
50,652,120.0,-7.0,2.4477766207732907,-7.0,2.4613773720253613,49.78856748484564,49.78856748484564
51,652,122.0,-7.0,2.4477766207732907,-7.0,2.461404775095588,50.02209675179156,50.02209675179156
52,652,124.0,-7.0,2.4477766207732907,-7.0,2.461537665193582,50.25329986984825,50.25329986984825
53,652,126.0,-7.0,2.4477766207732907,-7.0,2.461695169300865,50.48400624368668,50.48400624368668
54,652,128.0,-7.0,2.4477766207732907,-7.0,2.461856046488017,50.71433002612162,50.71433002612162
55,652,130.0,-7.0,2.4477766207732907,-7.0,2.4620157961833327,50.94377393848456,50.94377393848456
56,652,132.0,-7.0,2.4477766207732907,-7.0,2.462173619212092,51.17284618787232,51.17284618787232
57,652,134.0,-7.0,2.4477766207732907,-7.0,2.462330731054725,51.39950371585192,51.39950371585192
58,652,136.0,-7.0,2.4477766207732907,-7.0,2.462483035825272,51.62328958225528,51.62328958225528
59,652,138.0,-7.0,2.4477766207732907,-7.0,2.462634575465908,51.84387725664433,51.84387725664433
60,652,140.0,-7.0,2.4477766207732907,-7.0,2.4627839930180717,52.06104011687843,52.06104011687843
61,652,142.0,-7.0,2.4477766207732907,-7.0,2.462931278177471,52.27462824479874,52.27462824479874
62,652,144.0,-7.0,2.4477766207732907,-7.0,2.463076440383749,52.48454773471592,52.48454773471592
63,652,146.0,-7.0,2.4477766207732907,-7.0,2.463219485035906,52.69074429148344,52.69074429148344
64,652,148.0,-7.0,2.4477766207732907,-7.0,2.463360423409868,52.89375354432613,52.89375354432613
65,652,150.0,-7.0,2.4477766207732907,-7.0,2.463499269517844,53.09383217477945,53.09383217477945
66,652,152.0,-7.0,2.4477766207732907,-7.0,2.4636360411183467,53.29038139820872,53.29038139820872
67,652,154.0,-7.0,2.4477766207732907,-7.0,2.463770758015557,53.4834031347024,53.4834031347024
68,652,156.0,-7.0,2.4477766207732907,-7.0,2.463903442203796,53.67290453542434,53.67290453542434
69,652,158.0,-7.0,2.4477766207732907,-7.0,2.464034116883508,53.85889596786936,53.85889596786936
70,652,160.0,-7.0,2.4477766207732907,-7.0,2.464162808073945,54.04138968646439,54.04138968646439
71,652,162.0,-7.0,2.4477766207732907,-7.0,2.4642895412701504,54.220398972275866,54.220398972275866
72,652,164.0,-7.0,2.4477766207732907,-7.0,2.464414344089014,54.39593758785825,54.39593758785825
73,652,166.0,-7.0,2.4477766207732907,-7.0,2.4645372450516367,54.56801943867734,54.56801943867734
74,652,168.0,-7.0,2.4477766207732907,-7.0,2.4646582729643143,54.73665837277522,54.73665837277522
75,652,170.0,-7.0,2.4477766207732907,-7.0,2.464777456226685,54.90186806691707,54.90186806691707
76,652,172.0,-7.0,2.4477766207732907,-7.0,2.4648948252115046,55.06599316925191,55.06599316925191
77,652,174.0,-7.0,2.4477766207732907,-7.0,2.465010409398348,55.22794045259497,55.22794045259497
78,652,176.0,-7.0,2.4477766207732907,-7.0,2.4651242388992958,55.386637391980365,55.386637391980365
79,652,178.0,-7.0,2.4477766207732907,-7.0,2.465236343512247,55.54209100611645,55.54209100611645
80,652,180.0,-7.0,2.4477766207732907,-7.0,2.465346766934273,55.69430837743029,55.69430837743029
0,29,20.0,-9.5,7.259618950669334,-9.5,8.843994104632268,887.358624604298,887.358624604298
1,29,22.0,-9.5,7.259618950669334,-9.5,8.629742255139918,815.711055704788,815.711055704788
2,29,24.0,-9.5,7.259618950669334,-9.5,8.477421838291692,760.0397742218748,760.0397742218748
3,29,26.0,-9.5,7.259618950669334,-10.0,11.029811488778291,1028.2321777559189,1028.2321777559189
4,29,28.0,-9.5,7.259618950669334,-10.0,10.934511224011423,1010.2319697708816,1010.2319697708816
5,29,30.0,-9.5,7.259618950669334,-9.5,8.10178910303701,697.9641355138134,697.9641355138134
6,29,32.0,-9.5,7.259618950669334,-9.0,6.090742402943865,504.8564652496209,504.8564652496209
7,29,34.0,-9.5,7.259618950669334,-9.0,6.01947193350977,520.5617655217225,520.5617655217225
8,29,36.0,-9.5,7.259618950669334,-9.0,6.077352481572052,461.3554419102771,461.3554419102771
9,29,38.0,-9.5,7.259618950669334,-9.5,7.839589571648287,435.5417431282998,435.5417431282998
10,29,40.0,-9.5,7.259618950669334,-10.0,10.02616166738542,306.00813363945406,349.3291628638127
11,29,42.0,-9.5,7.259618950669334,-10.0,9.737367241343808,220.6374171070884,321.2956015962888
12,29,44.0,-9.5,7.259618950669334,-10.0,9.141286277570092,213.0242949679482,213.0242949679482
13,29,46.0,-9.5,7.259618950669334,-9.0,5.394305826212608,130.3919682464841,130.3919682464841
14,29,48.0,-9.5,7.259618950669334,-9.0,5.802261736721004,99.4757575460944,99.4757575460944
15,29,50.0,-9.5,7.259618950669334,-10.0,9.395949732648075,31.950204190975825,73.52338979315263
16,29,52.0,-9.5,7.259618950669334,-9.5,7.096709550579849,9.79986184733755,9.79986184733755
17,29,54.0,-9.5,7.259618950669334,-9.5,7.142317211238219,10.759383786053208,10.759383786053208
18,29,56.0,-9.5,7.259618950669334,-9.5,7.3568272972660225,12.69881493536785,12.69881493536785
19,29,58.0,-9.5,7.259618950669334,-9.5,7.348048524016112,15.396802041237848,15.396802041237848
20,29,60.0,-9.5,7.259618950669334,-9.5,7.147979085901269,15.9204448029649,15.9204448029649
21,29,62.0,-9.5,7.259618950669334,-9.5,7.208219407276068,17.495085407263574,17.495085407263574
22,29,64.0,-9.5,7.259618950669334,-9.5,7.369727797493252,24.050673861872305,24.050673861872305
23,29,66.0,-9.5,7.259618950669334,-9.5,7.294506967759743,25.728638559259885,25.728638559259885
24,29,68.0,-9.5,7.259618950669334,-9.5,7.128490286377998,21.33751770089477,21.33751770089477
25,29,70.0,-9.5,7.259618950669334,-9.5,7.1977362951228265,17.497312052412862,17.497312052412862
26,29,72.0,-9.5,7.259618950669334,-9.5,7.375863425078897,14.801501784664254,14.801501784664254
27,29,74.0,-9.5,7.259618950669334,-9.5,7.275771683906388,10.2810280343167,10.2810280343167
28,29,76.0,-9.5,7.259618950669334,-9.5,7.127311318316723,6.20955626522423,6.20955626522423
29,29,78.0,-9.5,7.259618950669334,-9.5,7.296575476858263,6.108643456104144,6.108643456104144
30,29,80.0,-9.5,7.259618950669334,-9.5,7.360571176147174,6.619737780706947,6.619737780706947
31,29,82.0,-9.5,7.259618950669334,-9.5,7.135707299791303,6.406077284256959,6.406077284256959
32,29,84.0,-9.5,7.259618950669334,-9.5,7.126371197175924,6.6098537595648335,6.6098537595648335
33,29,86.0,-9.5,7.259618950669334,-9.5,7.381402632401319,9.128053432710937,9.128053432710937
34,29,88.0,-9.5,7.259618950669334,-9.5,7.348865678311592,11.608718723866584,11.608718723866584
35,29,90.0,-9.5,7.259618950669334,-9.5,7.074836662688012,13.291379206688111,13.291379206688111
36,29,92.0,-9.5,7.259618950669334,-9.5,7.217235138005007,25.69229519501458,25.69229519501458
37,29,94.0,-9.5,7.259618950669334,-9.5,7.508600126138391,32.4152241171649,36.90191100259072
38,29,96.0,-9.5,7.259618950669334,-9.5,7.3095892300684655,71.60847853671473,93.71565170464382
39,29,98.0,-9.5,7.259618950669334,-10.0,8.688438538639264,126.71583299014372,200.79921803115263
40,29,100.0,-9.5,7.259618950669334,-10.0,9.067651944639795,201.69948314107052,201.69948314107052
41,29,102.0,-9.5,7.259618950669334,-10.0,9.649007585736026,274.64794434103266,350.94511100259456
42,29,104.0,-9.5,7.259618950669334,-9.5,7.647267316346262,398.6853664186992,398.6853664186992
43,29,106.0,-9.5,7.259618950669334,-9.5,7.8204547259271795,557.1856174479942,557.1856174479942
44,29,108.0,-9.5,7.259618950669334,-9.0,6.0614663666352095,422.2100038908136,422.2100038908136
45,29,110.0,-9.5,7.259618950669334,-9.5,7.873376569283793,585.5335796132518,585.5335796132518
46,29,112.0,-9.5,7.259618950669334,-9.5,7.913315582934191,560.0398698004635,560.0398698004635
47,29,114.0,-9.5,7.259618950669334,-9.5,7.929104050231098,549.5420464673591,549.5420464673591
48,29,116.0,-9.5,7.259618950669334,-9.5,7.924132973314771,546.7069150200413,546.7069150200413
49,29,118.0,-9.5,7.259618950669334,-9.5,7.916321433039125,546.4207031751912,546.4207031751912
50,29,120.0,-9.5,7.259618950669334,-9.5,7.912488125669772,546.8589432305661,546.8589432305661
51,29,122.0,-9.5,7.259618950669334,-9.5,7.911857570373871,547.4468661697493,547.4468661697493
52,29,124.0,-9.5,7.259618950669334,-9.5,7.912605850616769,548.0288652956223,548.0288652956223
53,29,126.0,-9.5,7.259618950669334,-9.5,7.913765335892639,548.5820724312109,548.5820724312109
54,29,128.0,-9.5,7.259618950669334,-9.5,7.91500885499735,549.1135832460889,549.1135832460889
55,29,130.0,-9.5,7.259618950669334,-9.5,7.9162549305118,549.6310939495256,549.6310939495256
56,29,132.0,-9.5,7.259618950669334,-9.5,7.91748763155813,550.1380885635587,550.1380885635587
57,29,134.0,-9.5,7.259618950669334,-9.5,7.918704315041291,550.635013206107,550.635013206107
58,29,136.0,-9.5,7.259618950669334,-9.5,7.919904502124448,551.1460596506039,551.1460596506039
59,29,138.0,-9.5,7.259618950669334,-9.5,7.921088054513593,551.6661735657582,551.6661735657582
60,29,140.0,-9.5,7.259618950669334,-9.5,7.922254904300449,552.1740265448269,552.1740265448269
61,29,142.0,-9.5,7.259618950669334,-9.5,7.923405039744872,552.6683937918967,552.6683937918967
62,29,144.0,-9.5,7.259618950669334,-9.5,7.92453848315277,553.1482320135775,553.1482320135775
63,29,146.0,-9.5,7.259618950669334,-9.5,7.925655301610178,553.6126544346284,553.6126544346284
64,29,148.0,-9.5,7.259618950669334,-9.5,7.92675557751815,554.0712417277414,554.0712417277414
65,29,150.0,-9.5,7.259618950669334,-9.5,7.927839436033525,554.557093805279,554.557093805279
66,29,152.0,-9.5,7.259618950669334,-9.5,7.928907017954835,555.0266223690305,555.0266223690305
67,29,154.0,-9.5,7.259618950669334,-9.5,7.929958476099385,555.479252308018,555.479252308018
68,29,156.0,-9.5,7.259618950669334,-9.5,7.930993989471018,555.9144591465363,555.9144591465363
69,29,158.0,-9.5,7.259618950669334,-9.5,7.932013743808935,556.331760007418,556.331760007418
70,29,160.0,-9.5,7.259618950669334,-9.5,7.933017940521284,556.7683326888728,556.7683326888728
71,29,162.0,-9.5,7.259618950669334,-9.5,7.934006790032854,557.209091741265,557.209091741265
72,29,164.0,-9.5,7.259618950669334,-9.5,7.934980505176195,557.6315403738556,557.6315403738556
73,29,166.0,-9.5,7.259618950669334,-9.5,7.93593931367338,558.0352735114243,558.0352735114243
74,29,168.0,-9.5,7.259618950669334,-9.5,7.936883441190696,558.4199040098371,558.4199040098371
75,29,170.0,-9.5,7.259618950669334,-9.5,7.937813116307237,558.818404893735,558.818404893735
76,29,172.0,-9.5,7.259618950669334,-9.5,7.938730824257649,559.2285191114769,559.2285191114769
77,29,174.0,-9.5,7.259618950669334,-9.5,7.939630057655228,559.619200480959,559.619200480959
78,29,176.0,-9.5,7.259618950669334,-9.5,7.940517786928632,559.9901112942629,559.9901112942629
79,29,178.0,-9.5,7.259618950669334,-9.5,7.941392014080544,560.3409315462529,560.3409315462529
80,29,180.0,-9.5,7.259618950669334,-9.5,7.94225296714035,560.7194169820664,560.7194169820664
0,178,20.0,-9.0,5.751449616547219,-9.0,6.861767957325218,663.2179841333254,663.2179841333254
1,178,22.0,-9.0,5.751449616547219,-9.0,6.677748089567514,598.7660971630702,598.7660971630702
2,178,24.0,-9.0,5.751449616547219,-9.0,6.5428696432962985,547.5005009317739,547.5005009317739
3,178,26.0,-9.0,5.751449616547219,-9.0,6.44026543854538,507.42577526910986,507.42577526910986
4,178,28.0,-9.0,5.751449616547219,-9.0,6.345526445332383,479.4477520793603,479.4477520793603
5,178,30.0,-9.0,5.751449616547219,-9.0,6.227975948678211,468.3953474553581,468.3953474553581
6,178,32.0,-9.0,5.751449616547219,-8.5,4.78640261084642,332.2422370290778,332.2422370290778
7,178,34.0,-9.0,5.751449616547219,-8.5,4.7520865312835765,329.61299740255095,329.61299740255095
8,178,36.0,-9.0,5.751449616547219,-9.0,6.077352481572052,449.7549848179651,449.7549848179651
9,178,38.0,-9.0,5.751449616547219,-9.0,6.129168838630992,315.69796484037295,315.69796484037295
10,178,40.0,-9.0,5.751449616547219,-9.0,6.0526646436792895,207.6803239827688,207.6803239827688
11,178,42.0,-9.0,5.751449616547219,-9.0,5.841088901651732,183.8957812881724,183.8957812881724
12,178,44.0,-9.0,5.751449616547219,-8.5,4.364529377784819,182.3221048140589,182.3221048140589
13,178,46.0,-9.0,5.751449616547219,-8.0,3.494521080500455,224.15710369565176,224.15710369565176
14,178,48.0,-9.0,5.751449616547219,-9.0,5.802261736721004,20.999674506454973,20.999674506454973
15,178,50.0,-9.0,5.751449616547219,-9.0,5.898569469658161,12.657884292313582,17.11018036471098
16,178,52.0,-9.0,5.751449616547219,-9.0,5.638546961253856,8.885368867650365,8.885368867650365
17,178,54.0,-9.0,5.751449616547219,-9.0,5.652002812652428,9.963027890592937,9.963027890592937
18,178,56.0,-9.0,5.751449616547219,-9.0,5.8013456905191445,11.92186767379891,11.92186767379891
19,178,58.0,-9.0,5.751449616547219,-9.0,5.82469047914757,14.537319874040044,14.537319874040044
20,178,60.0,-9.0,5.751449616547219,-9.0,5.7048520523277295,15.244335067784714,15.244335067784714
21,178,62.0,-9.0,5.751449616547219,-9.0,5.708859044852523,16.853058750222676,16.853058750222676
22,178,64.0,-9.0,5.751449616547219,-9.0,5.785041322584764,22.281274690769838,22.281274690769838
23,178,66.0,-9.0,5.751449616547219,-9.0,5.750734629418267,23.755534869190328,23.755534869190328
24,178,68.0,-9.0,5.751449616547219,-9.0,5.6798004110621445,20.082148425381213,20.082148425381213
25,178,70.0,-9.0,5.751449616547219,-9.0,5.73685746099011,16.35723081994061,16.35723081994061
26,178,72.0,-9.0,5.751449616547219,-9.0,5.820241824523992,13.96572054778508,13.96572054778508
27,178,74.0,-9.0,5.751449616547219,-9.0,5.739945780389567,9.896786511100649,9.896786511100649
28,178,76.0,-9.0,5.751449616547219,-9.0,5.667170259390059,6.041227574301178,6.041227574301178
29,178,78.0,-9.0,5.751449616547219,-9.0,5.7912022897490285,5.842424234437008,5.842424234437008
30,178,80.0,-9.0,5.751449616547219,-9.0,5.812882170651792,6.277567675301309,6.277567675301309
31,178,82.0,-9.0,5.751449616547219,-9.0,5.659449649218623,6.04007165155779,6.04007165155779
32,178,84.0,-9.0,5.751449616547219,-9.0,5.662049401045321,6.307081820331993,6.307081820331993
33,178,86.0,-9.0,5.751449616547219,-9.0,5.839428999693629,8.829165159888483,8.829165159888483
34,178,88.0,-9.0,5.751449616547219,-9.0,5.822111966168531,10.860607803385642,10.860607803385642
35,178,90.0,-9.0,5.751449616547219,-9.0,5.625101476251477,12.414615092970177,12.414615092970177
36,178,92.0,-9.0,5.751449616547219,-8.5,4.551194031087622,109.40510412491102,109.40510412491102
37,178,94.0,-9.0,5.751449616547219,-8.5,4.700716684312497,84.85731309476826,84.85731309476826
38,178,96.0,-9.0,5.751449616547219,-9.5,7.3095892300684655,45.46725269350292,177.59022127929086
39,178,98.0,-9.0,5.751449616547219,-10.0,8.688438538639264,60.225731459714346,263.1948667514695
40,178,100.0,-9.0,5.751449616547219,-9.5,6.9970280455288725,142.31350471431577,142.31350471431577
41,178,102.0,-9.0,5.751449616547219,-9.5,7.341889006260125,183.68873378930084,192.66123122148295
42,178,104.0,-9.0,5.751449616547219,-9.0,5.870081950630734,276.08404004059656,276.08404004059656
43,178,106.0,-9.0,5.751449616547219,-9.0,6.00690020743757,347.25609902989385,347.25609902989385
44,178,108.0,-9.0,5.751449616547219,-8.5,4.754373693699748,281.6075397235627,281.6075397235627
45,178,110.0,-9.0,5.751449616547219,-9.0,6.082498873809668,352.60081123245703,352.60081123245703
46,178,112.0,-9.0,5.751449616547219,-9.0,6.091199659400452,340.9217883329543,340.9217883329543
47,178,114.0,-9.0,5.751449616547219,-9.0,6.086241711491394,337.0978050266864,337.0978050266864
48,178,116.0,-9.0,5.751449616547219,-9.0,6.076530367061613,336.6284701647713,336.6284701647713
49,178,118.0,-9.0,5.751449616547219,-9.0,6.070000167385235,337.06099756759863,337.06099756759863
50,178,120.0,-9.0,5.751449616547219,-9.0,6.067596298931848,337.6598949767935,337.6598949767935
51,178,122.0,-9.0,5.751449616547219,-9.0,6.067511356201564,338.2649557431604,338.2649557431604
52,178,124.0,-9.0,5.751449616547219,-9.0,6.0683009470044365,338.8490453900832,338.8490453900832
53,178,126.0,-9.0,5.751449616547219,-9.0,6.069331020648328,339.417055455832,339.417055455832
54,178,128.0,-9.0,5.751449616547219,-9.0,6.070404531207162,339.976414635946,339.976414635946
55,178,130.0,-9.0,5.751449616547219,-9.0,6.071474634667881,340.5309538173167,340.5309538173167
56,178,132.0,-9.0,5.751449616547219,-9.0,6.072532380148472,341.0813836799899,341.0813836799899
57,178,134.0,-9.0,5.751449616547219,-9.0,6.073576255650852,341.6268152978189,341.6268152978189
58,178,136.0,-9.0,5.751449616547219,-9.0,6.074605946108823,342.1658513287717,342.1658513287717
59,178,138.0,-9.0,5.751449616547219,-9.0,6.075621353570909,342.69712017854323,342.69712017854323
60,178,140.0,-9.0,5.751449616547219,-9.0,6.076622411920343,343.2194575321362,343.2194575321362
61,178,142.0,-9.0,5.751449616547219,-9.0,6.0776091148885225,343.7487636722236,343.7487636722236
62,178,144.0,-9.0,5.751449616547219,-9.0,6.078581468688789,344.2738252250856,344.2738252250856
63,178,146.0,-9.0,5.751449616547219,-9.0,6.0795395550997045,344.7887169196391,344.7887169196391
64,178,148.0,-9.0,5.751449616547219,-9.0,6.080483434270452,345.29291049106104,345.29291049106104
65,178,150.0,-9.0,5.751449616547219,-9.0,6.081413214788757,345.7859625527442,345.7859625527442
66,178,152.0,-9.0,5.751449616547219,-9.0,6.082329013086333,346.2674927873078,346.2674927873078
67,178,154.0,-9.0,5.751449616547219,-9.0,6.083230968102199,346.73716817969995,346.73716817969995
68,178,156.0,-9.0,5.751449616547219,-9.0,6.084119232875423,347.2012490672988,347.2012490672988
69,178,158.0,-9.0,5.751449616547219,-9.0,6.084993963680316,347.6760209754979,347.6760209754979
70,178,160.0,-9.0,5.751449616547219,-9.0,6.085855340586931,348.1388967798408,348.1388967798408
71,178,162.0,-9.0,5.751449616547219,-9.0,6.086703534886079,348.5896156806616,348.5896156806616
72,178,164.0,-9.0,5.751449616547219,-9.0,6.087538742268007,349.0279341134973,349.0279341134973
73,178,166.0,-9.0,5.751449616547219,-9.0,6.088361144038409,349.4536236684107,349.4536236684107
74,178,168.0,-9.0,5.751449616547219,-9.0,6.089170943840757,349.8684192630243,349.8684192630243
75,178,170.0,-9.0,5.751449616547219,-9.0,6.089968341083938,350.30218036311953,350.30218036311953
76,178,172.0,-9.0,5.751449616547219,-9.0,6.090753529857588,350.72330907069016,350.72330907069016
77,178,174.0,-9.0,5.751449616547219,-9.0,6.0915267193326015,351.1315992476865,351.1315992476865
78,178,176.0,-9.0,5.751449616547219,-9.0,6.092288109937519,351.52685576640465,351.52685576640465
79,178,178.0,-9.0,5.751449616547219,-9.0,6.0930379035197255,351.9088941403237,351.9088941403237
80,178,180.0,-9.0,5.751449616547219,-9.0,6.093776307110311,352.2979056691077,352.2979056691077
