,seed_num,contam_data,opt_loglambda_uncontam,uncontam_norm,opt_loglambda_contam,contam_norm,IF_sup_pos,IF_sup
0,893371436,20.0,-6.5,1.9840540179785384,-6.5,2.0517634762918138,95.7644088615283,95.7644088615283
1,893371436,22.0,-6.5,1.9840540179785384,-6.5,2.0366518173587185,84.45151978532404,84.45151978532404
2,893371436,24.0,-6.5,1.9840540179785384,-6.5,2.025736850816632,75.15019019978189,75.15019019978189
3,893371436,26.0,-6.5,1.9840540179785384,-6.5,2.017912060373805,67.40952419323122,67.40952419323122
4,893371436,28.0,-6.5,1.9840540179785384,-6.5,2.0125178444151857,60.916702297253735,60.916702297253735
5,893371436,30.0,-6.5,1.9840540179785384,-6.5,2.009315354132912,55.469909800652125,55.469909800652125
6,893371436,32.0,-6.5,1.9840540179785384,-6.5,2.0087317412115357,50.97214900194453,50.97214900194453
7,893371436,34.0,-6.5,1.9840540179785384,-6.5,2.0110323558460754,47.40033703609247,47.40033703609247
8,893371436,36.0,-6.5,1.9840540179785384,-6.5,2.012472806437721,44.62777800407637,44.62777800407637
9,893371436,38.0,-6.5,1.9840540179785384,-6.5,2.003275692643516,42.58687169302655,42.58687169302655
10,893371436,40.0,-6.5,1.9840540179785384,-6.5,1.9757697590841208,41.872008509164615,41.872008509164615
11,893371436,42.0,-6.5,1.9840540179785384,-6.5,1.9343667621369045,41.6981002371185,41.6981002371185
12,893371436,44.0,-6.5,1.9840540179785384,-6.0,1.5260581707734848,59.64245677766323,64.25379058878006
13,893371436,46.0,-6.5,1.9840540179785384,-6.0,1.547055823312439,51.572299576533865,58.12836319517308
14,893371436,48.0,-6.5,1.9840540179785384,-6.5,2.006804385018545,11.53349375940372,11.53349375940372
15,893371436,50.0,-6.5,1.9840540179785384,-6.5,2.029740983984267,9.000391835560686,9.000391835560686
16,893371436,52.0,-6.5,1.9840540179785384,-6.5,1.9865788762222625,6.229887738259911,6.229887738259911
17,893371436,54.0,-6.5,1.9840540179785384,-6.5,1.957716806682279,5.648262612620376,5.648262612620376
18,893371436,56.0,-6.5,1.9840540179785384,-6.5,1.9681336426108529,6.678293720947091,6.678293720947091
19,893371436,58.0,-6.5,1.9840540179785384,-6.5,1.9906265547566315,8.22607996491482,8.22607996491482
20,893371436,60.0,-6.5,1.9840540179785384,-6.5,1.995810330294103,9.270235476388036,9.270235476388036
21,893371436,62.0,-6.5,1.9840540179785384,-6.5,1.9798116873822331,9.982174311474653,9.982174311474653
22,893371436,64.0,-6.5,1.9840540179785384,-6.5,1.9646490366521208,11.076068782838387,11.076068782838387
23,893371436,66.0,-6.5,1.9840540179785384,-6.5,1.9626869158063975,11.21538078566585,11.21538078566585
24,893371436,68.0,-6.5,1.9840540179785384,-6.5,1.969052151831601,10.2439645570006,10.2439645570006
25,893371436,70.0,-6.5,1.9840540179785384,-6.5,1.9748934026573748,9.131037212317256,9.131037212317256
26,893371436,72.0,-6.5,1.9840540179785384,-6.5,1.974723107998916,8.042634238435568,8.042634238435568
27,893371436,74.0,-6.5,1.9840540179785384,-6.5,1.974335259557,6.269915811728604,6.269915811728604
28,893371436,76.0,-6.5,1.9840540179785384,-6.5,1.9849536562696493,4.508084856385322,4.508084856385322
29,893371436,78.0,-6.5,1.9840540179785384,-6.5,1.9960920235300248,4.159791687349388,4.159791687349388
30,893371436,80.0,-6.5,1.9840540179785384,-6.5,1.986589062245052,4.083081686421064,4.083081686421064
31,893371436,82.0,-6.5,1.9840540179785384,-6.5,1.9705901621843431,3.928348100462098,3.928348100462098
32,893371436,84.0,-6.5,1.9840540179785384,-6.5,1.9735949683465912,4.503738480666193,4.503738480666193
33,893371436,86.0,-6.5,1.9840540179785384,-6.5,1.9914539183349709,5.88873754974136,5.88873754974136
34,893371436,88.0,-6.5,1.9840540179785384,-6.5,1.996951189082449,6.638729749819596,6.638729749819596
35,893371436,90.0,-6.5,1.9840540179785384,-6.5,1.983605356635323,7.847053248235873,7.847053248235873
36,893371436,92.0,-6.5,1.9840540179785384,-6.5,1.977856917437868,12.069191263264202,12.069191263264202
37,893371436,94.0,-6.5,1.9840540179785384,-6.5,1.9841837377562712,15.679405553465436,15.679405553465436
38,893371436,96.0,-6.5,1.9840540179785384,-6.5,1.9837431033380928,19.02907523738354,19.02907523738354
39,893371436,98.0,-6.5,1.9840540179785384,-6.5,1.9721289891575888,24.08916445287074,24.08916445287074
40,893371436,100.0,-6.5,1.9840540179785384,-6.5,1.9632886420280775,28.187144039530008,28.187144039530008
41,893371436,102.0,-6.5,1.9840540179785384,-6.5,1.966963754357541,30.17573199157632,30.17573199157632
42,893371436,104.0,-6.5,1.9840540179785384,-6.5,1.9790702058517955,30.88447604169721,30.88447604169721
43,893371436,106.0,-6.5,1.9840540179785384,-6.5,1.990689514175444,30.71857953703164,30.71857953703164
44,893371436,108.0,-6.5,1.9840540179785384,-6.5,1.99641751451112,30.18198514037737,30.18198514037737
45,893371436,110.0,-6.5,1.9840540179785384,-6.5,1.996442337988152,29.89645431102656,29.89645431102656
46,893371436,112.0,-6.5,1.9840540179785384,-6.5,1.993866444332999,29.929499147188007,29.929499147188007
47,893371436,114.0,-6.5,1.9840540179785384,-6.5,1.9913475944608785,30.088421513392746,30.088421513392746
48,893371436,116.0,-6.5,1.9840540179785384,-6.5,1.989853058910782,30.25943597297041,30.25943597297041
49,893371436,118.0,-6.5,1.9840540179785384,-6.5,1.989229592271972,30.42310499030808,30.42310499030808
50,893371436,120.0,-6.5,1.9840540179785384,-6.5,1.9890651223745288,30.578924182892845,30.578924182892845
51,893371436,122.0,-6.5,1.9840540179785384,-6.5,1.989078762763328,30.73216631535718,30.73216631535718
52,893371436,124.0,-6.5,1.9840540179785384,-6.5,1.9891459628990944,30.88510244081578,30.88510244081578
53,893371436,126.0,-6.5,1.9840540179785384,-6.5,1.9892255210956584,31.038208720113264,31.038208720113264
54,893371436,128.0,-6.5,1.9840540179785384,-6.5,1.9893067444622297,31.19122551943644,31.19122551943644
55,893371436,130.0,-6.5,1.9840540179785384,-6.5,1.989387391066724,31.34407018535944,31.34407018535944
56,893371436,132.0,-6.5,1.9840540179785384,-6.5,1.9894670649389263,31.496361563099672,31.496361563099672
57,893371436,134.0,-6.5,1.9840540179785384,-6.5,1.989545698188231,31.64699872144765,31.64699872144765
58,893371436,136.0,-6.5,1.9840540179785384,-6.5,1.9896232728696377,31.79568569193029,31.79568569193029
59,893371436,138.0,-6.5,1.9840540179785384,-6.5,1.989699780581376,31.94221090956593,31.94221090956593
60,893371436,140.0,-6.5,1.9840540179785384,-6.5,1.9897752169921468,32.0864306142971,32.0864306142971
61,893371436,142.0,-6.5,1.9840540179785384,-6.5,1.9898495807844845,32.228252082874256,32.228252082874256
62,893371436,144.0,-6.5,1.9840540179785384,-6.5,1.9899228733275975,32.36761949840832,32.36761949840832
63,893371436,146.0,-6.5,1.9840540179785384,-6.5,1.98999509821594,32.50450297342299,32.50450297342299
64,893371436,148.0,-6.5,1.9840540179785384,-6.5,1.990066261042299,32.638890394249486,32.638890394249486
65,893371436,150.0,-6.5,1.9840540179785384,-6.5,1.9901363690648044,32.77078153409979,32.77078153409979
66,893371436,152.0,-6.5,1.9840540179785384,-6.5,1.990205431008512,32.90044831036937,32.90044831036937
67,893371436,154.0,-6.5,1.9840540179785384,-6.5,1.9902734568335472,33.02839501547592,33.02839501547592
68,893371436,156.0,-6.5,1.9840540179785384,-6.5,1.990340457524316,33.154012549646694,33.154012549646694
69,893371436,158.0,-6.5,1.9840540179785384,-6.5,1.9904064450112544,33.27731235497713,33.27731235497713
70,893371436,160.0,-6.5,1.9840540179785384,-6.5,1.9904714319134107,33.39830688353106,33.39830688353106
71,893371436,162.0,-6.5,1.9840540179785384,-6.5,1.9905354314898005,33.51700904114064,33.51700904114064
72,893371436,164.0,-6.5,1.9840540179785384,-6.5,1.9905984575052131,33.633431841910095,33.633431841910095
73,893371436,166.0,-6.5,1.9840540179785384,-6.5,1.990660524090072,33.74758819500813,33.74758819500813
74,893371436,168.0,-6.5,1.9840540179785384,-6.5,1.990721645754272,33.85949078440406,33.85949078440406
75,893371436,170.0,-6.5,1.9840540179785384,-6.5,1.990781837207672,33.96915200355569,33.96915200355569
76,893371436,172.0,-6.5,1.9840540179785384,-6.5,1.9908411133422976,34.07658390091959,34.07658390091959
77,893371436,174.0,-6.5,1.9840540179785384,-6.5,1.9908994891636345,34.182587968341394,34.182587968341394
78,893371436,176.0,-6.5,1.9840540179785384,-6.5,1.9909569797382471,34.28780238491977,34.28780238491977
79,893371436,178.0,-6.5,1.9840540179785384,-6.5,1.9910136001606649,34.390907138097944,34.390907138097944
80,893371436,180.0,-6.5,1.9840540179785384,-6.5,1.991069365499892,34.49190964329004,34.49190964329004
0,221902869,20.0,-6.5,1.9840540179785384,-7.0,2.584461145540202,137.56378916211057,162.2491618651345
1,221902869,22.0,-6.5,1.9840540179785384,-7.0,2.55496273629366,119.93486922023584,144.6466330306988
2,221902869,24.0,-6.5,1.9840540179785384,-7.0,2.533481427299111,105.45898408820422,130.53442096687428
3,221902869,26.0,-6.5,1.9840540179785384,-6.5,2.017912060373805,67.40952419323122,67.40952419323122
4,221902869,28.0,-6.5,1.9840540179785384,-6.5,2.0125178444151857,60.916702297253735,60.916702297253735
5,221902869,30.0,-6.5,1.9840540179785384,-6.5,2.009315354132912,55.469909800652125,55.469909800652125
6,221902869,32.0,-6.5,1.9840540179785384,-6.5,2.0087317412115357,50.97214900194453,50.97214900194453
7,221902869,34.0,-6.5,1.9840540179785384,-6.5,2.0110323558460754,47.40033703609247,47.40033703609247
8,221902869,36.0,-6.5,1.9840540179785384,-7.0,2.4979676306105585,53.25684218776208,79.20031356571101
9,221902869,38.0,-6.5,1.9840540179785384,-7.0,2.487965154074236,42.53710403551784,53.91412837755807
10,221902869,40.0,-6.5,1.9840540179785384,-7.0,2.449439247552025,32.44528350586886,46.70857193550187
11,221902869,42.0,-6.5,1.9840540179785384,-7.0,2.3854558753974264,28.8294844210448,46.28736795147067
12,221902869,44.0,-6.5,1.9840540179785384,-6.5,1.9045924827134808,36.74447845835083,36.74447845835083
13,221902869,46.0,-6.5,1.9840540179785384,-6.5,1.9323101944585277,22.94594908296509,22.94594908296509
14,221902869,48.0,-6.5,1.9840540179785384,-7.0,2.4777260011055606,55.3576544017086,55.3576544017086
15,221902869,50.0,-6.5,1.9840540179785384,-7.0,2.509984549712244,57.23469554034029,57.6185994613294
16,221902869,52.0,-6.5,1.9840540179785384,-6.5,1.9865788762222625,6.229887738259911,6.229887738259911
17,221902869,54.0,-6.5,1.9840540179785384,-6.5,1.957716806682279,5.648262612620376,5.648262612620376
18,221902869,56.0,-6.5,1.9840540179785384,-7.0,2.430947567434052,44.01526977688789,52.46479033531752
19,221902869,58.0,-6.5,1.9840540179785384,-7.0,2.465227762524547,45.70955376807205,52.57351520925946
20,221902869,60.0,-6.5,1.9840540179785384,-7.0,2.466307229640292,46.41918151975573,52.49963268934796
21,221902869,62.0,-6.5,1.9840540179785384,-6.5,1.9798116873822331,9.982174311474653,9.982174311474653
22,221902869,64.0,-6.5,1.9840540179785384,-6.5,1.9646490366521208,11.076068782838387,11.076068782838387
23,221902869,66.0,-6.5,1.9840540179785384,-6.5,1.9626869158063975,11.21538078566585,11.21538078566585
24,221902869,68.0,-6.5,1.9840540179785384,-6.5,1.969052151831601,10.2439645570006,10.2439645570006
25,221902869,70.0,-6.5,1.9840540179785384,-6.5,1.9748934026573748,9.131037212317256,9.131037212317256
26,221902869,72.0,-6.5,1.9840540179785384,-6.5,1.974723107998916,8.042634238435568,8.042634238435568
27,221902869,74.0,-6.5,1.9840540179785384,-6.5,1.974335259557,6.269915811728604,6.269915811728604
28,221902869,76.0,-6.5,1.9840540179785384,-7.0,2.44385445331797,45.89085595372303,53.010968268222086
29,221902869,78.0,-6.5,1.9840540179785384,-7.0,2.4640667152220903,45.92278717393475,53.061297878720765
30,221902869,80.0,-6.5,1.9840540179785384,-6.5,1.986589062245052,4.083081686421064,4.083081686421064
31,221902869,82.0,-6.5,1.9840540179785384,-6.5,1.9705901621843431,3.928348100462098,3.928348100462098
32,221902869,84.0,-6.5,1.9840540179785384,-7.0,2.432790965349352,46.14418549785187,53.18592808421858
33,221902869,86.0,-6.5,1.9840540179785384,-7.0,2.461385225005159,46.11803312610784,52.65482668173336
34,221902869,88.0,-6.5,1.9840540179785384,-7.0,2.4658026727476594,46.226211825373966,51.53339943180404
35,221902869,90.0,-6.5,1.9840540179785384,-6.5,1.983605356635323,7.847053248235873,7.847053248235873
36,221902869,92.0,-6.5,1.9840540179785384,-6.5,1.977856917437868,12.069191263264202,12.069191263264202
37,221902869,94.0,-6.5,1.9840540179785384,-7.0,2.458189988649222,46.82845179315862,60.66051944227325
38,221902869,96.0,-6.5,1.9840540179785384,-7.0,2.457976939284422,47.578989653445134,54.884527428107546
39,221902869,98.0,-6.5,1.9840540179785384,-6.5,1.9721289891575888,24.08916445287074,24.08916445287074
40,221902869,100.0,-6.5,1.9840540179785384,-6.5,1.9632886420280775,28.187144039530008,28.187144039530008
41,221902869,102.0,-6.5,1.9840540179785384,-6.5,1.966963754357541,30.17573199157632,30.17573199157632
42,221902869,104.0,-6.5,1.9840540179785384,-6.5,1.9790702058517955,30.88447604169721,30.88447604169721
43,221902869,106.0,-6.5,1.9840540179785384,-6.5,1.990689514175444,30.71857953703164,30.71857953703164
44,221902869,108.0,-6.5,1.9840540179785384,-7.0,2.4731700724177226,48.250289474520365,68.5814069565854
45,221902869,110.0,-6.5,1.9840540179785384,-7.0,2.474364732189064,47.63990258338738,78.52240407720844
46,221902869,112.0,-6.5,1.9840540179785384,-7.0,2.4701999551194267,47.17954224284865,80.79930058527202
47,221902869,114.0,-6.5,1.9840540179785384,-7.0,2.46568204243054,46.90898657069093,76.18183330905694
48,221902869,116.0,-6.5,1.9840540179785384,-7.0,2.462888099372086,46.774254589166105,67.18477788040954
49,221902869,118.0,-6.5,1.9840540179785384,-7.0,2.461695891450512,46.70927402697225,57.54659699098156
50,221902869,120.0,-6.5,1.9840540179785384,-7.0,2.4613773720253613,46.6731239108229,53.77477650961526
51,221902869,122.0,-6.5,1.9840540179785384,-7.0,2.461404775095588,46.648377236358215,52.71601637795918
52,221902869,124.0,-6.5,1.9840540179785384,-7.0,2.461537665193582,46.62951901486029,52.43516305256961
53,221902869,126.0,-6.5,1.9840540179785384,-7.0,2.461695169300865,46.615044948821854,52.37862889093071
54,221902869,128.0,-6.5,1.9840540179785384,-7.0,2.461856046488017,46.60425802746544,52.3749156952266
55,221902869,130.0,-6.5,1.9840540179785384,-7.0,2.4620157961833327,46.596477198329545,52.38023036557242
56,221902869,132.0,-6.5,1.9840540179785384,-7.0,2.462173619212092,46.59101240758362,52.48954096637367
57,221902869,134.0,-6.5,1.9840540179785384,-7.0,2.462330731054725,46.58725154440088,52.86877210415383
58,221902869,136.0,-6.5,1.9840540179785384,-7.0,2.462483035825272,46.584703917153206,53.23665526120995
59,221902869,138.0,-6.5,1.9840540179785384,-7.0,2.462634575465908,46.58300047450862,53.59370357871025
60,221902869,140.0,-6.5,1.9840540179785384,-7.0,2.4627839930180717,46.58187442172948,53.94190036012692
61,221902869,142.0,-6.5,1.9840540179785384,-7.0,2.462931278177471,46.58113781634101,54.28110291545982
62,221902869,144.0,-6.5,1.9840540179785384,-7.0,2.463076440383749,46.58066070866112,54.6111235318412
63,221902869,146.0,-6.5,1.9840540179785384,-7.0,2.463219485035906,46.580354585827465,54.932320979037456
64,221902869,148.0,-6.5,1.9840540179785384,-7.0,2.463360423409868,46.58015994514692,55.24500966491506
65,221902869,150.0,-6.5,1.9840540179785384,-7.0,2.463499269517844,46.58003726505595,55.54946967559797
66,221902869,152.0,-6.5,1.9840540179785384,-7.0,2.4636360411183467,46.57996059075635,55.8459541391273
67,221902869,154.0,-6.5,1.9840540179785384,-7.0,2.463770758015557,46.57991305886343,56.134694577046055
68,221902869,156.0,-6.5,1.9840540179785384,-7.0,2.463903442203796,46.579883824256186,56.41880445355016
69,221902869,158.0,-6.5,1.9840540179785384,-7.0,2.464034116883508,46.57986598009272,56.69592546358649
70,221902869,160.0,-6.5,1.9840540179785384,-7.0,2.464162808073945,46.57985516855059,56.9660348170938
71,221902869,162.0,-6.5,1.9840540179785384,-7.0,2.4642895412701504,46.57984866469669,57.22930394954315
72,221902869,164.0,-6.5,1.9840540179785384,-7.0,2.464414344089014,46.5798447793819,57.48589437474931
73,221902869,166.0,-6.5,1.9840540179785384,-7.0,2.4645372450516367,46.57984247396982,57.73595861252238
74,221902869,168.0,-6.5,1.9840540179785384,-7.0,2.4646582729643143,46.57984111471343,57.98291832675744
75,221902869,170.0,-6.5,1.9840540179785384,-7.0,2.464777456226685,46.57984031862393,58.22419978787988
76,221902869,172.0,-6.5,1.9840540179785384,-7.0,2.4648948252115046,46.57983985509316,58.459481630506986
77,221902869,174.0,-6.5,1.9840540179785384,-7.0,2.465010409398348,46.57983954151253,58.68888422299928
78,221902869,176.0,-6.5,1.9840540179785384,-7.0,2.4651242388992958,46.5798394165659,58.912521658825646
79,221902869,178.0,-6.5,1.9840540179785384,-7.0,2.465236343512247,46.57983934431407,59.1327254120554
80,221902869,180.0,-6.5,1.9840540179785384,-7.0,2.465346766934273,46.5798392940367,59.3494036967673
0,2241142843,20.0,-6.5,1.9840540179785384,-6.5,2.0517634762918138,95.7644088615283,95.7644088615283
1,2241142843,22.0,-6.5,1.9840540179785384,-6.5,2.0366518173587185,84.45151978532404,84.45151978532404
2,2241142843,24.0,-6.5,1.9840540179785384,-6.5,2.025736850816632,75.15019019978189,75.15019019978189
3,2241142843,26.0,-6.5,1.9840540179785384,-6.5,2.017912060373805,67.40952419323122,67.40952419323122
4,2241142843,28.0,-6.5,1.9840540179785384,-6.5,2.0125178444151857,60.916702297253735,60.916702297253735
5,2241142843,30.0,-6.5,1.9840540179785384,-6.5,2.009315354132912,55.469909800652125,55.469909800652125
6,2241142843,32.0,-6.5,1.9840540179785384,-6.5,2.0087317412115357,50.97214900194453,50.97214900194453
7,2241142843,34.0,-6.5,1.9840540179785384,-6.5,2.0110323558460754,47.40033703609247,47.40033703609247
8,2241142843,36.0,-6.5,1.9840540179785384,-6.5,2.012472806437721,44.62777800407637,44.62777800407637
9,2241142843,38.0,-6.5,1.9840540179785384,-7.0,2.487965154074236,42.53710403551784,53.91412837755807
10,2241142843,40.0,-6.5,1.9840540179785384,-7.0,2.449439247552025,32.44528350586886,46.70857193550187
11,2241142843,42.0,-6.5,1.9840540179785384,-6.5,1.9343667621369045,41.6981002371185,41.6981002371185
12,2241142843,44.0,-6.5,1.9840540179785384,-6.5,1.9045924827134808,36.74447845835083,36.74447845835083
13,2241142843,46.0,-6.5,1.9840540179785384,-6.5,1.9323101944585277,22.94594908296509,22.94594908296509
14,2241142843,48.0,-6.5,1.9840540179785384,-6.5,2.006804385018545,11.53349375940372,11.53349375940372
15,2241142843,50.0,-6.5,1.9840540179785384,-7.0,2.509984549712244,57.23469554034029,57.6185994613294
16,2241142843,52.0,-6.5,1.9840540179785384,-6.5,1.9865788762222625,6.229887738259911,6.229887738259911
17,2241142843,54.0,-6.5,1.9840540179785384,-6.5,1.957716806682279,5.648262612620376,5.648262612620376
18,2241142843,56.0,-6.5,1.9840540179785384,-6.5,1.9681336426108529,6.678293720947091,6.678293720947091
19,2241142843,58.0,-6.5,1.9840540179785384,-6.5,1.9906265547566315,8.22607996491482,8.22607996491482
20,2241142843,60.0,-6.5,1.9840540179785384,-6.5,1.995810330294103,9.270235476388036,9.270235476388036
21,2241142843,62.0,-6.5,1.9840540179785384,-6.5,1.9798116873822331,9.982174311474653,9.982174311474653
22,2241142843,64.0,-6.5,1.9840540179785384,-6.5,1.9646490366521208,11.076068782838387,11.076068782838387
23,2241142843,66.0,-6.5,1.9840540179785384,-6.5,1.9626869158063975,11.21538078566585,11.21538078566585
24,2241142843,68.0,-6.5,1.9840540179785384,-6.5,1.969052151831601,10.2439645570006,10.2439645570006
25,2241142843,70.0,-6.5,1.9840540179785384,-7.0,2.4445105995245964,46.06758572016944,52.37894029267978
26,2241142843,72.0,-6.5,1.9840540179785384,-6.5,1.974723107998916,8.042634238435568,8.042634238435568
27,2241142843,74.0,-6.5,1.9840540179785384,-6.5,1.974335259557,6.269915811728604,6.269915811728604
28,2241142843,76.0,-6.5,1.9840540179785384,-6.5,1.9849536562696493,4.508084856385322,4.508084856385322
29,2241142843,78.0,-6.5,1.9840540179785384,-7.0,2.4640667152220903,45.92278717393475,53.061297878720765
30,2241142843,80.0,-6.5,1.9840540179785384,-6.5,1.986589062245052,4.083081686421064,4.083081686421064
31,2241142843,82.0,-6.5,1.9840540179785384,-6.5,1.9705901621843431,3.928348100462098,3.928348100462098
32,2241142843,84.0,-6.5,1.9840540179785384,-6.5,1.9735949683465912,4.503738480666193,4.503738480666193
33,2241142843,86.0,-6.5,1.9840540179785384,-6.5,1.9914539183349709,5.88873754974136,5.88873754974136
34,2241142843,88.0,-6.5,1.9840540179785384,-7.0,2.4658026727476594,46.226211825373966,51.53339943180404
35,2241142843,90.0,-6.5,1.9840540179785384,-6.5,1.983605356635323,7.847053248235873,7.847053248235873
36,2241142843,92.0,-6.5,1.9840540179785384,-6.5,1.977856917437868,12.069191263264202,12.069191263264202
37,2241142843,94.0,-6.5,1.9840540179785384,-6.5,1.9841837377562712,15.679405553465436,15.679405553465436
38,2241142843,96.0,-6.5,1.9840540179785384,-7.0,2.457976939284422,47.578989653445134,54.884527428107546
39,2241142843,98.0,-6.5,1.9840540179785384,-6.5,1.9721289891575888,24.08916445287074,24.08916445287074
40,2241142843,100.0,-6.5,1.9840540179785384,-6.5,1.9632886420280775,28.187144039530008,28.187144039530008
41,2241142843,102.0,-6.5,1.9840540179785384,-6.5,1.966963754357541,30.17573199157632,30.17573199157632
42,2241142843,104.0,-6.5,1.9840540179785384,-6.5,1.9790702058517955,30.88447604169721,30.88447604169721
43,2241142843,106.0,-6.5,1.9840540179785384,-6.5,1.990689514175444,30.71857953703164,30.71857953703164
44,2241142843,108.0,-6.5,1.9840540179785384,-6.5,1.99641751451112,30.18198514037737,30.18198514037737
45,2241142843,110.0,-6.5,1.9840540179785384,-6.5,1.996442337988152,29.89645431102656,29.89645431102656
46,2241142843,112.0,-6.5,1.9840540179785384,-6.5,1.993866444332999,29.929499147188007,29.929499147188007
47,2241142843,114.0,-6.5,1.9840540179785384,-6.5,1.9913475944608785,30.088421513392746,30.088421513392746
48,2241142843,116.0,-6.5,1.9840540179785384,-6.5,1.989853058910782,30.25943597297041,30.25943597297041
49,2241142843,118.0,-6.5,1.9840540179785384,-6.5,1.989229592271972,30.42310499030808,30.42310499030808
50,2241142843,120.0,-6.5,1.9840540179785384,-6.5,1.9890651223745288,30.578924182892845,30.578924182892845
51,2241142843,122.0,-6.5,1.9840540179785384,-6.5,1.989078762763328,30.73216631535718,30.73216631535718
52,2241142843,124.0,-6.5,1.9840540179785384,-6.5,1.9891459628990944,30.88510244081578,30.88510244081578
53,2241142843,126.0,-6.5,1.9840540179785384,-6.5,1.9892255210956584,31.038208720113264,31.038208720113264
54,2241142843,128.0,-6.5,1.9840540179785384,-6.5,1.9893067444622297,31.19122551943644,31.19122551943644
55,2241142843,130.0,-6.5,1.9840540179785384,-6.5,1.989387391066724,31.34407018535944,31.34407018535944
56,2241142843,132.0,-6.5,1.9840540179785384,-6.5,1.9894670649389263,31.496361563099672,31.496361563099672
57,2241142843,134.0,-6.5,1.9840540179785384,-6.5,1.989545698188231,31.64699872144765,31.64699872144765
58,2241142843,136.0,-6.5,1.9840540179785384,-6.5,1.9896232728696377,31.79568569193029,31.79568569193029
59,2241142843,138.0,-6.5,1.9840540179785384,-6.5,1.989699780581376,31.94221090956593,31.94221090956593
60,2241142843,140.0,-6.5,1.9840540179785384,-6.5,1.9897752169921468,32.0864306142971,32.0864306142971
61,2241142843,142.0,-6.5,1.9840540179785384,-6.5,1.9898495807844845,32.228252082874256,32.228252082874256
62,2241142843,144.0,-6.5,1.9840540179785384,-6.5,1.9899228733275975,32.36761949840832,32.36761949840832
63,2241142843,146.0,-6.5,1.9840540179785384,-6.5,1.98999509821594,32.50450297342299,32.50450297342299
64,2241142843,148.0,-6.5,1.9840540179785384,-6.5,1.990066261042299,32.638890394249486,32.638890394249486
65,2241142843,150.0,-6.5,1.9840540179785384,-6.5,1.9901363690648044,32.77078153409979,32.77078153409979
66,2241142843,152.0,-6.5,1.9840540179785384,-6.5,1.990205431008512,32.90044831036937,32.90044831036937
67,2241142843,154.0,-6.5,1.9840540179785384,-6.5,1.9902734568335472,33.02839501547592,33.02839501547592
68,2241142843,156.0,-6.5,1.9840540179785384,-6.5,1.990340457524316,33.154012549646694,33.154012549646694
69,2241142843,158.0,-6.5,1.9840540179785384,-6.5,1.9904064450112544,33.27731235497713,33.27731235497713
70,2241142843,160.0,-6.5,1.9840540179785384,-6.5,1.9904714319134107,33.39830688353106,33.39830688353106
71,2241142843,162.0,-6.5,1.9840540179785384,-6.5,1.9905354314898005,33.51700904114064,33.51700904114064
72,2241142843,164.0,-6.5,1.9840540179785384,-6.5,1.9905984575052131,33.633431841910095,33.633431841910095
73,2241142843,166.0,-6.5,1.9840540179785384,-6.5,1.990660524090072,33.74758819500813,33.74758819500813
74,2241142843,168.0,-6.5,1.9840540179785384,-6.5,1.990721645754272,33.85949078440406,33.85949078440406
75,2241142843,170.0,-6.5,1.9840540179785384,-6.5,1.990781837207672,33.96915200355569,33.96915200355569
76,2241142843,172.0,-6.5,1.9840540179785384,-6.5,1.9908411133422976,34.07658390091959,34.07658390091959
77,2241142843,174.0,-6.5,1.9840540179785384,-6.5,1.9908994891636345,34.182587968341394,34.182587968341394
78,2241142843,176.0,-6.5,1.9840540179785384,-6.5,1.9909569797382471,34.28780238491977,34.28780238491977
79,2241142843,178.0,-6.5,1.9840540179785384,-6.5,1.9910136001606649,34.390907138097944,34.390907138097944
80,2241142843,180.0,-6.5,1.9840540179785384,-6.5,1.991069365499892,34.49190964329004,34.49190964329004
0,354926085,20.0,-6.5,1.9840540179785384,-6.5,2.0517634762918138,95.7644088615283,95.7644088615283
1,354926085,22.0,-6.5,1.9840540179785384,-6.5,2.0366518173587185,84.45151978532404,84.45151978532404
2,354926085,24.0,-6.5,1.9840540179785384,-6.5,2.025736850816632,75.15019019978189,75.15019019978189
3,354926085,26.0,-6.5,1.9840540179785384,-6.5,2.017912060373805,67.40952419323122,67.40952419323122
4,354926085,28.0,-6.5,1.9840540179785384,-6.5,2.0125178444151857,60.916702297253735,60.916702297253735
5,354926085,30.0,-6.5,1.9840540179785384,-6.5,2.009315354132912,55.469909800652125,55.469909800652125
6,354926085,32.0,-6.5,1.9840540179785384,-6.5,2.0087317412115357,50.97214900194453,50.97214900194453
7,354926085,34.0,-6.5,1.9840540179785384,-6.5,2.0110323558460754,47.40033703609247,47.40033703609247
8,354926085,36.0,-6.5,1.9840540179785384,-6.5,2.012472806437721,44.62777800407637,44.62777800407637
9,354926085,38.0,-6.5,1.9840540179785384,-6.5,2.003275692643516,42.58687169302655,42.58687169302655
10,354926085,40.0,-6.5,1.9840540179785384,-6.5,1.9757697590841208,41.872008509164615,41.872008509164615
11,354926085,42.0,-6.5,1.9840540179785384,-6.5,1.9343667621369045,41.6981002371185,41.6981002371185
12,354926085,44.0,-6.5,1.9840540179785384,-6.5,1.9045924827134808,36.74447845835083,36.74447845835083
13,354926085,46.0,-6.5,1.9840540179785384,-6.5,1.9323101944585277,22.94594908296509,22.94594908296509
14,354926085,48.0,-6.5,1.9840540179785384,-6.5,2.006804385018545,11.53349375940372,11.53349375940372
15,354926085,50.0,-6.5,1.9840540179785384,-6.5,2.029740983984267,9.000391835560686,9.000391835560686
16,354926085,52.0,-6.5,1.9840540179785384,-6.5,1.9865788762222625,6.229887738259911,6.229887738259911
17,354926085,54.0,-6.5,1.9840540179785384,-6.5,1.957716806682279,5.648262612620376,5.648262612620376
18,354926085,56.0,-6.5,1.9840540179785384,-6.5,1.9681336426108529,6.678293720947091,6.678293720947091
19,354926085,58.0,-6.5,1.9840540179785384,-6.5,1.9906265547566315,8.22607996491482,8.22607996491482
20,354926085,60.0,-6.5,1.9840540179785384,-6.5,1.995810330294103,9.270235476388036,9.270235476388036
21,354926085,62.0,-6.5,1.9840540179785384,-6.5,1.9798116873822331,9.982174311474653,9.982174311474653
22,354926085,64.0,-6.5,1.9840540179785384,-6.5,1.9646490366521208,11.076068782838387,11.076068782838387
23,354926085,66.0,-6.5,1.9840540179785384,-6.5,1.9626869158063975,11.21538078566585,11.21538078566585
24,354926085,68.0,-6.5,1.9840540179785384,-6.5,1.969052151831601,10.2439645570006,10.2439645570006
25,354926085,70.0,-6.5,1.9840540179785384,-6.5,1.9748934026573748,9.131037212317256,9.131037212317256
26,354926085,72.0,-6.5,1.9840540179785384,-6.5,1.974723107998916,8.042634238435568,8.042634238435568
27,354926085,74.0,-6.5,1.9840540179785384,-6.5,1.974335259557,6.269915811728604,6.269915811728604
28,354926085,76.0,-6.5,1.9840540179785384,-6.5,1.9849536562696493,4.508084856385322,4.508084856385322
29,354926085,78.0,-6.5,1.9840540179785384,-6.5,1.9960920235300248,4.159791687349388,4.159791687349388
30,354926085,80.0,-6.5,1.9840540179785384,-6.5,1.986589062245052,4.083081686421064,4.083081686421064
31,354926085,82.0,-6.5,1.9840540179785384,-6.5,1.9705901621843431,3.928348100462098,3.928348100462098
32,354926085,84.0,-6.5,1.9840540179785384,-6.5,1.9735949683465912,4.503738480666193,4.503738480666193
33,354926085,86.0,-6.5,1.9840540179785384,-6.5,1.9914539183349709,5.88873754974136,5.88873754974136
34,354926085,88.0,-6.5,1.9840540179785384,-6.5,1.996951189082449,6.638729749819596,6.638729749819596
35,354926085,90.0,-6.5,1.9840540179785384,-6.5,1.983605356635323,7.847053248235873,7.847053248235873
36,354926085,92.0,-6.5,1.9840540179785384,-6.5,1.977856917437868,12.069191263264202,12.069191263264202
37,354926085,94.0,-6.5,1.9840540179785384,-6.5,1.9841837377562712,15.679405553465436,15.679405553465436
38,354926085,96.0,-6.5,1.9840540179785384,-6.5,1.9837431033380928,19.02907523738354,19.02907523738354
39,354926085,98.0,-6.5,1.9840540179785384,-6.5,1.9721289891575888,24.08916445287074,24.08916445287074
40,354926085,100.0,-6.5,1.9840540179785384,-6.5,1.9632886420280775,28.187144039530008,28.187144039530008
41,354926085,102.0,-6.5,1.9840540179785384,-6.5,1.966963754357541,30.17573199157632,30.17573199157632
42,354926085,104.0,-6.5,1.9840540179785384,-6.5,1.9790702058517955,30.88447604169721,30.88447604169721
43,354926085,106.0,-6.5,1.9840540179785384,-6.5,1.990689514175444,30.71857953703164,30.71857953703164
44,354926085,108.0,-6.5,1.9840540179785384,-6.5,1.99641751451112,30.18198514037737,30.18198514037737
45,354926085,110.0,-6.5,1.9840540179785384,-6.5,1.996442337988152,29.89645431102656,29.89645431102656
46,354926085,112.0,-6.5,1.9840540179785384,-6.5,1.993866444332999,29.929499147188007,29.929499147188007
47,354926085,114.0,-6.5,1.9840540179785384,-6.5,1.9913475944608785,30.088421513392746,30.088421513392746
48,354926085,116.0,-6.5,1.9840540179785384,-6.5,1.989853058910782,30.25943597297041,30.25943597297041
49,354926085,118.0,-6.5,1.9840540179785384,-6.5,1.989229592271972,30.42310499030808,30.42310499030808
50,354926085,120.0,-6.5,1.9840540179785384,-6.5,1.9890651223745288,30.578924182892845,30.578924182892845
51,354926085,122.0,-6.5,1.9840540179785384,-6.5,1.989078762763328,30.73216631535718,30.73216631535718
52,354926085,124.0,-6.5,1.9840540179785384,-6.5,1.9891459628990944,30.88510244081578,30.88510244081578
53,354926085,126.0,-6.5,1.9840540179785384,-6.5,1.9892255210956584,31.038208720113264,31.038208720113264
54,354926085,128.0,-6.5,1.9840540179785384,-6.5,1.9893067444622297,31.19122551943644,31.19122551943644
55,354926085,130.0,-6.5,1.9840540179785384,-6.5,1.989387391066724,31.34407018535944,31.34407018535944
56,354926085,132.0,-6.5,1.9840540179785384,-6.5,1.9894670649389263,31.496361563099672,31.496361563099672
57,354926085,134.0,-6.5,1.9840540179785384,-6.5,1.989545698188231,31.64699872144765,31.64699872144765
58,354926085,136.0,-6.5,1.9840540179785384,-6.5,1.9896232728696377,31.79568569193029,31.79568569193029
59,354926085,138.0,-6.5,1.9840540179785384,-6.5,1.989699780581376,31.94221090956593,31.94221090956593
60,354926085,140.0,-6.5,1.9840540179785384,-6.5,1.9897752169921468,32.0864306142971,32.0864306142971
61,354926085,142.0,-6.5,1.9840540179785384,-6.5,1.9898495807844845,32.228252082874256,32.228252082874256
62,354926085,144.0,-6.5,1.9840540179785384,-6.5,1.9899228733275975,32.36761949840832,32.36761949840832
63,354926085,146.0,-6.5,1.9840540179785384,-6.5,1.98999509821594,32.50450297342299,32.50450297342299
64,354926085,148.0,-6.5,1.9840540179785384,-6.5,1.990066261042299,32.638890394249486,32.638890394249486
65,354926085,150.0,-6.5,1.9840540179785384,-6.5,1.9901363690648044,32.77078153409979,32.77078153409979
66,354926085,152.0,-6.5,1.9840540179785384,-6.5,1.990205431008512,32.90044831036937,32.90044831036937
67,354926085,154.0,-6.5,1.9840540179785384,-6.5,1.9902734568335472,33.02839501547592,33.02839501547592
68,354926085,156.0,-6.5,1.9840540179785384,-6.5,1.990340457524316,33.154012549646694,33.154012549646694
69,354926085,158.0,-6.5,1.9840540179785384,-6.5,1.9904064450112544,33.27731235497713,33.27731235497713
70,354926085,160.0,-6.5,1.9840540179785384,-6.5,1.9904714319134107,33.39830688353106,33.39830688353106
71,354926085,162.0,-6.5,1.9840540179785384,-6.5,1.9905354314898005,33.51700904114064,33.51700904114064
72,354926085,164.0,-6.5,1.9840540179785384,-6.5,1.9905984575052131,33.633431841910095,33.633431841910095
73,354926085,166.0,-6.5,1.9840540179785384,-6.5,1.990660524090072,33.74758819500813,33.74758819500813
74,354926085,168.0,-6.5,1.9840540179785384,-6.5,1.990721645754272,33.85949078440406,33.85949078440406
75,354926085,170.0,-6.5,1.9840540179785384,-6.5,1.990781837207672,33.96915200355569,33.96915200355569
76,354926085,172.0,-6.5,1.9840540179785384,-6.5,1.9908411133422976,34.07658390091959,34.07658390091959
77,354926085,174.0,-6.5,1.9840540179785384,-6.5,1.9908994891636345,34.182587968341394,34.182587968341394
78,354926085,176.0,-6.5,1.9840540179785384,-6.5,1.9909569797382471,34.28780238491977,34.28780238491977
79,354926085,178.0,-6.5,1.9840540179785384,-6.5,1.9910136001606649,34.390907138097944,34.390907138097944
80,354926085,180.0,-6.5,1.9840540179785384,-6.5,1.991069365499892,34.49190964329004,34.49190964329004
0,2368900135,20.0,-7.0,2.4477766207732907,-7.0,2.584461145540202,150.4625848203277,150.4625848203277
1,2368900135,22.0,-7.0,2.4477766207732907,-7.0,2.55496273629366,132.83439680243268,132.83439680243268
2,2368900135,24.0,-7.0,2.4477766207732907,-7.0,2.533481427299111,118.36286417516176,118.36286417516176
3,2368900135,26.0,-7.0,2.4477766207732907,-7.0,2.517714260333007,106.34826100944022,106.34826100944022
4,2368900135,28.0,-7.0,2.4477766207732907,-7.0,2.5059598722761898,96.33036739277048,96.33036739277048
5,2368900135,30.0,-7.0,2.4477766207732907,-7.0,2.497182601359718,88.04831957602481,88.04831957602481
6,2368900135,32.0,-7.0,2.4477766207732907,-7.0,2.49230116002522,81.38711592119317,81.38711592119317
7,2368900135,34.0,-7.0,2.4477766207732907,-7.0,2.493853657321614,76.18031117493037,76.18031117493037
8,2368900135,36.0,-7.0,2.4477766207732907,-7.0,2.4979676306105585,71.63652295865174,71.63652295865174
9,2368900135,38.0,-7.0,2.4477766207732907,-7.0,2.487965154074236,67.10303224001791,67.10303224001791
10,2368900135,40.0,-7.0,2.4477766207732907,-6.5,1.9757697590841208,82.53213666878669,82.53213666878669
11,2368900135,42.0,-7.0,2.4477766207732907,-6.5,1.9343667621369045,89.2897466625403,89.2897466625403
12,2368900135,44.0,-7.0,2.4477766207732907,-6.5,1.9045924827134808,86.28452143214338,86.28452143214338
13,2368900135,46.0,-7.0,2.4477766207732907,-6.5,1.9323101944585277,69.61243312270729,69.61243312270729
14,2368900135,48.0,-7.0,2.4477766207732907,-7.0,2.4777260011055606,14.051106018047694,14.051106018047694
15,2368900135,50.0,-7.0,2.4477766207732907,-7.0,2.509984549712244,10.401193577848682,10.401193577848682
16,2368900135,52.0,-7.0,2.4477766207732907,-6.5,1.9865788762222625,52.89863392359138,52.89863392359138
17,2368900135,54.0,-7.0,2.4477766207732907,-6.5,1.957716806682279,53.0945440482453,53.0945440482453
18,2368900135,56.0,-7.0,2.4477766207732907,-7.0,2.430947567434052,7.789498757462043,7.789498757462043
19,2368900135,58.0,-7.0,2.4477766207732907,-7.0,2.465227762524547,9.746946204793671,9.746946204793671
20,2368900135,60.0,-7.0,2.4477766207732907,-7.0,2.466307229640292,10.957209805658916,10.957209805658916
21,2368900135,62.0,-7.0,2.4477766207732907,-7.0,2.437968438349393,11.8775239011516,11.8775239011516
22,2368900135,64.0,-7.0,2.4477766207732907,-6.5,1.9646490366521208,53.33455785635022,53.33455785635022
23,2368900135,66.0,-7.0,2.4477766207732907,-6.5,1.9626869158063975,54.71742359020664,54.71742359020664
24,2368900135,68.0,-7.0,2.4477766207732907,-6.5,1.969052151831601,53.30218696129334,53.30218696129334
25,2368900135,70.0,-7.0,2.4477766207732907,-7.0,2.4445105995245964,10.885510751344968,10.885510751344968
26,2368900135,72.0,-7.0,2.4477766207732907,-7.0,2.441845499756484,9.51612553174918,9.51612553174918
27,2368900135,74.0,-7.0,2.4477766207732907,-7.0,2.4331043546017725,7.26776445130843,7.26776445130843
28,2368900135,76.0,-7.0,2.4477766207732907,-6.5,1.9849536562696493,52.58546488530468,52.58546488530468
29,2368900135,78.0,-7.0,2.4477766207732907,-6.5,1.9960920235300248,52.52386080862318,52.52386080862318
30,2368900135,80.0,-7.0,2.4477766207732907,-7.0,2.45267453006271,4.582326990932815,4.582326990932815
31,2368900135,82.0,-7.0,2.4477766207732907,-7.0,2.427693688645046,4.409689074021813,4.409689074021813
32,2368900135,84.0,-7.0,2.4477766207732907,-7.0,2.432790965349352,4.984573236015673,4.984573236015673
33,2368900135,86.0,-7.0,2.4477766207732907,-7.0,2.461385225005159,6.656286178032209,6.656286178032209
34,2368900135,88.0,-7.0,2.4477766207732907,-7.0,2.4658026727476594,7.523653684325623,7.523653684325623
35,2368900135,90.0,-7.0,2.4477766207732907,-7.0,2.44024782824451,8.94269080811091,8.94269080811091
36,2368900135,92.0,-7.0,2.4477766207732907,-7.0,2.4377071527721337,14.797482173596167,14.797482173596167
37,2368900135,94.0,-7.0,2.4477766207732907,-7.0,2.458189988649222,19.780587588599687,19.780587588599687
38,2368900135,96.0,-7.0,2.4477766207732907,-6.5,1.9837431033380928,57.426760001356975,57.426760001356975
39,2368900135,98.0,-7.0,2.4477766207732907,-6.5,1.9721289891575888,70.63492984018242,70.63492984018242
40,2368900135,100.0,-7.0,2.4477766207732907,-6.5,1.9632886420280775,79.85393648509023,79.85393648509023
41,2368900135,102.0,-7.0,2.4477766207732907,-6.5,1.966963754357541,82.79504027350875,82.79504027350875
42,2368900135,104.0,-7.0,2.4477766207732907,-7.0,2.439053872648323,50.08394467065772,50.08394467065772
43,2368900135,106.0,-7.0,2.4477766207732907,-7.0,2.461320679990413,50.461762717488895,50.461762717488895
44,2368900135,108.0,-7.0,2.4477766207732907,-7.0,2.4731700724177226,49.521228485006496,49.521228485006496
45,2368900135,110.0,-7.0,2.4477766207732907,-7.0,2.474364732189064,48.8024044087721,48.8024044087721
46,2368900135,112.0,-7.0,2.4477766207732907,-7.0,2.4701999551194267,48.75498213314107,48.75498213314107
47,2368900135,114.0,-7.0,2.4477766207732907,-7.0,2.46568204243054,49.00343178049015,49.00343178049015
48,2368900135,116.0,-7.0,2.4477766207732907,-7.0,2.462888099372086,49.28504628479277,49.28504628479277
49,2368900135,118.0,-7.0,2.4477766207732907,-7.0,2.461695891450512,49.54694320168386,49.54694320168386
50,2368900135,120.0,-7.0,2.4477766207732907,-7.0,2.4613773720253613,49.78856748484564,49.78856748484564
51,2368900135,122.0,-7.0,2.4477766207732907,-7.0,2.461404775095588,50.02209675179156,50.02209675179156
52,2368900135,124.0,-7.0,2.4477766207732907,-7.0,2.461537665193582,50.25329986984825,50.25329986984825
53,2368900135,126.0,-7.0,2.4477766207732907,-7.0,2.461695169300865,50.48400624368668,50.48400624368668
54,2368900135,128.0,-7.0,2.4477766207732907,-7.0,2.461856046488017,50.71433002612162,50.71433002612162
55,2368900135,130.0,-7.0,2.4477766207732907,-7.0,2.4620157961833327,50.94377393848456,50.94377393848456
56,2368900135,132.0,-7.0,2.4477766207732907,-7.0,2.462173619212092,51.17284618787232,51.17284618787232
57,2368900135,134.0,-7.0,2.4477766207732907,-7.0,2.462330731054725,51.39950371585192,51.39950371585192
58,2368900135,136.0,-7.0,2.4477766207732907,-7.0,2.462483035825272,51.62328958225528,51.62328958225528
59,2368900135,138.0,-7.0,2.4477766207732907,-7.0,2.462634575465908,51.84387725664433,51.84387725664433
60,2368900135,140.0,-7.0,2.4477766207732907,-7.0,2.4627839930180717,52.06104011687843,52.06104011687843
61,2368900135,142.0,-7.0,2.4477766207732907,-7.0,2.462931278177471,52.27462824479874,52.27462824479874
62,2368900135,144.0,-7.0,2.4477766207732907,-7.0,2.463076440383749,52.48454773471592,52.48454773471592
63,2368900135,146.0,-7.0,2.4477766207732907,-7.0,2.463219485035906,52.69074429148344,52.69074429148344
64,2368900135,148.0,-7.0,2.4477766207732907,-7.0,2.463360423409868,52.89375354432613,52.89375354432613
65,2368900135,150.0,-7.0,2.4477766207732907,-7.0,2.463499269517844,53.09383217477945,53.09383217477945
66,2368900135,152.0,-7.0,2.4477766207732907,-7.0,2.4636360411183467,53.29038139820872,53.29038139820872
67,2368900135,154.0,-7.0,2.4477766207732907,-7.0,2.463770758015557,53.4834031347024,53.4834031347024
68,2368900135,156.0,-7.0,2.4477766207732907,-7.0,2.463903442203796,53.67290453542434,53.67290453542434
69,2368900135,158.0,-7.0,2.4477766207732907,-7.0,2.464034116883508,53.85889596786936,53.85889596786936
70,2368900135,160.0,-7.0,2.4477766207732907,-7.0,2.464162808073945,54.04138968646439,54.04138968646439
71,2368900135,162.0,-7.0,2.4477766207732907,-7.0,2.4642895412701504,54.220398972275866,54.220398972275866
72,2368900135,164.0,-7.0,2.4477766207732907,-7.0,2.464414344089014,54.39593758785825,54.39593758785825
73,2368900135,166.0,-7.0,2.4477766207732907,-7.0,2.4645372450516367,54.56801943867734,54.56801943867734
74,2368900135,168.0,-7.0,2.4477766207732907,-7.0,2.4646582729643143,54.73665837277522,54.73665837277522
75,2368900135,170.0,-7.0,2.4477766207732907,-7.0,2.464777456226685,54.90186806691707,54.90186806691707
76,2368900135,172.0,-7.0,2.4477766207732907,-7.0,2.4648948252115046,55.06599316925191,55.06599316925191
77,2368900135,174.0,-7.0,2.4477766207732907,-7.0,2.465010409398348,55.22794045259497,55.22794045259497
78,2368900135,176.0,-7.0,2.4477766207732907,-7.0,2.4651242388992958,55.386637391980365,55.386637391980365
79,2368900135,178.0,-7.0,2.4477766207732907,-7.0,2.465236343512247,55.54209100611645,55.54209100611645
80,2368900135,180.0,-7.0,2.4477766207732907,-7.0,2.465346766934273,55.69430837743029,55.69430837743029
0,2773632455,20.0,-7.0,2.4477766207732907,-7.0,2.584461145540202,150.4625848203277,150.4625848203277
1,2773632455,22.0,-7.0,2.4477766207732907,-7.0,2.55496273629366,132.83439680243268,132.83439680243268
2,2773632455,24.0,-7.0,2.4477766207732907,-7.0,2.533481427299111,118.36286417516176,118.36286417516176
3,2773632455,26.0,-7.0,2.4477766207732907,-7.0,2.517714260333007,106.34826100944022,106.34826100944022
4,2773632455,28.0,-7.0,2.4477766207732907,-7.0,2.5059598722761898,96.33036739277048,96.33036739277048
5,2773632455,30.0,-7.0,2.4477766207732907,-7.0,2.497182601359718,88.04831957602481,88.04831957602481
6,2773632455,32.0,-7.0,2.4477766207732907,-7.5,3.077802781989329,110.98249355268143,136.32287948532604
7,2773632455,34.0,-7.0,2.4477766207732907,-7.5,3.0751163538788533,103.14356010742064,122.38679654978824
8,2773632455,36.0,-7.0,2.4477766207732907,-7.5,3.084880436363137,92.95765462133622,97.82263055331288
9,2773632455,38.0,-7.0,2.4477766207732907,-7.5,3.0780395989892515,75.83040201592965,75.83040201592965
10,2773632455,40.0,-7.0,2.4477766207732907,-7.0,2.449439247552025,64.60287258023816,64.60287258023816
11,2773632455,42.0,-7.0,2.4477766207732907,-7.0,2.3854558753974264,64.45359065720808,64.45359065720808
12,2773632455,44.0,-7.0,2.4477766207732907,-6.5,1.9045924827134808,86.28452143214338,86.28452143214338
13,2773632455,46.0,-7.0,2.4477766207732907,-7.0,2.360789357579082,33.675931367596085,33.675931367596085
14,2773632455,48.0,-7.0,2.4477766207732907,-7.0,2.4777260011055606,14.051106018047694,14.051106018047694
15,2773632455,50.0,-7.0,2.4477766207732907,-7.5,3.083539376254953,48.3332401739729,72.2300309036245
16,2773632455,52.0,-7.0,2.4477766207732907,-7.0,2.4409458054757143,6.749619932629596,6.749619932629596
17,2773632455,54.0,-7.0,2.4477766207732907,-7.0,2.4066796213094794,6.41232136712909,6.41232136712909
18,2773632455,56.0,-7.0,2.4477766207732907,-7.0,2.430947567434052,7.789498757462043,7.789498757462043
19,2773632455,58.0,-7.0,2.4477766207732907,-7.5,3.034281724994905,36.32624232086128,71.47134260946166
20,2773632455,60.0,-7.0,2.4477766207732907,-7.5,3.0246446714209627,36.6026729409552,71.34159593820519
21,2773632455,62.0,-7.0,2.4477766207732907,-7.0,2.437968438349393,11.8775239011516,11.8775239011516
22,2773632455,64.0,-7.0,2.4477766207732907,-7.0,2.4190341984283865,13.540291881701824,13.540291881701824
23,2773632455,66.0,-7.0,2.4477766207732907,-7.0,2.421124420752653,13.7960806411627,13.7960806411627
24,2773632455,68.0,-7.0,2.4477766207732907,-7.0,2.4336735393346287,12.446784770018386,12.446784770018386
25,2773632455,70.0,-7.0,2.4477766207732907,-7.0,2.4445105995245964,10.885510751344968,10.885510751344968
26,2773632455,72.0,-7.0,2.4477766207732907,-7.5,3.0033417277923125,35.51776093020205,71.40190291196356
27,2773632455,74.0,-7.0,2.4477766207732907,-7.0,2.4331043546017725,7.26776445130843,7.26776445130843
28,2773632455,76.0,-7.0,2.4477766207732907,-7.0,2.44385445331797,4.982970904334698,4.982970904334698
29,2773632455,78.0,-7.0,2.4477766207732907,-7.5,3.024999775687967,36.06195469293031,71.97026167301962
30,2773632455,80.0,-7.0,2.4477766207732907,-7.5,3.011955439539914,35.972007654113995,71.66409248358978
31,2773632455,82.0,-7.0,2.4477766207732907,-7.0,2.427693688645046,4.409689074021813,4.409689074021813
32,2773632455,84.0,-7.0,2.4477766207732907,-7.0,2.432790965349352,4.984573236015673,4.984573236015673
33,2773632455,86.0,-7.0,2.4477766207732907,-7.5,3.02638793937456,36.108109341835046,72.02724701878346
34,2773632455,88.0,-7.0,2.4477766207732907,-7.5,3.0276553240116137,36.23561894118756,69.86380738545611
35,2773632455,90.0,-7.0,2.4477766207732907,-7.0,2.44024782824451,8.94269080811091,8.94269080811091
36,2773632455,92.0,-7.0,2.4477766207732907,-7.0,2.4377071527721337,14.797482173596167,14.797482173596167
37,2773632455,94.0,-7.0,2.4477766207732907,-7.5,3.033186403065292,36.467875154096255,84.98678111822129
38,2773632455,96.0,-7.0,2.4477766207732907,-7.5,3.0309612377695205,37.33368742488084,78.09117981562387
39,2773632455,98.0,-7.0,2.4477766207732907,-7.5,2.97085838130734,39.08194694837149,57.7300103267074
40,2773632455,100.0,-7.0,2.4477766207732907,-7.0,2.409789915674383,43.93092180626351,43.93092180626351
41,2773632455,102.0,-7.0,2.4477766207732907,-7.0,2.4162449747482486,47.99367729979216,47.99367729979216
42,2773632455,104.0,-7.0,2.4477766207732907,-7.0,2.439053872648323,50.08394467065772,50.08394467065772
43,2773632455,106.0,-7.0,2.4477766207732907,-7.0,2.461320679990413,50.461762717488895,50.461762717488895
44,2773632455,108.0,-7.0,2.4477766207732907,-7.5,3.0514144451854164,47.5792960904264,89.48504315823737
45,2773632455,110.0,-7.0,2.4477766207732907,-7.5,3.0554746104644748,55.45193351619089,107.68380101872202
46,2773632455,112.0,-7.0,2.4477766207732907,-7.5,3.049555806802805,59.880619698389935,114.64311794532144
47,2773632455,114.0,-7.0,2.4477766207732907,-7.5,3.0421311060492475,62.13743175122336,110.21539008836142
48,2773632455,116.0,-7.0,2.4477766207732907,-7.0,2.462888099372086,49.28504628479277,49.28504628479277
49,2773632455,118.0,-7.0,2.4477766207732907,-7.0,2.461695891450512,49.54694320168386,49.54694320168386
50,2773632455,120.0,-7.0,2.4477766207732907,-7.0,2.4613773720253613,49.78856748484564,49.78856748484564
51,2773632455,122.0,-7.0,2.4477766207732907,-7.0,2.461404775095588,50.02209675179156,50.02209675179156
52,2773632455,124.0,-7.0,2.4477766207732907,-7.0,2.461537665193582,50.25329986984825,50.25329986984825
53,2773632455,126.0,-7.0,2.4477766207732907,-7.0,2.461695169300865,50.48400624368668,50.48400624368668
54,2773632455,128.0,-7.0,2.4477766207732907,-7.0,2.461856046488017,50.71433002612162,50.71433002612162
55,2773632455,130.0,-7.0,2.4477766207732907,-7.0,2.4620157961833327,50.94377393848456,50.94377393848456
56,2773632455,132.0,-7.0,2.4477766207732907,-7.0,2.462173619212092,51.17284618787232,51.17284618787232
57,2773632455,134.0,-7.0,2.4477766207732907,-7.0,2.462330731054725,51.39950371585192,51.39950371585192
58,2773632455,136.0,-7.0,2.4477766207732907,-7.0,2.462483035825272,51.62328958225528,51.62328958225528
59,2773632455,138.0,-7.0,2.4477766207732907,-7.0,2.462634575465908,51.84387725664433,51.84387725664433
60,2773632455,140.0,-7.0,2.4477766207732907,-7.0,2.4627839930180717,52.06104011687843,52.06104011687843
61,2773632455,142.0,-7.0,2.4477766207732907,-7.0,2.462931278177471,52.27462824479874,52.27462824479874
62,2773632455,144.0,-7.0,2.4477766207732907,-7.0,2.463076440383749,52.48454773471592,52.48454773471592
63,2773632455,146.0,-7.0,2.4477766207732907,-7.0,2.463219485035906,52.69074429148344,52.69074429148344
64,2773632455,148.0,-7.0,2.4477766207732907,-7.0,2.463360423409868,52.89375354432613,52.89375354432613
65,2773632455,150.0,-7.0,2.4477766207732907,-7.0,2.463499269517844,53.09383217477945,53.09383217477945
66,2773632455,152.0,-7.0,2.4477766207732907,-7.0,2.4636360411183467,53.29038139820872,53.29038139820872
67,2773632455,154.0,-7.0,2.4477766207732907,-7.0,2.463770758015557,53.4834031347024,53.4834031347024
68,2773632455,156.0,-7.0,2.4477766207732907,-7.0,2.463903442203796,53.67290453542434,53.67290453542434
69,2773632455,158.0,-7.0,2.4477766207732907,-7.0,2.464034116883508,53.85889596786936,53.85889596786936
70,2773632455,160.0,-7.0,2.4477766207732907,-7.0,2.464162808073945,54.04138968646439,54.04138968646439
71,2773632455,162.0,-7.0,2.4477766207732907,-7.0,2.4642895412701504,54.220398972275866,54.220398972275866
72,2773632455,164.0,-7.0,2.4477766207732907,-7.0,2.464414344089014,54.39593758785825,54.39593758785825
73,2773632455,166.0,-7.0,2.4477766207732907,-7.0,2.4645372450516367,54.56801943867734,54.56801943867734
74,2773632455,168.0,-7.0,2.4477766207732907,-7.0,2.4646582729643143,54.73665837277522,54.73665837277522
75,2773632455,170.0,-7.0,2.4477766207732907,-7.0,2.464777456226685,54.90186806691707,54.90186806691707
76,2773632455,172.0,-7.0,2.4477766207732907,-7.0,2.4648948252115046,55.06599316925191,55.06599316925191
77,2773632455,174.0,-7.0,2.4477766207732907,-7.0,2.465010409398348,55.22794045259497,55.22794045259497
78,2773632455,176.0,-7.0,2.4477766207732907,-7.0,2.4651242388992958,55.386637391980365,55.386637391980365
79,2773632455,178.0,-7.0,2.4477766207732907,-7.0,2.465236343512247,55.54209100611645,55.54209100611645
80,2773632455,180.0,-7.0,2.4477766207732907,-7.0,2.465346766934273,55.69430837743029,55.69430837743029
0,2723165907,20.0,-7.0,2.4477766207732907,-7.0,2.584461145540202,150.4625848203277,150.4625848203277
1,2723165907,22.0,-7.0,2.4477766207732907,-7.0,2.55496273629366,132.83439680243268,132.83439680243268
2,2723165907,24.0,-7.0,2.4477766207732907,-7.0,2.533481427299111,118.36286417516176,118.36286417516176
3,2723165907,26.0,-7.0,2.4477766207732907,-7.0,2.517714260333007,106.34826100944022,106.34826100944022
4,2723165907,28.0,-7.0,2.4477766207732907,-7.0,2.5059598722761898,96.33036739277048,96.33036739277048
5,2723165907,30.0,-7.0,2.4477766207732907,-7.0,2.497182601359718,88.04831957602481,88.04831957602481
6,2723165907,32.0,-7.0,2.4477766207732907,-7.0,2.49230116002522,81.38711592119317,81.38711592119317
7,2723165907,34.0,-7.0,2.4477766207732907,-7.0,2.493853657321614,76.18031117493037,76.18031117493037
8,2723165907,36.0,-7.0,2.4477766207732907,-7.0,2.4979676306105585,71.63652295865174,71.63652295865174
9,2723165907,38.0,-7.0,2.4477766207732907,-7.0,2.487965154074236,67.10303224001791,67.10303224001791
10,2723165907,40.0,-7.0,2.4477766207732907,-7.0,2.449439247552025,64.60287258023816,64.60287258023816
11,2723165907,42.0,-7.0,2.4477766207732907,-6.5,1.9343667621369045,89.2897466625403,89.2897466625403
12,2723165907,44.0,-7.0,2.4477766207732907,-6.5,1.9045924827134808,86.28452143214338,86.28452143214338
13,2723165907,46.0,-7.0,2.4477766207732907,-6.5,1.9323101944585277,69.61243312270729,69.61243312270729
14,2723165907,48.0,-7.0,2.4477766207732907,-7.0,2.4777260011055606,14.051106018047694,14.051106018047694
15,2723165907,50.0,-7.0,2.4477766207732907,-7.0,2.509984549712244,10.401193577848682,10.401193577848682
16,2723165907,52.0,-7.0,2.4477766207732907,-6.5,1.9865788762222625,52.89863392359138,52.89863392359138
17,2723165907,54.0,-7.0,2.4477766207732907,-6.5,1.957716806682279,53.0945440482453,53.0945440482453
18,2723165907,56.0,-7.0,2.4477766207732907,-7.0,2.430947567434052,7.789498757462043,7.789498757462043
19,2723165907,58.0,-7.0,2.4477766207732907,-7.0,2.465227762524547,9.746946204793671,9.746946204793671
20,2723165907,60.0,-7.0,2.4477766207732907,-7.0,2.466307229640292,10.957209805658916,10.957209805658916
21,2723165907,62.0,-7.0,2.4477766207732907,-6.5,1.9798116873822331,53.22591705507377,53.22591705507377
22,2723165907,64.0,-7.0,2.4477766207732907,-6.5,1.9646490366521208,53.33455785635022,53.33455785635022
23,2723165907,66.0,-7.0,2.4477766207732907,-6.5,1.9626869158063975,54.71742359020664,54.71742359020664
24,2723165907,68.0,-7.0,2.4477766207732907,-7.0,2.4336735393346287,12.446784770018386,12.446784770018386
25,2723165907,70.0,-7.0,2.4477766207732907,-7.0,2.4445105995245964,10.885510751344968,10.885510751344968
26,2723165907,72.0,-7.0,2.4477766207732907,-7.0,2.441845499756484,9.51612553174918,9.51612553174918
27,2723165907,74.0,-7.0,2.4477766207732907,-6.5,1.974335259557,52.73030852776492,52.73030852776492
28,2723165907,76.0,-7.0,2.4477766207732907,-7.0,2.44385445331797,4.982970904334698,4.982970904334698
29,2723165907,78.0,-7.0,2.4477766207732907,-7.0,2.4640667152220903,4.5905525969713965,4.5905525969713965
30,2723165907,80.0,-7.0,2.4477766207732907,-7.0,2.45267453006271,4.582326990932815,4.582326990932815
31,2723165907,82.0,-7.0,2.4477766207732907,-6.5,1.9705901621843431,52.60927358980273,52.60927358980273
32,2723165907,84.0,-7.0,2.4477766207732907,-7.0,2.432790965349352,4.984573236015673,4.984573236015673
33,2723165907,86.0,-7.0,2.4477766207732907,-7.0,2.461385225005159,6.656286178032209,6.656286178032209
34,2723165907,88.0,-7.0,2.4477766207732907,-7.0,2.4658026727476594,7.523653684325623,7.523653684325623
35,2723165907,90.0,-7.0,2.4477766207732907,-7.0,2.44024782824451,8.94269080811091,8.94269080811091
36,2723165907,92.0,-7.0,2.4477766207732907,-6.5,1.977856917437868,50.17625395053648,50.17625395053648
37,2723165907,94.0,-7.0,2.4477766207732907,-7.0,2.458189988649222,19.780587588599687,19.780587588599687
38,2723165907,96.0,-7.0,2.4477766207732907,-7.0,2.457976939284422,25.574552219716864,25.574552219716864
39,2723165907,98.0,-7.0,2.4477766207732907,-7.0,2.430412520497804,35.75722096829585,35.75722096829585
40,2723165907,100.0,-7.0,2.4477766207732907,-6.5,1.9632886420280775,79.85393648509023,79.85393648509023
41,2723165907,102.0,-7.0,2.4477766207732907,-6.5,1.966963754357541,82.79504027350875,82.79504027350875
42,2723165907,104.0,-7.0,2.4477766207732907,-6.5,1.9790702058517955,79.68183329999795,79.68183329999795
43,2723165907,106.0,-7.0,2.4477766207732907,-7.0,2.461320679990413,50.461762717488895,50.461762717488895
44,2723165907,108.0,-7.0,2.4477766207732907,-7.0,2.4731700724177226,49.521228485006496,49.521228485006496
45,2723165907,110.0,-7.0,2.4477766207732907,-7.0,2.474364732189064,48.8024044087721,48.8024044087721
46,2723165907,112.0,-7.0,2.4477766207732907,-7.0,2.4701999551194267,48.75498213314107,48.75498213314107
47,2723165907,114.0,-7.0,2.4477766207732907,-7.0,2.46568204243054,49.00343178049015,49.00343178049015
48,2723165907,116.0,-7.0,2.4477766207732907,-7.0,2.462888099372086,49.28504628479277,49.28504628479277
49,2723165907,118.0,-7.0,2.4477766207732907,-7.0,2.461695891450512,49.54694320168386,49.54694320168386
50,2723165907,120.0,-7.0,2.4477766207732907,-7.0,2.4613773720253613,49.78856748484564,49.78856748484564
51,2723165907,122.0,-7.0,2.4477766207732907,-7.0,2.461404775095588,50.02209675179156,50.02209675179156
52,2723165907,124.0,-7.0,2.4477766207732907,-7.0,2.461537665193582,50.25329986984825,50.25329986984825
53,2723165907,126.0,-7.0,2.4477766207732907,-7.0,2.461695169300865,50.48400624368668,50.48400624368668
54,2723165907,128.0,-7.0,2.4477766207732907,-7.0,2.461856046488017,50.71433002612162,50.71433002612162
55,2723165907,130.0,-7.0,2.4477766207732907,-7.0,2.4620157961833327,50.94377393848456,50.94377393848456
56,2723165907,132.0,-7.0,2.4477766207732907,-7.0,2.462173619212092,51.17284618787232,51.17284618787232
57,2723165907,134.0,-7.0,2.4477766207732907,-7.0,2.462330731054725,51.39950371585192,51.39950371585192
58,2723165907,136.0,-7.0,2.4477766207732907,-7.0,2.462483035825272,51.62328958225528,51.62328958225528
59,2723165907,138.0,-7.0,2.4477766207732907,-7.0,2.462634575465908,51.84387725664433,51.84387725664433
60,2723165907,140.0,-7.0,2.4477766207732907,-7.0,2.4627839930180717,52.06104011687843,52.06104011687843
61,2723165907,142.0,-7.0,2.4477766207732907,-7.0,2.462931278177471,52.27462824479874,52.27462824479874
62,2723165907,144.0,-7.0,2.4477766207732907,-7.0,2.463076440383749,52.48454773471592,52.48454773471592
63,2723165907,146.0,-7.0,2.4477766207732907,-7.0,2.463219485035906,52.69074429148344,52.69074429148344
64,2723165907,148.0,-7.0,2.4477766207732907,-7.0,2.463360423409868,52.89375354432613,52.89375354432613
65,2723165907,150.0,-7.0,2.4477766207732907,-7.0,2.463499269517844,53.09383217477945,53.09383217477945
66,2723165907,152.0,-7.0,2.4477766207732907,-7.0,2.4636360411183467,53.29038139820872,53.29038139820872
67,2723165907,154.0,-7.0,2.4477766207732907,-7.0,2.463770758015557,53.4834031347024,53.4834031347024
68,2723165907,156.0,-7.0,2.4477766207732907,-7.0,2.463903442203796,53.67290453542434,53.67290453542434
69,2723165907,158.0,-7.0,2.4477766207732907,-7.0,2.464034116883508,53.85889596786936,53.85889596786936
70,2723165907,160.0,-7.0,2.4477766207732907,-7.0,2.464162808073945,54.04138968646439,54.04138968646439
71,2723165907,162.0,-7.0,2.4477766207732907,-7.0,2.4642895412701504,54.220398972275866,54.220398972275866
72,2723165907,164.0,-7.0,2.4477766207732907,-7.0,2.464414344089014,54.39593758785825,54.39593758785825
73,2723165907,166.0,-7.0,2.4477766207732907,-7.0,2.4645372450516367,54.56801943867734,54.56801943867734
74,2723165907,168.0,-7.0,2.4477766207732907,-7.0,2.4646582729643143,54.73665837277522,54.73665837277522
75,2723165907,170.0,-7.0,2.4477766207732907,-7.0,2.464777456226685,54.90186806691707,54.90186806691707
76,2723165907,172.0,-7.0,2.4477766207732907,-7.0,2.4648948252115046,55.06599316925191,55.06599316925191
77,2723165907,174.0,-7.0,2.4477766207732907,-7.0,2.465010409398348,55.22794045259497,55.22794045259497
78,2723165907,176.0,-7.0,2.4477766207732907,-7.0,2.4651242388992958,55.386637391980365,55.386637391980365
79,2723165907,178.0,-7.0,2.4477766207732907,-7.0,2.465236343512247,55.54209100611645,55.54209100611645
80,2723165907,180.0,-7.0,2.4477766207732907,-7.0,2.465346766934273,55.69430837743029,55.69430837743029
0,572329693,20.0,-6.5,1.9840540179785384,-6.5,2.0517634762918138,95.7644088615283,95.7644088615283
1,572329693,22.0,-6.5,1.9840540179785384,-6.5,2.0366518173587185,84.45151978532404,84.45151978532404
2,572329693,24.0,-6.5,1.9840540179785384,-6.5,2.025736850816632,75.15019019978189,75.15019019978189
3,572329693,26.0,-6.5,1.9840540179785384,-6.5,2.017912060373805,67.40952419323122,67.40952419323122
4,572329693,28.0,-6.5,1.9840540179785384,-6.5,2.0125178444151857,60.916702297253735,60.916702297253735
5,572329693,30.0,-6.5,1.9840540179785384,-6.5,2.009315354132912,55.469909800652125,55.469909800652125
6,572329693,32.0,-6.5,1.9840540179785384,-6.5,2.0087317412115357,50.97214900194453,50.97214900194453
7,572329693,34.0,-6.5,1.9840540179785384,-6.5,2.0110323558460754,47.40033703609247,47.40033703609247
8,572329693,36.0,-6.5,1.9840540179785384,-6.5,2.012472806437721,44.62777800407637,44.62777800407637
9,572329693,38.0,-6.5,1.9840540179785384,-6.5,2.003275692643516,42.58687169302655,42.58687169302655
10,572329693,40.0,-6.5,1.9840540179785384,-6.5,1.9757697590841208,41.872008509164615,41.872008509164615
11,572329693,42.0,-6.5,1.9840540179785384,-6.0,1.5405963055475245,62.366702976202205,65.37970947682285
12,572329693,44.0,-6.5,1.9840540179785384,-6.0,1.5260581707734848,59.64245677766323,64.25379058878006
13,572329693,46.0,-6.5,1.9840540179785384,-6.0,1.547055823312439,51.572299576533865,58.12836319517308
14,572329693,48.0,-6.5,1.9840540179785384,-6.5,2.006804385018545,11.53349375940372,11.53349375940372
15,572329693,50.0,-6.5,1.9840540179785384,-6.5,2.029740983984267,9.000391835560686,9.000391835560686
16,572329693,52.0,-6.5,1.9840540179785384,-6.5,1.9865788762222625,6.229887738259911,6.229887738259911
17,572329693,54.0,-6.5,1.9840540179785384,-6.5,1.957716806682279,5.648262612620376,5.648262612620376
18,572329693,56.0,-6.5,1.9840540179785384,-6.5,1.9681336426108529,6.678293720947091,6.678293720947091
19,572329693,58.0,-6.5,1.9840540179785384,-6.5,1.9906265547566315,8.22607996491482,8.22607996491482
20,572329693,60.0,-6.5,1.9840540179785384,-6.5,1.995810330294103,9.270235476388036,9.270235476388036
21,572329693,62.0,-6.5,1.9840540179785384,-6.0,1.5749389755090426,53.50717270212719,54.436100951694165
22,572329693,64.0,-6.5,1.9840540179785384,-6.0,1.564729571795766,58.13001598592628,58.13001598592628
23,572329693,66.0,-6.5,1.9840540179785384,-6.0,1.5609557926156508,59.98876520516698,59.98876520516698
24,572329693,68.0,-6.5,1.9840540179785384,-6.5,1.969052151831601,10.2439645570006,10.2439645570006
25,572329693,70.0,-6.5,1.9840540179785384,-6.5,1.9748934026573748,9.131037212317256,9.131037212317256
26,572329693,72.0,-6.5,1.9840540179785384,-6.5,1.974723107998916,8.042634238435568,8.042634238435568
27,572329693,74.0,-6.5,1.9840540179785384,-6.5,1.974335259557,6.269915811728604,6.269915811728604
28,572329693,76.0,-6.5,1.9840540179785384,-6.5,1.9849536562696493,4.508084856385322,4.508084856385322
29,572329693,78.0,-6.5,1.9840540179785384,-6.5,1.9960920235300248,4.159791687349388,4.159791687349388
30,572329693,80.0,-6.5,1.9840540179785384,-6.5,1.986589062245052,4.083081686421064,4.083081686421064
31,572329693,82.0,-6.5,1.9840540179785384,-6.5,1.9705901621843431,3.928348100462098,3.928348100462098
32,572329693,84.0,-6.5,1.9840540179785384,-6.5,1.9735949683465912,4.503738480666193,4.503738480666193
33,572329693,86.0,-6.5,1.9840540179785384,-6.5,1.9914539183349709,5.88873754974136,5.88873754974136
34,572329693,88.0,-6.5,1.9840540179785384,-6.5,1.996951189082449,6.638729749819596,6.638729749819596
35,572329693,90.0,-6.5,1.9840540179785384,-6.5,1.983605356635323,7.847053248235873,7.847053248235873
36,572329693,92.0,-6.5,1.9840540179785384,-6.5,1.977856917437868,12.069191263264202,12.069191263264202
37,572329693,94.0,-6.5,1.9840540179785384,-6.5,1.9841837377562712,15.679405553465436,15.679405553465436
38,572329693,96.0,-6.5,1.9840540179785384,-6.5,1.9837431033380928,19.02907523738354,19.02907523738354
39,572329693,98.0,-6.5,1.9840540179785384,-6.5,1.9721289891575888,24.08916445287074,24.08916445287074
40,572329693,100.0,-6.5,1.9840540179785384,-6.0,1.5645285287402837,54.19865350333187,54.19865350333187
41,572329693,102.0,-6.5,1.9840540179785384,-6.0,1.567301493963273,55.35659156805665,55.35659156805665
42,572329693,104.0,-6.5,1.9840540179785384,-6.5,1.9790702058517955,30.88447604169721,30.88447604169721
43,572329693,106.0,-6.5,1.9840540179785384,-6.5,1.990689514175444,30.71857953703164,30.71857953703164
44,572329693,108.0,-6.5,1.9840540179785384,-6.5,1.99641751451112,30.18198514037737,30.18198514037737
45,572329693,110.0,-6.5,1.9840540179785384,-6.5,1.996442337988152,29.89645431102656,29.89645431102656
46,572329693,112.0,-6.5,1.9840540179785384,-6.5,1.993866444332999,29.929499147188007,29.929499147188007
47,572329693,114.0,-6.5,1.9840540179785384,-6.5,1.9913475944608785,30.088421513392746,30.088421513392746
48,572329693,116.0,-6.5,1.9840540179785384,-6.5,1.989853058910782,30.25943597297041,30.25943597297041
49,572329693,118.0,-6.5,1.9840540179785384,-6.5,1.989229592271972,30.42310499030808,30.42310499030808
50,572329693,120.0,-6.5,1.9840540179785384,-6.5,1.9890651223745288,30.578924182892845,30.578924182892845
51,572329693,122.0,-6.5,1.9840540179785384,-6.5,1.989078762763328,30.73216631535718,30.73216631535718
52,572329693,124.0,-6.5,1.9840540179785384,-6.5,1.9891459628990944,30.88510244081578,30.88510244081578
53,572329693,126.0,-6.5,1.9840540179785384,-6.5,1.9892255210956584,31.038208720113264,31.038208720113264
54,572329693,128.0,-6.5,1.9840540179785384,-6.5,1.9893067444622297,31.19122551943644,31.19122551943644
55,572329693,130.0,-6.5,1.9840540179785384,-6.5,1.989387391066724,31.34407018535944,31.34407018535944
56,572329693,132.0,-6.5,1.9840540179785384,-6.5,1.9894670649389263,31.496361563099672,31.496361563099672
57,572329693,134.0,-6.5,1.9840540179785384,-6.5,1.989545698188231,31.64699872144765,31.64699872144765
58,572329693,136.0,-6.5,1.9840540179785384,-6.5,1.9896232728696377,31.79568569193029,31.79568569193029
59,572329693,138.0,-6.5,1.9840540179785384,-6.5,1.989699780581376,31.94221090956593,31.94221090956593
60,572329693,140.0,-6.5,1.9840540179785384,-6.5,1.9897752169921468,32.0864306142971,32.0864306142971
61,572329693,142.0,-6.5,1.9840540179785384,-6.5,1.9898495807844845,32.228252082874256,32.228252082874256
62,572329693,144.0,-6.5,1.9840540179785384,-6.5,1.9899228733275975,32.36761949840832,32.36761949840832
63,572329693,146.0,-6.5,1.9840540179785384,-6.5,1.98999509821594,32.50450297342299,32.50450297342299
64,572329693,148.0,-6.5,1.9840540179785384,-6.5,1.990066261042299,32.638890394249486,32.638890394249486
65,572329693,150.0,-6.5,1.9840540179785384,-6.5,1.9901363690648044,32.77078153409979,32.77078153409979
66,572329693,152.0,-6.5,1.9840540179785384,-6.5,1.990205431008512,32.90044831036937,32.90044831036937
67,572329693,154.0,-6.5,1.9840540179785384,-6.5,1.9902734568335472,33.02839501547592,33.02839501547592
68,572329693,156.0,-6.5,1.9840540179785384,-6.5,1.990340457524316,33.154012549646694,33.154012549646694
69,572329693,158.0,-6.5,1.9840540179785384,-6.5,1.9904064450112544,33.27731235497713,33.27731235497713
70,572329693,160.0,-6.5,1.9840540179785384,-6.5,1.9904714319134107,33.39830688353106,33.39830688353106
71,572329693,162.0,-6.5,1.9840540179785384,-6.5,1.9905354314898005,33.51700904114064,33.51700904114064
72,572329693,164.0,-6.5,1.9840540179785384,-6.5,1.9905984575052131,33.633431841910095,33.633431841910095
73,572329693,166.0,-6.5,1.9840540179785384,-6.5,1.990660524090072,33.74758819500813,33.74758819500813
74,572329693,168.0,-6.5,1.9840540179785384,-6.5,1.990721645754272,33.85949078440406,33.85949078440406
75,572329693,170.0,-6.5,1.9840540179785384,-6.5,1.990781837207672,33.96915200355569,33.96915200355569
76,572329693,172.0,-6.5,1.9840540179785384,-6.5,1.9908411133422976,34.07658390091959,34.07658390091959
77,572329693,174.0,-6.5,1.9840540179785384,-6.5,1.9908994891636345,34.182587968341394,34.182587968341394
78,572329693,176.0,-6.5,1.9840540179785384,-6.5,1.9909569797382471,34.28780238491977,34.28780238491977
79,572329693,178.0,-6.5,1.9840540179785384,-6.5,1.9910136001606649,34.390907138097944,34.390907138097944
80,572329693,180.0,-6.5,1.9840540179785384,-6.5,1.991069365499892,34.49190964329004,34.49190964329004
0,3793478080,20.0,-7.0,2.4477766207732907,-7.0,2.584461145540202,150.4625848203277,150.4625848203277
1,3793478080,22.0,-7.0,2.4477766207732907,-7.0,2.55496273629366,132.83439680243268,132.83439680243268
2,3793478080,24.0,-7.0,2.4477766207732907,-7.0,2.533481427299111,118.36286417516176,118.36286417516176
3,3793478080,26.0,-7.0,2.4477766207732907,-7.0,2.517714260333007,106.34826100944022,106.34826100944022
4,3793478080,28.0,-7.0,2.4477766207732907,-7.0,2.5059598722761898,96.33036739277048,96.33036739277048
5,3793478080,30.0,-7.0,2.4477766207732907,-7.0,2.497182601359718,88.04831957602481,88.04831957602481
6,3793478080,32.0,-7.0,2.4477766207732907,-7.0,2.49230116002522,81.38711592119317,81.38711592119317
7,3793478080,34.0,-7.0,2.4477766207732907,-7.0,2.493853657321614,76.18031117493037,76.18031117493037
8,3793478080,36.0,-7.0,2.4477766207732907,-7.0,2.4979676306105585,71.63652295865174,71.63652295865174
9,3793478080,38.0,-7.0,2.4477766207732907,-7.0,2.487965154074236,67.10303224001791,67.10303224001791
10,3793478080,40.0,-7.0,2.4477766207732907,-7.0,2.449439247552025,64.60287258023816,64.60287258023816
11,3793478080,42.0,-7.0,2.4477766207732907,-6.5,1.9343667621369045,89.2897466625403,89.2897466625403
12,3793478080,44.0,-7.0,2.4477766207732907,-6.5,1.9045924827134808,86.28452143214338,86.28452143214338
13,3793478080,46.0,-7.0,2.4477766207732907,-7.0,2.360789357579082,33.675931367596085,33.675931367596085
14,3793478080,48.0,-7.0,2.4477766207732907,-7.0,2.4777260011055606,14.051106018047694,14.051106018047694
15,3793478080,50.0,-7.0,2.4477766207732907,-7.0,2.509984549712244,10.401193577848682,10.401193577848682
16,3793478080,52.0,-7.0,2.4477766207732907,-7.0,2.4409458054757143,6.749619932629596,6.749619932629596
17,3793478080,54.0,-7.0,2.4477766207732907,-7.0,2.4066796213094794,6.41232136712909,6.41232136712909
18,3793478080,56.0,-7.0,2.4477766207732907,-7.0,2.430947567434052,7.789498757462043,7.789498757462043
19,3793478080,58.0,-7.0,2.4477766207732907,-7.0,2.465227762524547,9.746946204793671,9.746946204793671
20,3793478080,60.0,-7.0,2.4477766207732907,-7.0,2.466307229640292,10.957209805658916,10.957209805658916
21,3793478080,62.0,-7.0,2.4477766207732907,-7.0,2.437968438349393,11.8775239011516,11.8775239011516
22,3793478080,64.0,-7.0,2.4477766207732907,-7.0,2.4190341984283865,13.540291881701824,13.540291881701824
23,3793478080,66.0,-7.0,2.4477766207732907,-7.0,2.421124420752653,13.7960806411627,13.7960806411627
24,3793478080,68.0,-7.0,2.4477766207732907,-7.0,2.4336735393346287,12.446784770018386,12.446784770018386
25,3793478080,70.0,-7.0,2.4477766207732907,-7.0,2.4445105995245964,10.885510751344968,10.885510751344968
26,3793478080,72.0,-7.0,2.4477766207732907,-7.0,2.441845499756484,9.51612553174918,9.51612553174918
27,3793478080,74.0,-7.0,2.4477766207732907,-7.0,2.4331043546017725,7.26776445130843,7.26776445130843
28,3793478080,76.0,-7.0,2.4477766207732907,-7.0,2.44385445331797,4.982970904334698,4.982970904334698
29,3793478080,78.0,-7.0,2.4477766207732907,-7.0,2.4640667152220903,4.5905525969713965,4.5905525969713965
30,3793478080,80.0,-7.0,2.4477766207732907,-7.0,2.45267453006271,4.582326990932815,4.582326990932815
31,3793478080,82.0,-7.0,2.4477766207732907,-7.0,2.427693688645046,4.409689074021813,4.409689074021813
32,3793478080,84.0,-7.0,2.4477766207732907,-7.0,2.432790965349352,4.984573236015673,4.984573236015673
33,3793478080,86.0,-7.0,2.4477766207732907,-7.0,2.461385225005159,6.656286178032209,6.656286178032209
34,3793478080,88.0,-7.0,2.4477766207732907,-7.0,2.4658026727476594,7.523653684325623,7.523653684325623
35,3793478080,90.0,-7.0,2.4477766207732907,-7.0,2.44024782824451,8.94269080811091,8.94269080811091
36,3793478080,92.0,-7.0,2.4477766207732907,-7.0,2.4377071527721337,14.797482173596167,14.797482173596167
37,3793478080,94.0,-7.0,2.4477766207732907,-7.0,2.458189988649222,19.780587588599687,19.780587588599687
38,3793478080,96.0,-7.0,2.4477766207732907,-7.0,2.457976939284422,25.574552219716864,25.574552219716864
39,3793478080,98.0,-7.0,2.4477766207732907,-7.0,2.430412520497804,35.75722096829585,35.75722096829585
40,3793478080,100.0,-7.0,2.4477766207732907,-7.0,2.409789915674383,43.93092180626351,43.93092180626351
41,3793478080,102.0,-7.0,2.4477766207732907,-7.0,2.4162449747482486,47.99367729979216,47.99367729979216
42,3793478080,104.0,-7.0,2.4477766207732907,-7.0,2.439053872648323,50.08394467065772,50.08394467065772
43,3793478080,106.0,-7.0,2.4477766207732907,-7.0,2.461320679990413,50.461762717488895,50.461762717488895
44,3793478080,108.0,-7.0,2.4477766207732907,-7.0,2.4731700724177226,49.521228485006496,49.521228485006496
45,3793478080,110.0,-7.0,2.4477766207732907,-7.0,2.474364732189064,48.8024044087721,48.8024044087721
46,3793478080,112.0,-7.0,2.4477766207732907,-7.0,2.4701999551194267,48.75498213314107,48.75498213314107
47,3793478080,114.0,-7.0,2.4477766207732907,-7.0,2.46568204243054,49.00343178049015,49.00343178049015
48,3793478080,116.0,-7.0,2.4477766207732907,-7.0,2.462888099372086,49.28504628479277,49.28504628479277
49,3793478080,118.0,-7.0,2.4477766207732907,-7.0,2.461695891450512,49.54694320168386,49.54694320168386
50,3793478080,120.0,-7.0,2.4477766207732907,-7.0,2.4613773720253613,49.78856748484564,49.78856748484564
51,3793478080,122.0,-7.0,2.4477766207732907,-7.0,2.461404775095588,50.02209675179156,50.02209675179156
52,3793478080,124.0,-7.0,2.4477766207732907,-7.0,2.461537665193582,50.25329986984825,50.25329986984825
53,3793478080,126.0,-7.0,2.4477766207732907,-7.0,2.461695169300865,50.48400624368668,50.48400624368668
54,3793478080,128.0,-7.0,2.4477766207732907,-7.0,2.461856046488017,50.71433002612162,50.71433002612162
55,3793478080,130.0,-7.0,2.4477766207732907,-7.0,2.4620157961833327,50.94377393848456,50.94377393848456
56,3793478080,132.0,-7.0,2.4477766207732907,-7.0,2.462173619212092,51.17284618787232,51.17284618787232
57,3793478080,134.0,-7.0,2.4477766207732907,-7.0,2.462330731054725,51.39950371585192,51.39950371585192
58,3793478080,136.0,-7.0,2.4477766207732907,-7.0,2.462483035825272,51.62328958225528,51.62328958225528
59,3793478080,138.0,-7.0,2.4477766207732907,-7.0,2.462634575465908,51.84387725664433,51.84387725664433
60,3793478080,140.0,-7.0,2.4477766207732907,-7.0,2.4627839930180717,52.06104011687843,52.06104011687843
61,3793478080,142.0,-7.0,2.4477766207732907,-7.0,2.462931278177471,52.27462824479874,52.27462824479874
62,3793478080,144.0,-7.0,2.4477766207732907,-7.0,2.463076440383749,52.48454773471592,52.48454773471592
63,3793478080,146.0,-7.0,2.4477766207732907,-7.0,2.463219485035906,52.69074429148344,52.69074429148344
64,3793478080,148.0,-7.0,2.4477766207732907,-7.0,2.463360423409868,52.89375354432613,52.89375354432613
65,3793478080,150.0,-7.0,2.4477766207732907,-7.0,2.463499269517844,53.09383217477945,53.09383217477945
66,3793478080,152.0,-7.0,2.4477766207732907,-7.0,2.4636360411183467,53.29038139820872,53.29038139820872
67,3793478080,154.0,-7.0,2.4477766207732907,-7.0,2.463770758015557,53.4834031347024,53.4834031347024
68,3793478080,156.0,-7.0,2.4477766207732907,-7.0,2.463903442203796,53.67290453542434,53.67290453542434
69,3793478080,158.0,-7.0,2.4477766207732907,-7.0,2.464034116883508,53.85889596786936,53.85889596786936
70,3793478080,160.0,-7.0,2.4477766207732907,-7.0,2.464162808073945,54.04138968646439,54.04138968646439
71,3793478080,162.0,-7.0,2.4477766207732907,-7.0,2.4642895412701504,54.220398972275866,54.220398972275866
72,3793478080,164.0,-7.0,2.4477766207732907,-7.0,2.464414344089014,54.39593758785825,54.39593758785825
73,3793478080,166.0,-7.0,2.4477766207732907,-7.0,2.4645372450516367,54.56801943867734,54.56801943867734
74,3793478080,168.0,-7.0,2.4477766207732907,-7.0,2.4646582729643143,54.73665837277522,54.73665837277522
75,3793478080,170.0,-7.0,2.4477766207732907,-7.0,2.464777456226685,54.90186806691707,54.90186806691707
76,3793478080,172.0,-7.0,2.4477766207732907,-7.0,2.4648948252115046,55.06599316925191,55.06599316925191
77,3793478080,174.0,-7.0,2.4477766207732907,-7.0,2.465010409398348,55.22794045259497,55.22794045259497
78,3793478080,176.0,-7.0,2.4477766207732907,-7.0,2.4651242388992958,55.386637391980365,55.386637391980365
79,3793478080,178.0,-7.0,2.4477766207732907,-7.0,2.465236343512247,55.54209100611645,55.54209100611645
80,3793478080,180.0,-7.0,2.4477766207732907,-7.0,2.465346766934273,55.69430837743029,55.69430837743029
0,1238921510,20.0,-7.5,3.0023917214998237,-7.5,3.2630850052113947,230.4832250729791,230.4832250729791
1,1238921510,22.0,-7.5,3.0023917214998237,-7.5,3.208762816308891,203.86627054641792,203.86627054641792
2,1238921510,24.0,-7.5,3.0023917214998237,-7.5,3.1688757230452627,182.07412299947268,182.07412299947268
3,1238921510,26.0,-7.5,3.0023917214998237,-7.5,3.138953990187048,164.08339474036293,164.08339474036293
4,1238921510,28.0,-7.5,3.0023917214998237,-7.5,3.1150519824612544,149.27880680772623,149.27880680772623
5,1238921510,30.0,-7.5,3.0023917214998237,-7.5,3.094058093433898,137.4276529007758,137.4276529007758
6,1238921510,32.0,-7.5,3.0023917214998237,-7.5,3.077802781989329,128.51824955998333,128.51824955998333
7,1238921510,34.0,-7.5,3.0023917214998237,-7.5,3.0751163538788533,121.81368775174118,121.81368775174118
8,1238921510,36.0,-7.5,3.0023917214998237,-7.5,3.084880436363137,114.20124334090004,114.20124334090004
9,1238921510,38.0,-7.5,3.0023917214998237,-8.0,3.8301241552654273,130.26609472474024,130.26609472474024
10,1238921510,40.0,-7.5,3.0023917214998237,-8.5,4.747152924904511,116.51097651098216,188.29053878014253
11,1238921510,42.0,-7.5,3.0023917214998237,-8.5,4.585468182692877,86.13417013251411,187.82388395927757
12,1238921510,44.0,-7.5,3.0023917214998237,-8.0,3.492838943348095,62.755579197357775,81.2380054727121
13,1238921510,46.0,-7.5,3.0023917214998237,-7.5,2.8649338760136853,47.924984437124536,47.924984437124536
14,1238921510,48.0,-7.5,3.0023917214998237,-7.5,3.039454847934697,16.407488900459416,16.407488900459416
15,1238921510,50.0,-7.5,3.0023917214998237,-8.0,3.797025532025752,38.422056294942,92.0643079521442
16,1238921510,52.0,-7.5,3.0023917214998237,-7.5,2.980303534804902,7.181220942739158,7.181220942739158
17,1238921510,54.0,-7.5,3.0023917214998237,-7.5,2.944805851641493,7.248302408308759,7.248302408308759
18,1238921510,56.0,-7.5,3.0023917214998237,-7.5,2.988737158647599,8.90401605213668,8.90401605213668
19,1238921510,58.0,-7.5,3.0023917214998237,-7.5,3.034281724994905,11.171488126893204,11.171488126893204
20,1238921510,60.0,-7.5,3.0023917214998237,-8.0,3.712870687450976,25.98335932848143,91.09604021123327
21,1238921510,62.0,-7.5,3.0023917214998237,-7.5,2.983534182303837,13.546932309166094,13.546932309166094
22,1238921510,64.0,-7.5,3.0023917214998237,-7.5,2.9659620760230547,15.94694107993302,15.94694107993302
23,1238921510,66.0,-7.5,3.0023917214998237,-7.5,2.972489360672,16.410228185850563,16.410228185850563
24,1238921510,68.0,-7.5,3.0023917214998237,-7.5,2.989451102310793,14.604154407036924,14.604154407036924
25,1238921510,70.0,-7.5,3.0023917214998237,-8.0,3.706910347641577,25.651263166701693,91.05806317029749
26,1238921510,72.0,-7.5,3.0023917214998237,-8.0,3.7090644257523695,24.540106367517488,91.14304018603607
27,1238921510,74.0,-7.5,3.0023917214998237,-7.5,2.9815046781465813,8.130334642193692,8.130334642193692
28,1238921510,76.0,-7.5,3.0023917214998237,-7.5,2.989939915670937,5.351769621021184,5.351769621021184
29,1238921510,78.0,-7.5,3.0023917214998237,-8.0,3.726102683070602,25.57910346804915,91.94007177164936
30,1238921510,80.0,-7.5,3.0023917214998237,-8.0,3.714182008926367,25.342973973325982,91.38415890520308
31,1238921510,82.0,-7.5,3.0023917214998237,-7.5,2.9717587078723957,4.863434093278412,4.863434093278412
32,1238921510,84.0,-7.5,3.0023917214998237,-7.5,2.9797623880469644,5.394078469111433,5.394078469111433
33,1238921510,86.0,-7.5,3.0023917214998237,-8.0,3.735632346741529,25.4767856736506,92.7404544944096
34,1238921510,88.0,-7.5,3.0023917214998237,-8.0,3.731743417633047,25.57629662686754,89.71158993870816
35,1238921510,90.0,-7.5,3.0023917214998237,-7.5,2.9806021178418325,9.874291326771116,9.874291326771116
36,1238921510,92.0,-7.5,3.0023917214998237,-7.5,2.9861357762722327,17.293912973378674,17.293912973378674
37,1238921510,94.0,-7.5,3.0023917214998237,-8.0,3.7604536387592415,26.801199290553207,111.61794313164744
38,1238921510,96.0,-7.5,3.0023917214998237,-7.5,3.0309612377695205,33.02224012489528,33.02224012489528
39,1238921510,98.0,-7.5,3.0023917214998237,-7.5,2.97085838130734,52.06953786407931,52.06953786407931
40,1238921510,100.0,-7.5,3.0023917214998237,-7.0,2.409789915674383,113.80178631232415,113.80178631232415
41,1238921510,102.0,-7.5,3.0023917214998237,-7.5,2.946577804419197,74.47801108628231,74.47801108628231
42,1238921510,104.0,-7.5,3.0023917214998237,-7.5,2.988971504392002,79.77247007939216,79.77247007939216
43,1238921510,106.0,-7.5,3.0023917214998237,-8.0,3.7494388449576257,70.13646890849152,73.43671956641857
44,1238921510,108.0,-7.5,3.0023917214998237,-8.0,3.786617929549877,89.32425240840998,108.65996126449862
45,1238921510,110.0,-7.5,3.0023917214998237,-8.0,3.795977592461746,99.60896391492942,139.10674791786568
46,1238921510,112.0,-7.5,3.0023917214998237,-7.5,3.049555806802805,79.16604870213952,79.16604870213952
47,1238921510,114.0,-7.5,3.0023917214998237,-7.5,3.0421311060492475,79.48255142809481,79.48255142809481
48,1238921510,116.0,-7.5,3.0023917214998237,-7.5,3.037266604227927,79.92297109586552,79.92297109586552
49,1238921510,118.0,-7.5,3.0023917214998237,-7.5,3.0351198729314226,80.31497293393637,80.31497293393637
50,1238921510,120.0,-7.5,3.0023917214998237,-7.5,3.0345334157639905,80.6746096539094,80.6746096539094
51,1238921510,122.0,-7.5,3.0023917214998237,-7.5,3.034583563786753,81.01583765527896,81.01583765527896
52,1238921510,124.0,-7.5,3.0023917214998237,-7.5,3.034832099491776,81.34983644567522,81.34983644567522
53,1238921510,126.0,-7.5,3.0023917214998237,-7.5,3.03512777138893,81.68139102628501,81.68139102628501
54,1238921510,128.0,-7.5,3.0023917214998237,-7.5,3.03543009197987,82.01166828220215,82.01166828220215
55,1238921510,130.0,-7.5,3.0023917214998237,-7.5,3.035730351435572,82.34040048745702,82.34040048745702
56,1238921510,132.0,-7.5,3.0023917214998237,-7.5,3.036026991056317,82.6668549012722,82.6668549012722
57,1238921510,134.0,-7.5,3.0023917214998237,-7.5,3.0363197406374565,82.99025482321473,82.99025482321473
58,1238921510,136.0,-7.5,3.0023917214998237,-7.5,3.0366085336870734,83.30994101953317,83.30994101953317
59,1238921510,138.0,-7.5,3.0023917214998237,-7.5,3.0368933386463794,83.62540903787095,83.62540903787095
60,1238921510,140.0,-7.5,3.0023917214998237,-7.5,3.037174140637568,83.9362950237452,83.9362950237452
61,1238921510,142.0,-7.5,3.0023917214998237,-7.5,3.0374509337028237,84.24234660802352,84.24234660802352
62,1238921510,144.0,-7.5,3.0023917214998237,-7.5,3.0377237264679167,84.54339423429454,84.54339423429454
63,1238921510,146.0,-7.5,3.0023917214998237,-7.5,3.0379925300483746,84.83932762220782,84.83932762220782
64,1238921510,148.0,-7.5,3.0023917214998237,-7.5,3.038257367954484,85.13007791879878,85.13007791879878
65,1238921510,150.0,-7.5,3.0023917214998237,-7.5,3.038518266250928,85.41560466813611,85.41560466813611
66,1238921510,152.0,-7.5,3.0023917214998237,-7.5,3.0387752589223043,85.69588656981443,85.69588656981443
67,1238921510,154.0,-7.5,3.0023917214998237,-7.5,3.039028383876923,85.97091501566896,85.97091501566896
68,1238921510,156.0,-7.5,3.0023917214998237,-7.5,3.0392776823286902,86.24068968666758,86.24068968666758
69,1238921510,158.0,-7.5,3.0023917214998237,-7.5,3.0395231984468167,86.5070059960797,86.5070059960797
70,1238921510,160.0,-7.5,3.0023917214998237,-7.5,3.039765215584786,86.77061147685694,86.77061147685694
71,1238921510,162.0,-7.5,3.0023917214998237,-7.5,3.0400030780271656,87.02926724331215,87.02926724331215
72,1238921510,164.0,-7.5,3.0023917214998237,-7.5,3.040237543476524,87.282973403472,87.282973403472
73,1238921510,166.0,-7.5,3.0023917214998237,-7.5,3.0404684281818235,87.53173123478017,87.53173123478017
74,1238921510,168.0,-7.5,3.0023917214998237,-7.5,3.040695789141788,87.7755428474699,87.7755428474699
75,1238921510,170.0,-7.5,3.0023917214998237,-7.5,3.040919679120903,88.01441096565952,88.01441096565952
76,1238921510,172.0,-7.5,3.0023917214998237,-7.5,3.0411401552364468,88.24833878981198,88.24833878981198
77,1238921510,174.0,-7.5,3.0023917214998237,-7.5,3.0413572736121326,88.47732985359713,88.47732985359713
78,1238921510,176.0,-7.5,3.0023917214998237,-7.5,3.041571090038096,88.70571984941886,88.70571984941886
79,1238921510,178.0,-7.5,3.0023917214998237,-7.5,3.0417816618469757,88.93132920680014,88.93132920680014
80,1238921510,180.0,-7.5,3.0023917214998237,-7.5,3.0419890451828984,89.15221171749664,89.15221171749664
0,234059118,20.0,-7.0,2.4477766207732907,-7.0,2.584461145540202,150.4625848203277,150.4625848203277
1,234059118,22.0,-7.0,2.4477766207732907,-7.0,2.55496273629366,132.83439680243268,132.83439680243268
2,234059118,24.0,-7.0,2.4477766207732907,-7.0,2.533481427299111,118.36286417516176,118.36286417516176
3,234059118,26.0,-7.0,2.4477766207732907,-7.0,2.517714260333007,106.34826100944022,106.34826100944022
4,234059118,28.0,-7.0,2.4477766207732907,-7.0,2.5059598722761898,96.33036739277048,96.33036739277048
5,234059118,30.0,-7.0,2.4477766207732907,-7.0,2.497182601359718,88.04831957602481,88.04831957602481
6,234059118,32.0,-7.0,2.4477766207732907,-6.5,2.0087317412115357,64.79137832306078,64.79137832306078
7,234059118,34.0,-7.0,2.4477766207732907,-7.0,2.493853657321614,76.18031117493037,76.18031117493037
8,234059118,36.0,-7.0,2.4477766207732907,-7.0,2.4979676306105585,71.63652295865174,71.63652295865174
9,234059118,38.0,-7.0,2.4477766207732907,-7.0,2.487965154074236,67.10303224001791,67.10303224001791
10,234059118,40.0,-7.0,2.4477766207732907,-7.0,2.449439247552025,64.60287258023816,64.60287258023816
11,234059118,42.0,-7.0,2.4477766207732907,-7.0,2.3854558753974264,64.45359065720808,64.45359065720808
12,234059118,44.0,-7.0,2.4477766207732907,-6.5,1.9045924827134808,86.28452143214338,86.28452143214338
13,234059118,46.0,-7.0,2.4477766207732907,-6.5,1.9323101944585277,69.61243312270729,69.61243312270729
14,234059118,48.0,-7.0,2.4477766207732907,-7.0,2.4777260011055606,14.051106018047694,14.051106018047694
15,234059118,50.0,-7.0,2.4477766207732907,-7.0,2.509984549712244,10.401193577848682,10.401193577848682
16,234059118,52.0,-7.0,2.4477766207732907,-7.0,2.4409458054757143,6.749619932629596,6.749619932629596
17,234059118,54.0,-7.0,2.4477766207732907,-7.0,2.4066796213094794,6.41232136712909,6.41232136712909
18,234059118,56.0,-7.0,2.4477766207732907,-7.0,2.430947567434052,7.789498757462043,7.789498757462043
19,234059118,58.0,-7.0,2.4477766207732907,-7.0,2.465227762524547,9.746946204793671,9.746946204793671
20,234059118,60.0,-7.0,2.4477766207732907,-7.0,2.466307229640292,10.957209805658916,10.957209805658916
21,234059118,62.0,-7.0,2.4477766207732907,-7.0,2.437968438349393,11.8775239011516,11.8775239011516
22,234059118,64.0,-7.0,2.4477766207732907,-6.5,1.9646490366521208,53.33455785635022,53.33455785635022
23,234059118,66.0,-7.0,2.4477766207732907,-6.5,1.9626869158063975,54.71742359020664,54.71742359020664
24,234059118,68.0,-7.0,2.4477766207732907,-7.0,2.4336735393346287,12.446784770018386,12.446784770018386
25,234059118,70.0,-7.0,2.4477766207732907,-7.0,2.4445105995245964,10.885510751344968,10.885510751344968
26,234059118,72.0,-7.0,2.4477766207732907,-7.0,2.441845499756484,9.51612553174918,9.51612553174918
27,234059118,74.0,-7.0,2.4477766207732907,-7.0,2.4331043546017725,7.26776445130843,7.26776445130843
28,234059118,76.0,-7.0,2.4477766207732907,-7.0,2.44385445331797,4.982970904334698,4.982970904334698
29,234059118,78.0,-7.0,2.4477766207732907,-7.0,2.4640667152220903,4.5905525969713965,4.5905525969713965
30,234059118,80.0,-7.0,2.4477766207732907,-7.0,2.45267453006271,4.582326990932815,4.582326990932815
31,234059118,82.0,-7.0,2.4477766207732907,-7.0,2.427693688645046,4.409689074021813,4.409689074021813
32,234059118,84.0,-7.0,2.4477766207732907,-7.0,2.432790965349352,4.984573236015673,4.984573236015673
33,234059118,86.0,-7.0,2.4477766207732907,-7.0,2.461385225005159,6.656286178032209,6.656286178032209
34,234059118,88.0,-7.0,2.4477766207732907,-7.0,2.4658026727476594,7.523653684325623,7.523653684325623
35,234059118,90.0,-7.0,2.4477766207732907,-7.0,2.44024782824451,8.94269080811091,8.94269080811091
36,234059118,92.0,-7.0,2.4477766207732907,-7.0,2.4377071527721337,14.797482173596167,14.797482173596167
37,234059118,94.0,-7.0,2.4477766207732907,-7.0,2.458189988649222,19.780587588599687,19.780587588599687
38,234059118,96.0,-7.0,2.4477766207732907,-7.0,2.457976939284422,25.574552219716864,25.574552219716864
39,234059118,98.0,-7.0,2.4477766207732907,-7.0,2.430412520497804,35.75722096829585,35.75722096829585
40,234059118,100.0,-7.0,2.4477766207732907,-6.5,1.9632886420280775,79.85393648509023,79.85393648509023
41,234059118,102.0,-7.0,2.4477766207732907,-6.5,1.966963754357541,82.79504027350875,82.79504027350875
42,234059118,104.0,-7.0,2.4477766207732907,-6.5,1.9790702058517955,79.68183329999795,79.68183329999795
43,234059118,106.0,-7.0,2.4477766207732907,-7.0,2.461320679990413,50.461762717488895,50.461762717488895
44,234059118,108.0,-7.0,2.4477766207732907,-7.0,2.4731700724177226,49.521228485006496,49.521228485006496
45,234059118,110.0,-7.0,2.4477766207732907,-7.0,2.474364732189064,48.8024044087721,48.8024044087721
46,234059118,112.0,-7.0,2.4477766207732907,-7.0,2.4701999551194267,48.75498213314107,48.75498213314107
47,234059118,114.0,-7.0,2.4477766207732907,-7.0,2.46568204243054,49.00343178049015,49.00343178049015
48,234059118,116.0,-7.0,2.4477766207732907,-7.0,2.462888099372086,49.28504628479277,49.28504628479277
49,234059118,118.0,-7.0,2.4477766207732907,-7.0,2.461695891450512,49.54694320168386,49.54694320168386
50,234059118,120.0,-7.0,2.4477766207732907,-7.0,2.4613773720253613,49.78856748484564,49.78856748484564
51,234059118,122.0,-7.0,2.4477766207732907,-7.0,2.461404775095588,50.02209675179156,50.02209675179156
52,234059118,124.0,-7.0,2.4477766207732907,-7.0,2.461537665193582,50.25329986984825,50.25329986984825
53,234059118,126.0,-7.0,2.4477766207732907,-7.0,2.461695169300865,50.48400624368668,50.48400624368668
54,234059118,128.0,-7.0,2.4477766207732907,-7.0,2.461856046488017,50.71433002612162,50.71433002612162
55,234059118,130.0,-7.0,2.4477766207732907,-7.0,2.4620157961833327,50.94377393848456,50.94377393848456
56,234059118,132.0,-7.0,2.4477766207732907,-7.0,2.462173619212092,51.17284618787232,51.17284618787232
57,234059118,134.0,-7.0,2.4477766207732907,-7.0,2.462330731054725,51.39950371585192,51.39950371585192
58,234059118,136.0,-7.0,2.4477766207732907,-7.0,2.462483035825272,51.62328958225528,51.62328958225528
59,234059118,138.0,-7.0,2.4477766207732907,-7.0,2.462634575465908,51.84387725664433,51.84387725664433
60,234059118,140.0,-7.0,2.4477766207732907,-7.0,2.4627839930180717,52.06104011687843,52.06104011687843
61,234059118,142.0,-7.0,2.4477766207732907,-7.0,2.462931278177471,52.27462824479874,52.27462824479874
62,234059118,144.0,-7.0,2.4477766207732907,-7.0,2.463076440383749,52.48454773471592,52.48454773471592
63,234059118,146.0,-7.0,2.4477766207732907,-7.0,2.463219485035906,52.69074429148344,52.69074429148344
64,234059118,148.0,-7.0,2.4477766207732907,-7.0,2.463360423409868,52.89375354432613,52.89375354432613
65,234059118,150.0,-7.0,2.4477766207732907,-7.0,2.463499269517844,53.09383217477945,53.09383217477945
66,234059118,152.0,-7.0,2.4477766207732907,-7.0,2.4636360411183467,53.29038139820872,53.29038139820872
67,234059118,154.0,-7.0,2.4477766207732907,-7.0,2.463770758015557,53.4834031347024,53.4834031347024
68,234059118,156.0,-7.0,2.4477766207732907,-7.0,2.463903442203796,53.67290453542434,53.67290453542434
69,234059118,158.0,-7.0,2.4477766207732907,-7.0,2.464034116883508,53.85889596786936,53.85889596786936
70,234059118,160.0,-7.0,2.4477766207732907,-7.0,2.464162808073945,54.04138968646439,54.04138968646439
71,234059118,162.0,-7.0,2.4477766207732907,-7.0,2.4642895412701504,54.220398972275866,54.220398972275866
72,234059118,164.0,-7.0,2.4477766207732907,-7.0,2.464414344089014,54.39593758785825,54.39593758785825
73,234059118,166.0,-7.0,2.4477766207732907,-7.0,2.4645372450516367,54.56801943867734,54.56801943867734
74,234059118,168.0,-7.0,2.4477766207732907,-7.0,2.4646582729643143,54.73665837277522,54.73665837277522
75,234059118,170.0,-7.0,2.4477766207732907,-7.0,2.464777456226685,54.90186806691707,54.90186806691707
76,234059118,172.0,-7.0,2.4477766207732907,-7.0,2.4648948252115046,55.06599316925191,55.06599316925191
77,234059118,174.0,-7.0,2.4477766207732907,-7.0,2.465010409398348,55.22794045259497,55.22794045259497
78,234059118,176.0,-7.0,2.4477766207732907,-7.0,2.4651242388992958,55.386637391980365,55.386637391980365
79,234059118,178.0,-7.0,2.4477766207732907,-7.0,2.465236343512247,55.54209100611645,55.54209100611645
80,234059118,180.0,-7.0,2.4477766207732907,-7.0,2.465346766934273,55.69430837743029,55.69430837743029
0,2664351965,20.0,-6.5,1.9840540179785384,-6.5,2.0517634762918138,95.7644088615283,95.7644088615283
1,2664351965,22.0,-6.5,1.9840540179785384,-6.5,2.0366518173587185,84.45151978532404,84.45151978532404
2,2664351965,24.0,-6.5,1.9840540179785384,-6.5,2.025736850816632,75.15019019978189,75.15019019978189
3,2664351965,26.0,-6.5,1.9840540179785384,-6.5,2.017912060373805,67.40952419323122,67.40952419323122
4,2664351965,28.0,-6.5,1.9840540179785384,-6.5,2.0125178444151857,60.916702297253735,60.916702297253735
5,2664351965,30.0,-6.5,1.9840540179785384,-6.5,2.009315354132912,55.469909800652125,55.469909800652125
6,2664351965,32.0,-6.5,1.9840540179785384,-6.5,2.0087317412115357,50.97214900194453,50.97214900194453
7,2664351965,34.0,-6.5,1.9840540179785384,-6.5,2.0110323558460754,47.40033703609247,47.40033703609247
8,2664351965,36.0,-6.5,1.9840540179785384,-6.5,2.012472806437721,44.62777800407637,44.62777800407637
9,2664351965,38.0,-6.5,1.9840540179785384,-6.5,2.003275692643516,42.58687169302655,42.58687169302655
10,2664351965,40.0,-6.5,1.9840540179785384,-6.5,1.9757697590841208,41.872008509164615,41.872008509164615
11,2664351965,42.0,-6.5,1.9840540179785384,-6.0,1.5405963055475245,62.366702976202205,65.37970947682285
12,2664351965,44.0,-6.5,1.9840540179785384,-6.0,1.5260581707734848,59.64245677766323,64.25379058878006
13,2664351965,46.0,-6.5,1.9840540179785384,-6.0,1.547055823312439,51.572299576533865,58.12836319517308
14,2664351965,48.0,-6.5,1.9840540179785384,-6.5,2.006804385018545,11.53349375940372,11.53349375940372
15,2664351965,50.0,-6.5,1.9840540179785384,-6.5,2.029740983984267,9.000391835560686,9.000391835560686
16,2664351965,52.0,-6.5,1.9840540179785384,-6.5,1.9865788762222625,6.229887738259911,6.229887738259911
17,2664351965,54.0,-6.5,1.9840540179785384,-6.5,1.957716806682279,5.648262612620376,5.648262612620376
18,2664351965,56.0,-6.5,1.9840540179785384,-6.5,1.9681336426108529,6.678293720947091,6.678293720947091
19,2664351965,58.0,-6.5,1.9840540179785384,-6.5,1.9906265547566315,8.22607996491482,8.22607996491482
20,2664351965,60.0,-6.5,1.9840540179785384,-6.5,1.995810330294103,9.270235476388036,9.270235476388036
21,2664351965,62.0,-6.5,1.9840540179785384,-6.5,1.9798116873822331,9.982174311474653,9.982174311474653
22,2664351965,64.0,-6.5,1.9840540179785384,-6.5,1.9646490366521208,11.076068782838387,11.076068782838387
23,2664351965,66.0,-6.5,1.9840540179785384,-6.5,1.9626869158063975,11.21538078566585,11.21538078566585
24,2664351965,68.0,-6.5,1.9840540179785384,-6.5,1.969052151831601,10.2439645570006,10.2439645570006
25,2664351965,70.0,-6.5,1.9840540179785384,-6.5,1.9748934026573748,9.131037212317256,9.131037212317256
26,2664351965,72.0,-6.5,1.9840540179785384,-6.5,1.974723107998916,8.042634238435568,8.042634238435568
27,2664351965,74.0,-6.5,1.9840540179785384,-6.5,1.974335259557,6.269915811728604,6.269915811728604
28,2664351965,76.0,-6.5,1.9840540179785384,-6.5,1.9849536562696493,4.508084856385322,4.508084856385322
29,2664351965,78.0,-6.5,1.9840540179785384,-6.5,1.9960920235300248,4.159791687349388,4.159791687349388
30,2664351965,80.0,-6.5,1.9840540179785384,-6.5,1.986589062245052,4.083081686421064,4.083081686421064
31,2664351965,82.0,-6.5,1.9840540179785384,-6.5,1.9705901621843431,3.928348100462098,3.928348100462098
32,2664351965,84.0,-6.5,1.9840540179785384,-6.5,1.9735949683465912,4.503738480666193,4.503738480666193
33,2664351965,86.0,-6.5,1.9840540179785384,-6.5,1.9914539183349709,5.88873754974136,5.88873754974136
34,2664351965,88.0,-6.5,1.9840540179785384,-6.5,1.996951189082449,6.638729749819596,6.638729749819596
35,2664351965,90.0,-6.5,1.9840540179785384,-6.5,1.983605356635323,7.847053248235873,7.847053248235873
36,2664351965,92.0,-6.5,1.9840540179785384,-6.5,1.977856917437868,12.069191263264202,12.069191263264202
37,2664351965,94.0,-6.5,1.9840540179785384,-6.5,1.9841837377562712,15.679405553465436,15.679405553465436
38,2664351965,96.0,-6.5,1.9840540179785384,-6.5,1.9837431033380928,19.02907523738354,19.02907523738354
39,2664351965,98.0,-6.5,1.9840540179785384,-6.5,1.9721289891575888,24.08916445287074,24.08916445287074
40,2664351965,100.0,-6.5,1.9840540179785384,-6.5,1.9632886420280775,28.187144039530008,28.187144039530008
41,2664351965,102.0,-6.5,1.9840540179785384,-6.5,1.966963754357541,30.17573199157632,30.17573199157632
42,2664351965,104.0,-6.5,1.9840540179785384,-6.5,1.9790702058517955,30.88447604169721,30.88447604169721
43,2664351965,106.0,-6.5,1.9840540179785384,-6.5,1.990689514175444,30.71857953703164,30.71857953703164
44,2664351965,108.0,-6.5,1.9840540179785384,-6.5,1.99641751451112,30.18198514037737,30.18198514037737
45,2664351965,110.0,-6.5,1.9840540179785384,-6.5,1.996442337988152,29.89645431102656,29.89645431102656
46,2664351965,112.0,-6.5,1.9840540179785384,-6.5,1.993866444332999,29.929499147188007,29.929499147188007
47,2664351965,114.0,-6.5,1.9840540179785384,-6.5,1.9913475944608785,30.088421513392746,30.088421513392746
48,2664351965,116.0,-6.5,1.9840540179785384,-6.5,1.989853058910782,30.25943597297041,30.25943597297041
49,2664351965,118.0,-6.5,1.9840540179785384,-6.5,1.989229592271972,30.42310499030808,30.42310499030808
50,2664351965,120.0,-6.5,1.9840540179785384,-6.5,1.9890651223745288,30.578924182892845,30.578924182892845
51,2664351965,122.0,-6.5,1.9840540179785384,-6.5,1.989078762763328,30.73216631535718,30.73216631535718
52,2664351965,124.0,-6.5,1.9840540179785384,-6.5,1.9891459628990944,30.88510244081578,30.88510244081578
53,2664351965,126.0,-6.5,1.9840540179785384,-6.5,1.9892255210956584,31.038208720113264,31.038208720113264
54,2664351965,128.0,-6.5,1.9840540179785384,-6.5,1.9893067444622297,31.19122551943644,31.19122551943644
55,2664351965,130.0,-6.5,1.9840540179785384,-6.5,1.989387391066724,31.34407018535944,31.34407018535944
56,2664351965,132.0,-6.5,1.9840540179785384,-6.5,1.9894670649389263,31.496361563099672,31.496361563099672
57,2664351965,134.0,-6.5,1.9840540179785384,-6.5,1.989545698188231,31.64699872144765,31.64699872144765
58,2664351965,136.0,-6.5,1.9840540179785384,-6.5,1.9896232728696377,31.79568569193029,31.79568569193029
59,2664351965,138.0,-6.5,1.9840540179785384,-6.5,1.989699780581376,31.94221090956593,31.94221090956593
60,2664351965,140.0,-6.5,1.9840540179785384,-6.5,1.9897752169921468,32.0864306142971,32.0864306142971
61,2664351965,142.0,-6.5,1.9840540179785384,-6.5,1.9898495807844845,32.228252082874256,32.228252082874256
62,2664351965,144.0,-6.5,1.9840540179785384,-6.5,1.9899228733275975,32.36761949840832,32.36761949840832
63,2664351965,146.0,-6.5,1.9840540179785384,-6.5,1.98999509821594,32.50450297342299,32.50450297342299
64,2664351965,148.0,-6.5,1.9840540179785384,-6.5,1.990066261042299,32.638890394249486,32.638890394249486
65,2664351965,150.0,-6.5,1.9840540179785384,-6.5,1.9901363690648044,32.77078153409979,32.77078153409979
66,2664351965,152.0,-6.5,1.9840540179785384,-6.5,1.990205431008512,32.90044831036937,32.90044831036937
67,2664351965,154.0,-6.5,1.9840540179785384,-6.5,1.9902734568335472,33.02839501547592,33.02839501547592
68,2664351965,156.0,-6.5,1.9840540179785384,-6.5,1.990340457524316,33.154012549646694,33.154012549646694
69,2664351965,158.0,-6.5,1.9840540179785384,-6.5,1.9904064450112544,33.27731235497713,33.27731235497713
70,2664351965,160.0,-6.5,1.9840540179785384,-6.5,1.9904714319134107,33.39830688353106,33.39830688353106
71,2664351965,162.0,-6.5,1.9840540179785384,-6.5,1.9905354314898005,33.51700904114064,33.51700904114064
72,2664351965,164.0,-6.5,1.9840540179785384,-6.5,1.9905984575052131,33.633431841910095,33.633431841910095
73,2664351965,166.0,-6.5,1.9840540179785384,-6.5,1.990660524090072,33.74758819500813,33.74758819500813
74,2664351965,168.0,-6.5,1.9840540179785384,-6.5,1.990721645754272,33.85949078440406,33.85949078440406
75,2664351965,170.0,-6.5,1.9840540179785384,-6.5,1.990781837207672,33.96915200355569,33.96915200355569
76,2664351965,172.0,-6.5,1.9840540179785384,-6.5,1.9908411133422976,34.07658390091959,34.07658390091959
77,2664351965,174.0,-6.5,1.9840540179785384,-6.5,1.9908994891636345,34.182587968341394,34.182587968341394
78,2664351965,176.0,-6.5,1.9840540179785384,-6.5,1.9909569797382471,34.28780238491977,34.28780238491977
79,2664351965,178.0,-6.5,1.9840540179785384,-6.5,1.9910136001606649,34.390907138097944,34.390907138097944
80,2664351965,180.0,-6.5,1.9840540179785384,-6.5,1.991069365499892,34.49190964329004,34.49190964329004
0,655848720,20.0,-7.5,3.0023917214998237,-7.5,3.2630850052113947,230.4832250729791,230.4832250729791
1,655848720,22.0,-7.5,3.0023917214998237,-7.5,3.208762816308891,203.86627054641792,203.86627054641792
2,655848720,24.0,-7.5,3.0023917214998237,-7.5,3.1688757230452627,182.07412299947268,182.07412299947268
3,655848720,26.0,-7.5,3.0023917214998237,-7.5,3.138953990187048,164.08339474036293,164.08339474036293
4,655848720,28.0,-7.5,3.0023917214998237,-7.5,3.1150519824612544,149.27880680772623,149.27880680772623
5,655848720,30.0,-7.5,3.0023917214998237,-7.5,3.094058093433898,137.4276529007758,137.4276529007758
6,655848720,32.0,-7.5,3.0023917214998237,-7.5,3.077802781989329,128.51824955998333,128.51824955998333
7,655848720,34.0,-7.5,3.0023917214998237,-7.5,3.0751163538788533,121.81368775174118,121.81368775174118
8,655848720,36.0,-7.5,3.0023917214998237,-7.5,3.084880436363137,114.20124334090004,114.20124334090004
9,655848720,38.0,-7.5,3.0023917214998237,-7.5,3.0780395989892515,103.1794867414384,103.1794867414384
10,655848720,40.0,-7.5,3.0023917214998237,-7.5,3.028029738409221,95.07860306809624,95.07860306809624
11,655848720,42.0,-7.5,3.0023917214998237,-7.0,2.3854558753974264,118.21055648710004,118.21055648710004
12,655848720,44.0,-7.5,3.0023917214998237,-7.0,2.329114076292781,115.24976157642902,115.24976157642902
13,655848720,46.0,-7.5,3.0023917214998237,-7.0,2.360789357579082,90.16681390829706,90.16681390829706
14,655848720,48.0,-7.5,3.0023917214998237,-7.5,3.039454847934697,16.407488900459416,16.407488900459416
15,655848720,50.0,-7.5,3.0023917214998237,-7.5,3.083539376254953,11.437898011571374,11.437898011571374
16,655848720,52.0,-7.5,3.0023917214998237,-7.5,2.980303534804902,7.181220942739158,7.181220942739158
17,655848720,54.0,-7.5,3.0023917214998237,-7.5,2.944805851641493,7.248302408308759,7.248302408308759
18,655848720,56.0,-7.5,3.0023917214998237,-7.5,2.988737158647599,8.90401605213668,8.90401605213668
19,655848720,58.0,-7.5,3.0023917214998237,-7.5,3.034281724994905,11.171488126893204,11.171488126893204
20,655848720,60.0,-7.5,3.0023917214998237,-7.5,3.0246446714209627,12.407395785504704,12.407395785504704
21,655848720,62.0,-7.5,3.0023917214998237,-7.5,2.983534182303837,13.546932309166094,13.546932309166094
22,655848720,64.0,-7.5,3.0023917214998237,-7.5,2.9659620760230547,15.94694107993302,15.94694107993302
23,655848720,66.0,-7.5,3.0023917214998237,-7.5,2.972489360672,16.410228185850563,16.410228185850563
24,655848720,68.0,-7.5,3.0023917214998237,-7.5,2.989451102310793,14.604154407036924,14.604154407036924
25,655848720,70.0,-7.5,3.0023917214998237,-7.5,3.007392397353012,12.484303470653115,12.484303470653115
26,655848720,72.0,-7.5,3.0023917214998237,-7.5,3.0033417277923125,10.842045191583209,10.842045191583209
27,655848720,74.0,-7.5,3.0023917214998237,-7.5,2.9815046781465813,8.130334642193692,8.130334642193692
28,655848720,76.0,-7.5,3.0023917214998237,-7.5,2.989939915670937,5.351769621021184,5.351769621021184
29,655848720,78.0,-7.5,3.0023917214998237,-7.5,3.024999775687967,4.955486942696105,4.955486942696105
30,655848720,80.0,-7.5,3.0023917214998237,-7.5,3.011955439539914,5.045607553014268,5.045607553014268
31,655848720,82.0,-7.5,3.0023917214998237,-7.5,2.9717587078723957,4.863434093278412,4.863434093278412
32,655848720,84.0,-7.5,3.0023917214998237,-7.5,2.9797623880469644,5.394078469111433,5.394078469111433
33,655848720,86.0,-7.5,3.0023917214998237,-7.5,3.02638793937456,7.341987957267658,7.341987957267658
34,655848720,88.0,-7.5,3.0023917214998237,-7.5,3.0276553240116137,8.356710462143097,8.356710462143097
35,655848720,90.0,-7.5,3.0023917214998237,-7.5,2.9806021178418325,9.874291326771116,9.874291326771116
36,655848720,92.0,-7.5,3.0023917214998237,-7.5,2.9861357762722327,17.293912973378674,17.293912973378674
37,655848720,94.0,-7.5,3.0023917214998237,-7.5,3.033186403065292,23.56700223780032,23.56700223780032
38,655848720,96.0,-7.5,3.0023917214998237,-7.5,3.0309612377695205,33.02224012489528,33.02224012489528
39,655848720,98.0,-7.5,3.0023917214998237,-7.5,2.97085838130734,52.06953786407931,52.06953786407931
40,655848720,100.0,-7.5,3.0023917214998237,-7.0,2.409789915674383,113.80178631232415,113.80178631232415
41,655848720,102.0,-7.5,3.0023917214998237,-7.5,2.946577804419197,74.47801108628231,74.47801108628231
42,655848720,104.0,-7.5,3.0023917214998237,-7.5,2.988971504392002,79.77247007939216,79.77247007939216
43,655848720,106.0,-7.5,3.0023917214998237,-7.5,3.029055000134602,82.47032823742029,82.47032823742029
44,655848720,108.0,-7.5,3.0023917214998237,-7.5,3.0514144451854164,81.25700775802882,81.25700775802882
45,655848720,110.0,-7.5,3.0023917214998237,-7.5,3.0554746104644748,79.55326826459562,79.55326826459562
46,655848720,112.0,-7.5,3.0023917214998237,-7.5,3.049555806802805,79.16604870213952,79.16604870213952
47,655848720,114.0,-7.5,3.0023917214998237,-7.5,3.0421311060492475,79.48255142809481,79.48255142809481
48,655848720,116.0,-7.5,3.0023917214998237,-7.5,3.037266604227927,79.92297109586552,79.92297109586552
49,655848720,118.0,-7.5,3.0023917214998237,-7.5,3.0351198729314226,80.31497293393637,80.31497293393637
50,655848720,120.0,-7.5,3.0023917214998237,-7.5,3.0345334157639905,80.6746096539094,80.6746096539094
51,655848720,122.0,-7.5,3.0023917214998237,-7.5,3.034583563786753,81.01583765527896,81.01583765527896
52,655848720,124.0,-7.5,3.0023917214998237,-7.5,3.034832099491776,81.34983644567522,81.34983644567522
53,655848720,126.0,-7.5,3.0023917214998237,-7.5,3.03512777138893,81.68139102628501,81.68139102628501
54,655848720,128.0,-7.5,3.0023917214998237,-7.5,3.03543009197987,82.01166828220215,82.01166828220215
55,655848720,130.0,-7.5,3.0023917214998237,-7.5,3.035730351435572,82.34040048745702,82.34040048745702
56,655848720,132.0,-7.5,3.0023917214998237,-7.5,3.036026991056317,82.6668549012722,82.6668549012722
57,655848720,134.0,-7.5,3.0023917214998237,-7.5,3.0363197406374565,82.99025482321473,82.99025482321473
58,655848720,136.0,-7.5,3.0023917214998237,-7.5,3.0366085336870734,83.30994101953317,83.30994101953317
59,655848720,138.0,-7.5,3.0023917214998237,-7.5,3.0368933386463794,83.62540903787095,83.62540903787095
60,655848720,140.0,-7.5,3.0023917214998237,-7.5,3.037174140637568,83.9362950237452,83.9362950237452
61,655848720,142.0,-7.5,3.0023917214998237,-7.5,3.0374509337028237,84.24234660802352,84.24234660802352
62,655848720,144.0,-7.5,3.0023917214998237,-7.5,3.0377237264679167,84.54339423429454,84.54339423429454
63,655848720,146.0,-7.5,3.0023917214998237,-7.5,3.0379925300483746,84.83932762220782,84.83932762220782
64,655848720,148.0,-7.5,3.0023917214998237,-7.5,3.038257367954484,85.13007791879878,85.13007791879878
65,655848720,150.0,-7.5,3.0023917214998237,-7.5,3.038518266250928,85.41560466813611,85.41560466813611
66,655848720,152.0,-7.5,3.0023917214998237,-7.5,3.0387752589223043,85.69588656981443,85.69588656981443
67,655848720,154.0,-7.5,3.0023917214998237,-7.5,3.039028383876923,85.97091501566896,85.97091501566896
68,655848720,156.0,-7.5,3.0023917214998237,-7.5,3.0392776823286902,86.24068968666758,86.24068968666758
69,655848720,158.0,-7.5,3.0023917214998237,-7.5,3.0395231984468167,86.5070059960797,86.5070059960797
70,655848720,160.0,-7.5,3.0023917214998237,-7.5,3.039765215584786,86.77061147685694,86.77061147685694
71,655848720,162.0,-7.5,3.0023917214998237,-7.5,3.0400030780271656,87.02926724331215,87.02926724331215
72,655848720,164.0,-7.5,3.0023917214998237,-7.5,3.040237543476524,87.282973403472,87.282973403472
73,655848720,166.0,-7.5,3.0023917214998237,-7.5,3.0404684281818235,87.53173123478017,87.53173123478017
74,655848720,168.0,-7.5,3.0023917214998237,-7.5,3.040695789141788,87.7755428474699,87.7755428474699
75,655848720,170.0,-7.5,3.0023917214998237,-7.5,3.040919679120903,88.01441096565952,88.01441096565952
76,655848720,172.0,-7.5,3.0023917214998237,-7.5,3.0411401552364468,88.24833878981198,88.24833878981198
77,655848720,174.0,-7.5,3.0023917214998237,-7.5,3.0413572736121326,88.47732985359713,88.47732985359713
78,655848720,176.0,-7.5,3.0023917214998237,-7.5,3.041571090038096,88.70571984941886,88.70571984941886
79,655848720,178.0,-7.5,3.0023917214998237,-7.5,3.0417816618469757,88.93132920680014,88.93132920680014
80,655848720,180.0,-7.5,3.0023917214998237,-7.5,3.0419890451828984,89.15221171749664,89.15221171749664
0,3958505628,20.0,-7.0,2.4477766207732907,-7.0,2.584461145540202,150.4625848203277,150.4625848203277
1,3958505628,22.0,-7.0,2.4477766207732907,-7.0,2.55496273629366,132.83439680243268,132.83439680243268
2,3958505628,24.0,-7.0,2.4477766207732907,-7.0,2.533481427299111,118.36286417516176,118.36286417516176
3,3958505628,26.0,-7.0,2.4477766207732907,-7.0,2.517714260333007,106.34826100944022,106.34826100944022
4,3958505628,28.0,-7.0,2.4477766207732907,-7.0,2.5059598722761898,96.33036739277048,96.33036739277048
5,3958505628,30.0,-7.0,2.4477766207732907,-7.0,2.497182601359718,88.04831957602481,88.04831957602481
6,3958505628,32.0,-7.0,2.4477766207732907,-7.0,2.49230116002522,81.38711592119317,81.38711592119317
7,3958505628,34.0,-7.0,2.4477766207732907,-7.0,2.493853657321614,76.18031117493037,76.18031117493037
8,3958505628,36.0,-7.0,2.4477766207732907,-7.0,2.4979676306105585,71.63652295865174,71.63652295865174
9,3958505628,38.0,-7.0,2.4477766207732907,-7.0,2.487965154074236,67.10303224001791,67.10303224001791
10,3958505628,40.0,-7.0,2.4477766207732907,-7.0,2.449439247552025,64.60287258023816,64.60287258023816
11,3958505628,42.0,-7.0,2.4477766207732907,-7.0,2.3854558753974264,64.45359065720808,64.45359065720808
12,3958505628,44.0,-7.0,2.4477766207732907,-7.0,2.329114076292781,57.152768060560746,57.152768060560746
13,3958505628,46.0,-7.0,2.4477766207732907,-6.5,1.9323101944585277,69.61243312270729,69.61243312270729
14,3958505628,48.0,-7.0,2.4477766207732907,-7.0,2.4777260011055606,14.051106018047694,14.051106018047694
15,3958505628,50.0,-7.0,2.4477766207732907,-7.0,2.509984549712244,10.401193577848682,10.401193577848682
16,3958505628,52.0,-7.0,2.4477766207732907,-7.0,2.4409458054757143,6.749619932629596,6.749619932629596
17,3958505628,54.0,-7.0,2.4477766207732907,-7.0,2.4066796213094794,6.41232136712909,6.41232136712909
18,3958505628,56.0,-7.0,2.4477766207732907,-7.0,2.430947567434052,7.789498757462043,7.789498757462043
19,3958505628,58.0,-7.0,2.4477766207732907,-7.0,2.465227762524547,9.746946204793671,9.746946204793671
20,3958505628,60.0,-7.0,2.4477766207732907,-7.0,2.466307229640292,10.957209805658916,10.957209805658916
21,3958505628,62.0,-7.0,2.4477766207732907,-7.0,2.437968438349393,11.8775239011516,11.8775239011516
22,3958505628,64.0,-7.0,2.4477766207732907,-7.0,2.4190341984283865,13.540291881701824,13.540291881701824
23,3958505628,66.0,-7.0,2.4477766207732907,-7.0,2.421124420752653,13.7960806411627,13.7960806411627
24,3958505628,68.0,-7.0,2.4477766207732907,-7.0,2.4336735393346287,12.446784770018386,12.446784770018386
25,3958505628,70.0,-7.0,2.4477766207732907,-7.0,2.4445105995245964,10.885510751344968,10.885510751344968
26,3958505628,72.0,-7.0,2.4477766207732907,-7.0,2.441845499756484,9.51612553174918,9.51612553174918
27,3958505628,74.0,-7.0,2.4477766207732907,-7.0,2.4331043546017725,7.26776445130843,7.26776445130843
28,3958505628,76.0,-7.0,2.4477766207732907,-7.0,2.44385445331797,4.982970904334698,4.982970904334698
29,3958505628,78.0,-7.0,2.4477766207732907,-7.0,2.4640667152220903,4.5905525969713965,4.5905525969713965
30,3958505628,80.0,-7.0,2.4477766207732907,-7.0,2.45267453006271,4.582326990932815,4.582326990932815
31,3958505628,82.0,-7.0,2.4477766207732907,-7.0,2.427693688645046,4.409689074021813,4.409689074021813
32,3958505628,84.0,-7.0,2.4477766207732907,-7.0,2.432790965349352,4.984573236015673,4.984573236015673
33,3958505628,86.0,-7.0,2.4477766207732907,-7.0,2.461385225005159,6.656286178032209,6.656286178032209
34,3958505628,88.0,-7.0,2.4477766207732907,-7.0,2.4658026727476594,7.523653684325623,7.523653684325623
35,3958505628,90.0,-7.0,2.4477766207732907,-7.0,2.44024782824451,8.94269080811091,8.94269080811091
36,3958505628,92.0,-7.0,2.4477766207732907,-7.0,2.4377071527721337,14.797482173596167,14.797482173596167
37,3958505628,94.0,-7.0,2.4477766207732907,-7.0,2.458189988649222,19.780587588599687,19.780587588599687
38,3958505628,96.0,-7.0,2.4477766207732907,-7.0,2.457976939284422,25.574552219716864,25.574552219716864
39,3958505628,98.0,-7.0,2.4477766207732907,-7.0,2.430412520497804,35.75722096829585,35.75722096829585
40,3958505628,100.0,-7.0,2.4477766207732907,-7.0,2.409789915674383,43.93092180626351,43.93092180626351
41,3958505628,102.0,-7.0,2.4477766207732907,-7.0,2.4162449747482486,47.99367729979216,47.99367729979216
42,3958505628,104.0,-7.0,2.4477766207732907,-7.0,2.439053872648323,50.08394467065772,50.08394467065772
43,3958505628,106.0,-7.0,2.4477766207732907,-7.0,2.461320679990413,50.461762717488895,50.461762717488895
44,3958505628,108.0,-7.0,2.4477766207732907,-7.0,2.4731700724177226,49.521228485006496,49.521228485006496
45,3958505628,110.0,-7.0,2.4477766207732907,-7.0,2.474364732189064,48.8024044087721,48.8024044087721
46,3958505628,112.0,-7.0,2.4477766207732907,-7.0,2.4701999551194267,48.75498213314107,48.75498213314107
47,3958505628,114.0,-7.0,2.4477766207732907,-7.0,2.46568204243054,49.00343178049015,49.00343178049015
48,3958505628,116.0,-7.0,2.4477766207732907,-7.0,2.462888099372086,49.28504628479277,49.28504628479277
49,3958505628,118.0,-7.0,2.4477766207732907,-7.0,2.461695891450512,49.54694320168386,49.54694320168386
50,3958505628,120.0,-7.0,2.4477766207732907,-7.0,2.4613773720253613,49.78856748484564,49.78856748484564
51,3958505628,122.0,-7.0,2.4477766207732907,-7.0,2.461404775095588,50.02209675179156,50.02209675179156
52,3958505628,124.0,-7.0,2.4477766207732907,-7.0,2.461537665193582,50.25329986984825,50.25329986984825
53,3958505628,126.0,-7.0,2.4477766207732907,-7.0,2.461695169300865,50.48400624368668,50.48400624368668
54,3958505628,128.0,-7.0,2.4477766207732907,-7.0,2.461856046488017,50.71433002612162,50.71433002612162
55,3958505628,130.0,-7.0,2.4477766207732907,-7.0,2.4620157961833327,50.94377393848456,50.94377393848456
56,3958505628,132.0,-7.0,2.4477766207732907,-7.0,2.462173619212092,51.17284618787232,51.17284618787232
57,3958505628,134.0,-7.0,2.4477766207732907,-7.0,2.462330731054725,51.39950371585192,51.39950371585192
58,3958505628,136.0,-7.0,2.4477766207732907,-7.0,2.462483035825272,51.62328958225528,51.62328958225528
59,3958505628,138.0,-7.0,2.4477766207732907,-7.0,2.462634575465908,51.84387725664433,51.84387725664433
60,3958505628,140.0,-7.0,2.4477766207732907,-7.0,2.4627839930180717,52.06104011687843,52.06104011687843
61,3958505628,142.0,-7.0,2.4477766207732907,-7.0,2.462931278177471,52.27462824479874,52.27462824479874
62,3958505628,144.0,-7.0,2.4477766207732907,-7.0,2.463076440383749,52.48454773471592,52.48454773471592
63,3958505628,146.0,-7.0,2.4477766207732907,-7.0,2.463219485035906,52.69074429148344,52.69074429148344
64,3958505628,148.0,-7.0,2.4477766207732907,-7.0,2.463360423409868,52.89375354432613,52.89375354432613
65,3958505628,150.0,-7.0,2.4477766207732907,-7.0,2.463499269517844,53.09383217477945,53.09383217477945
66,3958505628,152.0,-7.0,2.4477766207732907,-7.0,2.4636360411183467,53.29038139820872,53.29038139820872
67,3958505628,154.0,-7.0,2.4477766207732907,-7.0,2.463770758015557,53.4834031347024,53.4834031347024
68,3958505628,156.0,-7.0,2.4477766207732907,-7.0,2.463903442203796,53.67290453542434,53.67290453542434
69,3958505628,158.0,-7.0,2.4477766207732907,-7.0,2.464034116883508,53.85889596786936,53.85889596786936
70,3958505628,160.0,-7.0,2.4477766207732907,-7.0,2.464162808073945,54.04138968646439,54.04138968646439
71,3958505628,162.0,-7.0,2.4477766207732907,-7.0,2.4642895412701504,54.220398972275866,54.220398972275866
72,3958505628,164.0,-7.0,2.4477766207732907,-7.0,2.464414344089014,54.39593758785825,54.39593758785825
73,3958505628,166.0,-7.0,2.4477766207732907,-7.0,2.4645372450516367,54.56801943867734,54.56801943867734
74,3958505628,168.0,-7.0,2.4477766207732907,-7.0,2.4646582729643143,54.73665837277522,54.73665837277522
75,3958505628,170.0,-7.0,2.4477766207732907,-7.0,2.464777456226685,54.90186806691707,54.90186806691707
76,3958505628,172.0,-7.0,2.4477766207732907,-7.0,2.4648948252115046,55.06599316925191,55.06599316925191
77,3958505628,174.0,-7.0,2.4477766207732907,-7.0,2.465010409398348,55.22794045259497,55.22794045259497
78,3958505628,176.0,-7.0,2.4477766207732907,-7.0,2.4651242388992958,55.386637391980365,55.386637391980365
79,3958505628,178.0,-7.0,2.4477766207732907,-7.0,2.465236343512247,55.54209100611645,55.54209100611645
80,3958505628,180.0,-7.0,2.4477766207732907,-7.0,2.465346766934273,55.69430837743029,55.69430837743029
0,3332268999,20.0,-7.0,2.4477766207732907,-7.0,2.584461145540202,150.4625848203277,150.4625848203277
1,3332268999,22.0,-7.0,2.4477766207732907,-7.0,2.55496273629366,132.83439680243268,132.83439680243268
2,3332268999,24.0,-7.0,2.4477766207732907,-7.0,2.533481427299111,118.36286417516176,118.36286417516176
3,3332268999,26.0,-7.0,2.4477766207732907,-7.0,2.517714260333007,106.34826100944022,106.34826100944022
4,3332268999,28.0,-7.0,2.4477766207732907,-7.0,2.5059598722761898,96.33036739277048,96.33036739277048
5,3332268999,30.0,-7.0,2.4477766207732907,-7.0,2.497182601359718,88.04831957602481,88.04831957602481
6,3332268999,32.0,-7.0,2.4477766207732907,-7.0,2.49230116002522,81.38711592119317,81.38711592119317
7,3332268999,34.0,-7.0,2.4477766207732907,-7.0,2.493853657321614,76.18031117493037,76.18031117493037
8,3332268999,36.0,-7.0,2.4477766207732907,-7.0,2.4979676306105585,71.63652295865174,71.63652295865174
9,3332268999,38.0,-7.0,2.4477766207732907,-7.0,2.487965154074236,67.10303224001791,67.10303224001791
10,3332268999,40.0,-7.0,2.4477766207732907,-6.5,1.9757697590841208,82.53213666878669,82.53213666878669
11,3332268999,42.0,-7.0,2.4477766207732907,-6.5,1.9343667621369045,89.2897466625403,89.2897466625403
12,3332268999,44.0,-7.0,2.4477766207732907,-6.5,1.9045924827134808,86.28452143214338,86.28452143214338
13,3332268999,46.0,-7.0,2.4477766207732907,-6.5,1.9323101944585277,69.61243312270729,69.61243312270729
14,3332268999,48.0,-7.0,2.4477766207732907,-7.0,2.4777260011055606,14.051106018047694,14.051106018047694
15,3332268999,50.0,-7.0,2.4477766207732907,-7.0,2.509984549712244,10.401193577848682,10.401193577848682
16,3332268999,52.0,-7.0,2.4477766207732907,-6.5,1.9865788762222625,52.89863392359138,52.89863392359138
17,3332268999,54.0,-7.0,2.4477766207732907,-7.0,2.4066796213094794,6.41232136712909,6.41232136712909
18,3332268999,56.0,-7.0,2.4477766207732907,-7.0,2.430947567434052,7.789498757462043,7.789498757462043
19,3332268999,58.0,-7.0,2.4477766207732907,-7.0,2.465227762524547,9.746946204793671,9.746946204793671
20,3332268999,60.0,-7.0,2.4477766207732907,-7.0,2.466307229640292,10.957209805658916,10.957209805658916
21,3332268999,62.0,-7.0,2.4477766207732907,-7.0,2.437968438349393,11.8775239011516,11.8775239011516
22,3332268999,64.0,-7.0,2.4477766207732907,-7.0,2.4190341984283865,13.540291881701824,13.540291881701824
23,3332268999,66.0,-7.0,2.4477766207732907,-7.0,2.421124420752653,13.7960806411627,13.7960806411627
24,3332268999,68.0,-7.0,2.4477766207732907,-7.0,2.4336735393346287,12.446784770018386,12.446784770018386
25,3332268999,70.0,-7.0,2.4477766207732907,-7.0,2.4445105995245964,10.885510751344968,10.885510751344968
26,3332268999,72.0,-7.0,2.4477766207732907,-7.0,2.441845499756484,9.51612553174918,9.51612553174918
27,3332268999,74.0,-7.0,2.4477766207732907,-7.0,2.4331043546017725,7.26776445130843,7.26776445130843
28,3332268999,76.0,-7.0,2.4477766207732907,-7.0,2.44385445331797,4.982970904334698,4.982970904334698
29,3332268999,78.0,-7.0,2.4477766207732907,-7.0,2.4640667152220903,4.5905525969713965,4.5905525969713965
30,3332268999,80.0,-7.0,2.4477766207732907,-7.0,2.45267453006271,4.582326990932815,4.582326990932815
31,3332268999,82.0,-7.0,2.4477766207732907,-7.0,2.427693688645046,4.409689074021813,4.409689074021813
32,3332268999,84.0,-7.0,2.4477766207732907,-7.0,2.432790965349352,4.984573236015673,4.984573236015673
33,3332268999,86.0,-7.0,2.4477766207732907,-7.0,2.461385225005159,6.656286178032209,6.656286178032209
34,3332268999,88.0,-7.0,2.4477766207732907,-7.0,2.4658026727476594,7.523653684325623,7.523653684325623
35,3332268999,90.0,-7.0,2.4477766207732907,-7.0,2.44024782824451,8.94269080811091,8.94269080811091
36,3332268999,92.0,-7.0,2.4477766207732907,-7.0,2.4377071527721337,14.797482173596167,14.797482173596167
37,3332268999,94.0,-7.0,2.4477766207732907,-7.0,2.458189988649222,19.780587588599687,19.780587588599687
38,3332268999,96.0,-7.0,2.4477766207732907,-7.0,2.457976939284422,25.574552219716864,25.574552219716864
39,3332268999,98.0,-7.0,2.4477766207732907,-7.0,2.430412520497804,35.75722096829585,35.75722096829585
40,3332268999,100.0,-7.0,2.4477766207732907,-6.5,1.9632886420280775,79.85393648509023,79.85393648509023
41,3332268999,102.0,-7.0,2.4477766207732907,-6.5,1.966963754357541,82.79504027350875,82.79504027350875
42,3332268999,104.0,-7.0,2.4477766207732907,-7.0,2.439053872648323,50.08394467065772,50.08394467065772
43,3332268999,106.0,-7.0,2.4477766207732907,-7.0,2.461320679990413,50.461762717488895,50.461762717488895
44,3332268999,108.0,-7.0,2.4477766207732907,-7.0,2.4731700724177226,49.521228485006496,49.521228485006496
45,3332268999,110.0,-7.0,2.4477766207732907,-7.0,2.474364732189064,48.8024044087721,48.8024044087721
46,3332268999,112.0,-7.0,2.4477766207732907,-7.0,2.4701999551194267,48.75498213314107,48.75498213314107
47,3332268999,114.0,-7.0,2.4477766207732907,-7.0,2.46568204243054,49.00343178049015,49.00343178049015
48,3332268999,116.0,-7.0,2.4477766207732907,-7.0,2.462888099372086,49.28504628479277,49.28504628479277
49,3332268999,118.0,-7.0,2.4477766207732907,-7.0,2.461695891450512,49.54694320168386,49.54694320168386
50,3332268999,120.0,-7.0,2.4477766207732907,-7.0,2.4613773720253613,49.78856748484564,49.78856748484564
51,3332268999,122.0,-7.0,2.4477766207732907,-7.0,2.461404775095588,50.02209675179156,50.02209675179156
52,3332268999,124.0,-7.0,2.4477766207732907,-7.0,2.461537665193582,50.25329986984825,50.25329986984825
53,3332268999,126.0,-7.0,2.4477766207732907,-7.0,2.461695169300865,50.48400624368668,50.48400624368668
54,3332268999,128.0,-7.0,2.4477766207732907,-7.0,2.461856046488017,50.71433002612162,50.71433002612162
55,3332268999,130.0,-7.0,2.4477766207732907,-7.0,2.4620157961833327,50.94377393848456,50.94377393848456
56,3332268999,132.0,-7.0,2.4477766207732907,-7.0,2.462173619212092,51.17284618787232,51.17284618787232
57,3332268999,134.0,-7.0,2.4477766207732907,-7.0,2.462330731054725,51.39950371585192,51.39950371585192
58,3332268999,136.0,-7.0,2.4477766207732907,-7.0,2.462483035825272,51.62328958225528,51.62328958225528
59,3332268999,138.0,-7.0,2.4477766207732907,-7.0,2.462634575465908,51.84387725664433,51.84387725664433
60,3332268999,140.0,-7.0,2.4477766207732907,-7.0,2.4627839930180717,52.06104011687843,52.06104011687843
61,3332268999,142.0,-7.0,2.4477766207732907,-7.0,2.462931278177471,52.27462824479874,52.27462824479874
62,3332268999,144.0,-7.0,2.4477766207732907,-7.0,2.463076440383749,52.48454773471592,52.48454773471592
63,3332268999,146.0,-7.0,2.4477766207732907,-7.0,2.463219485035906,52.69074429148344,52.69074429148344
64,3332268999,148.0,-7.0,2.4477766207732907,-7.0,2.463360423409868,52.89375354432613,52.89375354432613
65,3332268999,150.0,-7.0,2.4477766207732907,-7.0,2.463499269517844,53.09383217477945,53.09383217477945
66,3332268999,152.0,-7.0,2.4477766207732907,-7.0,2.4636360411183467,53.29038139820872,53.29038139820872
67,3332268999,154.0,-7.0,2.4477766207732907,-7.0,2.463770758015557,53.4834031347024,53.4834031347024
68,3332268999,156.0,-7.0,2.4477766207732907,-7.0,2.463903442203796,53.67290453542434,53.67290453542434
69,3332268999,158.0,-7.0,2.4477766207732907,-7.0,2.464034116883508,53.85889596786936,53.85889596786936
70,3332268999,160.0,-7.0,2.4477766207732907,-7.0,2.464162808073945,54.04138968646439,54.04138968646439
71,3332268999,162.0,-7.0,2.4477766207732907,-7.0,2.4642895412701504,54.220398972275866,54.220398972275866
72,3332268999,164.0,-7.0,2.4477766207732907,-7.0,2.464414344089014,54.39593758785825,54.39593758785825
73,3332268999,166.0,-7.0,2.4477766207732907,-7.0,2.4645372450516367,54.56801943867734,54.56801943867734
74,3332268999,168.0,-7.0,2.4477766207732907,-7.0,2.4646582729643143,54.73665837277522,54.73665837277522
75,3332268999,170.0,-7.0,2.4477766207732907,-7.0,2.464777456226685,54.90186806691707,54.90186806691707
76,3332268999,172.0,-7.0,2.4477766207732907,-7.0,2.4648948252115046,55.06599316925191,55.06599316925191
77,3332268999,174.0,-7.0,2.4477766207732907,-7.0,2.465010409398348,55.22794045259497,55.22794045259497
78,3332268999,176.0,-7.0,2.4477766207732907,-7.0,2.4651242388992958,55.386637391980365,55.386637391980365
79,3332268999,178.0,-7.0,2.4477766207732907,-7.0,2.465236343512247,55.54209100611645,55.54209100611645
80,3332268999,180.0,-7.0,2.4477766207732907,-7.0,2.465346766934273,55.69430837743029,55.69430837743029
0,1191655600,20.0,-6.0,1.5768449483209428,-6.0,1.6092019045414745,59.88467307435542,59.88467307435542
1,1191655600,22.0,-6.0,1.5768449483209428,-6.0,1.6016534810848104,52.77978419786305,52.77978419786305
2,1191655600,24.0,-6.0,1.5768449483209428,-6.0,1.59624084636346,46.92997388334099,46.92997388334099
3,1191655600,26.0,-6.0,1.5768449483209428,-6.0,1.5924503249409914,42.054923612118415,42.054923612118415
4,1191655600,28.0,-6.0,1.5768449483209428,-6.0,1.5900488851218069,37.95757658503013,37.95757658503013
5,1191655600,30.0,-6.0,1.5768449483209428,-6.0,1.5890396649512095,34.502826310313026,34.502826310313026
6,1191655600,32.0,-6.0,1.5768449483209428,-6.0,1.5896027919380091,31.617501040095803,31.617501040095803
7,1191655600,34.0,-6.0,1.5768449483209428,-6.0,1.5913841422919144,29.30349927743944,29.30349927743944
8,1191655600,36.0,-6.0,1.5768449483209428,-6.0,1.5915825739968392,27.579090501253013,27.579090501253013
9,1191655600,38.0,-6.0,1.5768449483209428,-6.0,1.584430067533061,26.497181522048017,26.497181522048017
10,1191655600,40.0,-6.0,1.5768449483209428,-6.0,1.5659568142251068,26.20945263291774,26.20945263291774
11,1191655600,42.0,-6.0,1.5768449483209428,-6.0,1.5405963055475245,25.94234369604589,25.94234369604589
12,1191655600,44.0,-6.0,1.5768449483209428,-6.0,1.5260581707734848,22.875575247859278,22.875575247859278
13,1191655600,46.0,-6.0,1.5768449483209428,-6.0,1.547055823312439,15.319320645655251,15.319320645655251
14,1191655600,48.0,-6.0,1.5768449483209428,-6.0,1.5931561873504645,9.05930201058214,9.05930201058214
15,1191655600,50.0,-6.0,1.5768449483209428,-6.0,1.6092432045799527,7.380902949089097,7.380902949089097
16,1191655600,52.0,-6.0,1.5768449483209428,-6.0,1.5838987262688995,5.517677661260541,5.517677661260541
17,1191655600,54.0,-6.0,1.5768449483209428,-6.0,1.561868937303638,4.896387926427828,4.896387926427828
18,1191655600,56.0,-6.0,1.5768449483209428,-6.0,1.563962905735969,5.575391602649918,5.575391602649918
19,1191655600,58.0,-6.0,1.5768449483209428,-6.0,1.576993636589566,6.687617890262486,6.687617890262486
20,1191655600,60.0,-6.0,1.5768449483209428,-6.0,1.5825099241024752,7.479086648643466,7.479086648643466
21,1191655600,62.0,-6.0,1.5768449483209428,-6.0,1.5749389755090426,7.988625679799451,7.988625679799451
22,1191655600,64.0,-6.0,1.5768449483209428,-6.0,1.564729571795766,8.666234323468123,8.666234323468123
23,1191655600,66.0,-6.0,1.5768449483209428,-6.0,1.5609557926156508,8.746893276183409,8.746893276183409
24,1191655600,68.0,-6.0,1.5768449483209428,-6.0,1.5627689550876356,8.086497399735883,8.086497399735883
25,1191655600,70.0,-6.0,1.5768449483209428,-6.0,1.5654167893235855,7.313912251461713,7.313912251461713
26,1191655600,72.0,-6.0,1.5768449483209428,-6.0,1.5667511944919712,6.490516391696865,6.490516391696865
27,1191655600,74.0,-6.0,1.5768449483209428,-6.0,1.5704525176738997,5.182961475839141,5.182961475839141
28,1191655600,76.0,-6.0,1.5768449483209428,-6.0,1.579980570983875,3.928212918678705,3.928212918678705
29,1191655600,78.0,-6.0,1.5768449483209428,-6.0,1.5861662161053605,3.6530030647563354,3.6530030647563354
30,1191655600,80.0,-6.0,1.5768449483209428,-6.0,1.5784023717925182,3.5473160285029075,3.5473160285029075
31,1191655600,82.0,-6.0,1.5768449483209428,-6.0,1.5675318114589432,3.4277540697396263,3.4277540697396263
32,1191655600,84.0,-6.0,1.5768449483209428,-6.0,1.5691241295994334,3.956351656312855,3.956351656312855
33,1191655600,86.0,-6.0,1.5768449483209428,-6.0,1.5805640999549366,5.043498106935747,5.043498106935747
34,1191655600,88.0,-6.0,1.5768449483209428,-6.0,1.5857565130060778,5.662005651794331,5.662005651794331
35,1191655600,90.0,-6.0,1.5768449483209428,-6.0,1.5789063907375425,6.582566601520084,6.582566601520084
36,1191655600,92.0,-6.0,1.5768449483209428,-6.0,1.5728640179791202,9.333971267950218,9.333971267950218
37,1191655600,94.0,-6.0,1.5768449483209428,-6.0,1.5728873283672942,11.69332419751576,11.69332419751576
38,1191655600,96.0,-6.0,1.5768449483209428,-6.0,1.5719594161534325,13.514808609289013,13.514808609289013
39,1191655600,98.0,-6.0,1.5768449483209428,-6.0,1.567445087711539,15.866370464605904,15.866370464605904
40,1191655600,100.0,-6.0,1.5768449483209428,-6.0,1.5645285287402837,17.761743576420407,17.761743576420407
41,1191655600,102.0,-6.0,1.5768449483209428,-6.0,1.567301493963273,18.631301534948346,18.631301534948346
42,1191655600,104.0,-6.0,1.5768449483209428,-6.0,1.573871581193861,18.815366879529144,18.815366879529144
43,1191655600,106.0,-6.0,1.5768449483209428,-6.0,1.579759156663017,18.62480663684384,18.62480663684384
44,1191655600,108.0,-6.0,1.5768449483209428,-6.0,1.5823547025359377,18.363869844980435,18.363869844980435
45,1191655600,110.0,-6.0,1.5768449483209428,-6.0,1.5820300744729094,18.262255087228013,18.262255087228013
46,1191655600,112.0,-6.0,1.5768449483209428,-6.0,1.5805198953304556,18.304244879026484,18.304244879026484
47,1191655600,114.0,-6.0,1.5768449483209428,-6.0,1.579162674778242,18.40001084586028,18.40001084586028
48,1191655600,116.0,-6.0,1.5768449483209428,-6.0,1.5783842550798997,18.50225679513681,18.50225679513681
49,1191655600,118.0,-6.0,1.5768449483209428,-6.0,1.5780651923355629,18.600857366240103,18.600857366240103
50,1191655600,120.0,-6.0,1.5768449483209428,-6.0,1.57798166129359,18.699050715965967,18.699050715965967
51,1191655600,122.0,-6.0,1.5768449483209428,-6.0,1.5779881349987288,18.797055170192525,18.797055170192525
52,1191655600,124.0,-6.0,1.5768449483209428,-6.0,1.5780213957152462,18.8953744529347,18.8953744529347
53,1191655600,126.0,-6.0,1.5768449483209428,-6.0,1.5780607887539693,18.99397761249972,18.99397761249972
54,1191655600,128.0,-6.0,1.5768449483209428,-6.0,1.5781010012707095,19.09254727313077,19.09254727313077
55,1191655600,130.0,-6.0,1.5768449483209428,-6.0,1.5781409268666404,19.19071492112309,19.19071492112309
56,1191655600,132.0,-6.0,1.5768449483209428,-6.0,1.5781803712227154,19.288151925238772,19.288151925238772
57,1191655600,134.0,-6.0,1.5768449483209428,-6.0,1.5782193008257586,19.3845965633639,19.3845965633639
58,1191655600,136.0,-6.0,1.5768449483209428,-6.0,1.5782577068911332,19.47985408356304,19.47985408356304
59,1191655600,138.0,-6.0,1.5768449483209428,-6.0,1.5782955852817968,19.573786596650464,19.573786596650464
60,1191655600,140.0,-6.0,1.5768449483209428,-6.0,1.5783329338102323,19.666300664720623,19.666300664720623
61,1191655600,142.0,-6.0,1.5768449483209428,-6.0,1.5783697518137856,19.757335931388457,19.757335931388457
62,1191655600,144.0,-6.0,1.5768449483209428,-6.0,1.5784060399348794,19.846855855425147,19.846855855425147
63,1191655600,146.0,-6.0,1.5768449483209428,-6.0,1.578441799942173,19.93484059802104,19.93484059802104
64,1191655600,148.0,-6.0,1.5768449483209428,-6.0,1.5784770345742245,20.021281778499414,20.021281778499414
65,1191655600,150.0,-6.0,1.5768449483209428,-6.0,1.5785117474106545,20.106178656277677,20.106178656277677
66,1191655600,152.0,-6.0,1.5768449483209428,-6.0,1.5785459427412594,20.18953548714035,20.18953548714035
67,1191655600,154.0,-6.0,1.5768449483209428,-6.0,1.578579625489755,20.271359663020288,20.271359663020288
68,1191655600,156.0,-6.0,1.5768449483209428,-6.0,1.5786128010856328,20.35166045499604,20.35166045499604
69,1191655600,158.0,-6.0,1.5768449483209428,-6.0,1.5786454753635024,20.430448183747504,20.430448183747504
70,1191655600,160.0,-6.0,1.5768449483209428,-6.0,1.578677654610169,20.50773366964767,20.50773366964767
71,1191655600,162.0,-6.0,1.5768449483209428,-6.0,1.5787093453533243,20.58352788737785,20.58352788737785
72,1191655600,164.0,-6.0,1.5768449483209428,-6.0,1.5787405543975803,20.657841750878195,20.657841750878195
73,1191655600,166.0,-6.0,1.5768449483209428,-6.0,1.578771288704384,20.730686028243547,20.730686028243547
74,1191655600,168.0,-6.0,1.5768449483209428,-6.0,1.5788015554611423,20.80207112079539,20.80207112079539
75,1191655600,170.0,-6.0,1.5768449483209428,-6.0,1.5788313619269352,20.872652989312297,20.872652989312297
76,1191655600,172.0,-6.0,1.5768449483209428,-6.0,1.57886071546319,20.94236520203516,20.94236520203516
77,1191655600,174.0,-6.0,1.5768449483209428,-6.0,1.5788896234851688,21.010705425566613,21.010705425566613
78,1191655600,176.0,-6.0,1.5768449483209428,-6.0,1.578918093449125,21.077680601261136,21.077680601261136
79,1191655600,178.0,-6.0,1.5768449483209428,-6.0,1.5789461327905931,21.14329747288517,21.14329747288517
80,1191655600,180.0,-6.0,1.5768449483209428,-6.0,1.5789737489792848,21.20756261708274,21.20756261708274
0,818578564,20.0,-7.0,2.4477766207732907,-7.0,2.584461145540202,150.4625848203277,150.4625848203277
1,818578564,22.0,-7.0,2.4477766207732907,-7.0,2.55496273629366,132.83439680243268,132.83439680243268
2,818578564,24.0,-7.0,2.4477766207732907,-7.0,2.533481427299111,118.36286417516176,118.36286417516176
3,818578564,26.0,-7.0,2.4477766207732907,-7.0,2.517714260333007,106.34826100944022,106.34826100944022
4,818578564,28.0,-7.0,2.4477766207732907,-7.0,2.5059598722761898,96.33036739277048,96.33036739277048
5,818578564,30.0,-7.0,2.4477766207732907,-7.0,2.497182601359718,88.04831957602481,88.04831957602481
6,818578564,32.0,-7.0,2.4477766207732907,-7.0,2.49230116002522,81.38711592119317,81.38711592119317
7,818578564,34.0,-7.0,2.4477766207732907,-7.0,2.493853657321614,76.18031117493037,76.18031117493037
8,818578564,36.0,-7.0,2.4477766207732907,-7.5,3.084880436363137,92.95765462133622,97.82263055331288
9,818578564,38.0,-7.0,2.4477766207732907,-7.5,3.0780395989892515,75.83040201592965,75.83040201592965
10,818578564,40.0,-7.0,2.4477766207732907,-7.5,3.028029738409221,57.76971628992185,63.13369063604877
11,818578564,42.0,-7.0,2.4477766207732907,-7.0,2.3854558753974264,64.45359065720808,64.45359065720808
12,818578564,44.0,-7.0,2.4477766207732907,-7.0,2.329114076292781,57.152768060560746,57.152768060560746
13,818578564,46.0,-7.0,2.4477766207732907,-7.0,2.360789357579082,33.675931367596085,33.675931367596085
14,818578564,48.0,-7.0,2.4477766207732907,-7.0,2.4777260011055606,14.051106018047694,14.051106018047694
15,818578564,50.0,-7.0,2.4477766207732907,-7.5,3.083539376254953,48.3332401739729,72.2300309036245
16,818578564,52.0,-7.0,2.4477766207732907,-7.0,2.4409458054757143,6.749619932629596,6.749619932629596
17,818578564,54.0,-7.0,2.4477766207732907,-7.0,2.4066796213094794,6.41232136712909,6.41232136712909
18,818578564,56.0,-7.0,2.4477766207732907,-7.0,2.430947567434052,7.789498757462043,7.789498757462043
19,818578564,58.0,-7.0,2.4477766207732907,-7.0,2.465227762524547,9.746946204793671,9.746946204793671
20,818578564,60.0,-7.0,2.4477766207732907,-7.0,2.466307229640292,10.957209805658916,10.957209805658916
21,818578564,62.0,-7.0,2.4477766207732907,-7.0,2.437968438349393,11.8775239011516,11.8775239011516
22,818578564,64.0,-7.0,2.4477766207732907,-7.0,2.4190341984283865,13.540291881701824,13.540291881701824
23,818578564,66.0,-7.0,2.4477766207732907,-7.0,2.421124420752653,13.7960806411627,13.7960806411627
24,818578564,68.0,-7.0,2.4477766207732907,-7.0,2.4336735393346287,12.446784770018386,12.446784770018386
25,818578564,70.0,-7.0,2.4477766207732907,-7.0,2.4445105995245964,10.885510751344968,10.885510751344968
26,818578564,72.0,-7.0,2.4477766207732907,-7.0,2.441845499756484,9.51612553174918,9.51612553174918
27,818578564,74.0,-7.0,2.4477766207732907,-7.0,2.4331043546017725,7.26776445130843,7.26776445130843
28,818578564,76.0,-7.0,2.4477766207732907,-7.0,2.44385445331797,4.982970904334698,4.982970904334698
29,818578564,78.0,-7.0,2.4477766207732907,-7.0,2.4640667152220903,4.5905525969713965,4.5905525969713965
30,818578564,80.0,-7.0,2.4477766207732907,-7.5,3.011955439539914,35.972007654113995,71.66409248358978
31,818578564,82.0,-7.0,2.4477766207732907,-7.0,2.427693688645046,4.409689074021813,4.409689074021813
32,818578564,84.0,-7.0,2.4477766207732907,-7.0,2.432790965349352,4.984573236015673,4.984573236015673
33,818578564,86.0,-7.0,2.4477766207732907,-7.0,2.461385225005159,6.656286178032209,6.656286178032209
34,818578564,88.0,-7.0,2.4477766207732907,-7.5,3.0276553240116137,36.23561894118756,69.86380738545611
35,818578564,90.0,-7.0,2.4477766207732907,-7.0,2.44024782824451,8.94269080811091,8.94269080811091
36,818578564,92.0,-7.0,2.4477766207732907,-7.0,2.4377071527721337,14.797482173596167,14.797482173596167
37,818578564,94.0,-7.0,2.4477766207732907,-7.0,2.458189988649222,19.780587588599687,19.780587588599687
38,818578564,96.0,-7.0,2.4477766207732907,-7.0,2.457976939284422,25.574552219716864,25.574552219716864
39,818578564,98.0,-7.0,2.4477766207732907,-7.0,2.430412520497804,35.75722096829585,35.75722096829585
40,818578564,100.0,-7.0,2.4477766207732907,-7.0,2.409789915674383,43.93092180626351,43.93092180626351
41,818578564,102.0,-7.0,2.4477766207732907,-7.0,2.4162449747482486,47.99367729979216,47.99367729979216
42,818578564,104.0,-7.0,2.4477766207732907,-7.0,2.439053872648323,50.08394467065772,50.08394467065772
43,818578564,106.0,-7.0,2.4477766207732907,-7.0,2.461320679990413,50.461762717488895,50.461762717488895
44,818578564,108.0,-7.0,2.4477766207732907,-7.0,2.4731700724177226,49.521228485006496,49.521228485006496
45,818578564,110.0,-7.0,2.4477766207732907,-7.0,2.474364732189064,48.8024044087721,48.8024044087721
46,818578564,112.0,-7.0,2.4477766207732907,-7.0,2.4701999551194267,48.75498213314107,48.75498213314107
47,818578564,114.0,-7.0,2.4477766207732907,-7.0,2.46568204243054,49.00343178049015,49.00343178049015
48,818578564,116.0,-7.0,2.4477766207732907,-7.0,2.462888099372086,49.28504628479277,49.28504628479277
49,818578564,118.0,-7.0,2.4477766207732907,-7.0,2.461695891450512,49.54694320168386,49.54694320168386
50,818578564,120.0,-7.0,2.4477766207732907,-7.0,2.4613773720253613,49.78856748484564,49.78856748484564
51,818578564,122.0,-7.0,2.4477766207732907,-7.0,2.461404775095588,50.02209675179156,50.02209675179156
52,818578564,124.0,-7.0,2.4477766207732907,-7.0,2.461537665193582,50.25329986984825,50.25329986984825
53,818578564,126.0,-7.0,2.4477766207732907,-7.0,2.461695169300865,50.48400624368668,50.48400624368668
54,818578564,128.0,-7.0,2.4477766207732907,-7.0,2.461856046488017,50.71433002612162,50.71433002612162
55,818578564,130.0,-7.0,2.4477766207732907,-7.0,2.4620157961833327,50.94377393848456,50.94377393848456
56,818578564,132.0,-7.0,2.4477766207732907,-7.0,2.462173619212092,51.17284618787232,51.17284618787232
57,818578564,134.0,-7.0,2.4477766207732907,-7.0,2.462330731054725,51.39950371585192,51.39950371585192
58,818578564,136.0,-7.0,2.4477766207732907,-7.0,2.462483035825272,51.62328958225528,51.62328958225528
59,818578564,138.0,-7.0,2.4477766207732907,-7.0,2.462634575465908,51.84387725664433,51.84387725664433
60,818578564,140.0,-7.0,2.4477766207732907,-7.0,2.4627839930180717,52.06104011687843,52.06104011687843
61,818578564,142.0,-7.0,2.4477766207732907,-7.0,2.462931278177471,52.27462824479874,52.27462824479874
62,818578564,144.0,-7.0,2.4477766207732907,-7.0,2.463076440383749,52.48454773471592,52.48454773471592
63,818578564,146.0,-7.0,2.4477766207732907,-7.0,2.463219485035906,52.69074429148344,52.69074429148344
64,818578564,148.0,-7.0,2.4477766207732907,-7.0,2.463360423409868,52.89375354432613,52.89375354432613
65,818578564,150.0,-7.0,2.4477766207732907,-7.0,2.463499269517844,53.09383217477945,53.09383217477945
66,818578564,152.0,-7.0,2.4477766207732907,-7.0,2.4636360411183467,53.29038139820872,53.29038139820872
67,818578564,154.0,-7.0,2.4477766207732907,-7.0,2.463770758015557,53.4834031347024,53.4834031347024
68,818578564,156.0,-7.0,2.4477766207732907,-7.0,2.463903442203796,53.67290453542434,53.67290453542434
69,818578564,158.0,-7.0,2.4477766207732907,-7.0,2.464034116883508,53.85889596786936,53.85889596786936
70,818578564,160.0,-7.0,2.4477766207732907,-7.0,2.464162808073945,54.04138968646439,54.04138968646439
71,818578564,162.0,-7.0,2.4477766207732907,-7.0,2.4642895412701504,54.220398972275866,54.220398972275866
72,818578564,164.0,-7.0,2.4477766207732907,-7.0,2.464414344089014,54.39593758785825,54.39593758785825
73,818578564,166.0,-7.0,2.4477766207732907,-7.0,2.4645372450516367,54.56801943867734,54.56801943867734
74,818578564,168.0,-7.0,2.4477766207732907,-7.0,2.4646582729643143,54.73665837277522,54.73665837277522
75,818578564,170.0,-7.0,2.4477766207732907,-7.0,2.464777456226685,54.90186806691707,54.90186806691707
76,818578564,172.0,-7.0,2.4477766207732907,-7.0,2.4648948252115046,55.06599316925191,55.06599316925191
77,818578564,174.0,-7.0,2.4477766207732907,-7.0,2.465010409398348,55.22794045259497,55.22794045259497
78,818578564,176.0,-7.0,2.4477766207732907,-7.0,2.4651242388992958,55.386637391980365,55.386637391980365
79,818578564,178.0,-7.0,2.4477766207732907,-7.0,2.465236343512247,55.54209100611645,55.54209100611645
80,818578564,180.0,-7.0,2.4477766207732907,-7.0,2.465346766934273,55.69430837743029,55.69430837743029
0,401340103,20.0,-6.5,1.9840540179785384,-6.5,2.0517634762918138,95.7644088615283,95.7644088615283
1,401340103,22.0,-6.5,1.9840540179785384,-6.5,2.0366518173587185,84.45151978532404,84.45151978532404
2,401340103,24.0,-6.5,1.9840540179785384,-6.5,2.025736850816632,75.15019019978189,75.15019019978189
3,401340103,26.0,-6.5,1.9840540179785384,-6.5,2.017912060373805,67.40952419323122,67.40952419323122
4,401340103,28.0,-6.5,1.9840540179785384,-6.5,2.0125178444151857,60.916702297253735,60.916702297253735
5,401340103,30.0,-6.5,1.9840540179785384,-6.5,2.009315354132912,55.469909800652125,55.469909800652125
6,401340103,32.0,-6.5,1.9840540179785384,-6.5,2.0087317412115357,50.97214900194453,50.97214900194453
7,401340103,34.0,-6.5,1.9840540179785384,-6.5,2.0110323558460754,47.40033703609247,47.40033703609247
8,401340103,36.0,-6.5,1.9840540179785384,-6.5,2.012472806437721,44.62777800407637,44.62777800407637
9,401340103,38.0,-6.5,1.9840540179785384,-6.5,2.003275692643516,42.58687169302655,42.58687169302655
10,401340103,40.0,-6.5,1.9840540179785384,-6.5,1.9757697590841208,41.872008509164615,41.872008509164615
11,401340103,42.0,-6.5,1.9840540179785384,-6.5,1.9343667621369045,41.6981002371185,41.6981002371185
12,401340103,44.0,-6.5,1.9840540179785384,-6.5,1.9045924827134808,36.74447845835083,36.74447845835083
13,401340103,46.0,-6.5,1.9840540179785384,-6.5,1.9323101944585277,22.94594908296509,22.94594908296509
14,401340103,48.0,-6.5,1.9840540179785384,-6.5,2.006804385018545,11.53349375940372,11.53349375940372
15,401340103,50.0,-6.5,1.9840540179785384,-6.5,2.029740983984267,9.000391835560686,9.000391835560686
16,401340103,52.0,-6.5,1.9840540179785384,-6.5,1.9865788762222625,6.229887738259911,6.229887738259911
17,401340103,54.0,-6.5,1.9840540179785384,-6.5,1.957716806682279,5.648262612620376,5.648262612620376
18,401340103,56.0,-6.5,1.9840540179785384,-6.5,1.9681336426108529,6.678293720947091,6.678293720947091
19,401340103,58.0,-6.5,1.9840540179785384,-6.5,1.9906265547566315,8.22607996491482,8.22607996491482
20,401340103,60.0,-6.5,1.9840540179785384,-6.5,1.995810330294103,9.270235476388036,9.270235476388036
21,401340103,62.0,-6.5,1.9840540179785384,-6.5,1.9798116873822331,9.982174311474653,9.982174311474653
22,401340103,64.0,-6.5,1.9840540179785384,-6.5,1.9646490366521208,11.076068782838387,11.076068782838387
23,401340103,66.0,-6.5,1.9840540179785384,-6.5,1.9626869158063975,11.21538078566585,11.21538078566585
24,401340103,68.0,-6.5,1.9840540179785384,-6.5,1.969052151831601,10.2439645570006,10.2439645570006
25,401340103,70.0,-6.5,1.9840540179785384,-6.5,1.9748934026573748,9.131037212317256,9.131037212317256
26,401340103,72.0,-6.5,1.9840540179785384,-6.5,1.974723107998916,8.042634238435568,8.042634238435568
27,401340103,74.0,-6.5,1.9840540179785384,-6.5,1.974335259557,6.269915811728604,6.269915811728604
28,401340103,76.0,-6.5,1.9840540179785384,-6.5,1.9849536562696493,4.508084856385322,4.508084856385322
29,401340103,78.0,-6.5,1.9840540179785384,-6.5,1.9960920235300248,4.159791687349388,4.159791687349388
30,401340103,80.0,-6.5,1.9840540179785384,-6.5,1.986589062245052,4.083081686421064,4.083081686421064
31,401340103,82.0,-6.5,1.9840540179785384,-6.5,1.9705901621843431,3.928348100462098,3.928348100462098
32,401340103,84.0,-6.5,1.9840540179785384,-6.5,1.9735949683465912,4.503738480666193,4.503738480666193
33,401340103,86.0,-6.5,1.9840540179785384,-6.5,1.9914539183349709,5.88873754974136,5.88873754974136
34,401340103,88.0,-6.5,1.9840540179785384,-6.5,1.996951189082449,6.638729749819596,6.638729749819596
35,401340103,90.0,-6.5,1.9840540179785384,-6.5,1.983605356635323,7.847053248235873,7.847053248235873
36,401340103,92.0,-6.5,1.9840540179785384,-6.5,1.977856917437868,12.069191263264202,12.069191263264202
37,401340103,94.0,-6.5,1.9840540179785384,-6.5,1.9841837377562712,15.679405553465436,15.679405553465436
38,401340103,96.0,-6.5,1.9840540179785384,-6.5,1.9837431033380928,19.02907523738354,19.02907523738354
39,401340103,98.0,-6.5,1.9840540179785384,-6.5,1.9721289891575888,24.08916445287074,24.08916445287074
40,401340103,100.0,-6.5,1.9840540179785384,-6.5,1.9632886420280775,28.187144039530008,28.187144039530008
41,401340103,102.0,-6.5,1.9840540179785384,-6.5,1.966963754357541,30.17573199157632,30.17573199157632
42,401340103,104.0,-6.5,1.9840540179785384,-6.5,1.9790702058517955,30.88447604169721,30.88447604169721
43,401340103,106.0,-6.5,1.9840540179785384,-6.5,1.990689514175444,30.71857953703164,30.71857953703164
44,401340103,108.0,-6.5,1.9840540179785384,-6.5,1.99641751451112,30.18198514037737,30.18198514037737
45,401340103,110.0,-6.5,1.9840540179785384,-6.5,1.996442337988152,29.89645431102656,29.89645431102656
46,401340103,112.0,-6.5,1.9840540179785384,-6.5,1.993866444332999,29.929499147188007,29.929499147188007
47,401340103,114.0,-6.5,1.9840540179785384,-6.5,1.9913475944608785,30.088421513392746,30.088421513392746
48,401340103,116.0,-6.5,1.9840540179785384,-6.5,1.989853058910782,30.25943597297041,30.25943597297041
49,401340103,118.0,-6.5,1.9840540179785384,-6.5,1.989229592271972,30.42310499030808,30.42310499030808
50,401340103,120.0,-6.5,1.9840540179785384,-6.5,1.9890651223745288,30.578924182892845,30.578924182892845
51,401340103,122.0,-6.5,1.9840540179785384,-6.5,1.989078762763328,30.73216631535718,30.73216631535718
52,401340103,124.0,-6.5,1.9840540179785384,-6.5,1.9891459628990944,30.88510244081578,30.88510244081578
53,401340103,126.0,-6.5,1.9840540179785384,-6.5,1.9892255210956584,31.038208720113264,31.038208720113264
54,401340103,128.0,-6.5,1.9840540179785384,-6.5,1.9893067444622297,31.19122551943644,31.19122551943644
55,401340103,130.0,-6.5,1.9840540179785384,-6.5,1.989387391066724,31.34407018535944,31.34407018535944
56,401340103,132.0,-6.5,1.9840540179785384,-6.5,1.9894670649389263,31.496361563099672,31.496361563099672
57,401340103,134.0,-6.5,1.9840540179785384,-6.5,1.989545698188231,31.64699872144765,31.64699872144765
58,401340103,136.0,-6.5,1.9840540179785384,-6.5,1.9896232728696377,31.79568569193029,31.79568569193029
59,401340103,138.0,-6.5,1.9840540179785384,-6.5,1.989699780581376,31.94221090956593,31.94221090956593
60,401340103,140.0,-6.5,1.9840540179785384,-6.5,1.9897752169921468,32.0864306142971,32.0864306142971
61,401340103,142.0,-6.5,1.9840540179785384,-6.5,1.9898495807844845,32.228252082874256,32.228252082874256
62,401340103,144.0,-6.5,1.9840540179785384,-6.5,1.9899228733275975,32.36761949840832,32.36761949840832
63,401340103,146.0,-6.5,1.9840540179785384,-6.5,1.98999509821594,32.50450297342299,32.50450297342299
64,401340103,148.0,-6.5,1.9840540179785384,-6.5,1.990066261042299,32.638890394249486,32.638890394249486
65,401340103,150.0,-6.5,1.9840540179785384,-6.5,1.9901363690648044,32.77078153409979,32.77078153409979
66,401340103,152.0,-6.5,1.9840540179785384,-6.5,1.990205431008512,32.90044831036937,32.90044831036937
67,401340103,154.0,-6.5,1.9840540179785384,-6.5,1.9902734568335472,33.02839501547592,33.02839501547592
68,401340103,156.0,-6.5,1.9840540179785384,-6.5,1.990340457524316,33.154012549646694,33.154012549646694
69,401340103,158.0,-6.5,1.9840540179785384,-6.5,1.9904064450112544,33.27731235497713,33.27731235497713
70,401340103,160.0,-6.5,1.9840540179785384,-6.5,1.9904714319134107,33.39830688353106,33.39830688353106
71,401340103,162.0,-6.5,1.9840540179785384,-6.5,1.9905354314898005,33.51700904114064,33.51700904114064
72,401340103,164.0,-6.5,1.9840540179785384,-6.5,1.9905984575052131,33.633431841910095,33.633431841910095
73,401340103,166.0,-6.5,1.9840540179785384,-6.5,1.990660524090072,33.74758819500813,33.74758819500813
74,401340103,168.0,-6.5,1.9840540179785384,-6.5,1.990721645754272,33.85949078440406,33.85949078440406
75,401340103,170.0,-6.5,1.9840540179785384,-6.5,1.990781837207672,33.96915200355569,33.96915200355569
76,401340103,172.0,-6.5,1.9840540179785384,-6.5,1.9908411133422976,34.07658390091959,34.07658390091959
77,401340103,174.0,-6.5,1.9840540179785384,-6.5,1.9908994891636345,34.182587968341394,34.182587968341394
78,401340103,176.0,-6.5,1.9840540179785384,-6.5,1.9909569797382471,34.28780238491977,34.28780238491977
79,401340103,178.0,-6.5,1.9840540179785384,-6.5,1.9910136001606649,34.390907138097944,34.390907138097944
80,401340103,180.0,-6.5,1.9840540179785384,-6.5,1.991069365499892,34.49190964329004,34.49190964329004
0,1,20.0,-7.0,2.4477766207732907,-7.0,2.584461145540202,150.4625848203277,150.4625848203277
1,1,22.0,-7.0,2.4477766207732907,-7.0,2.55496273629366,132.83439680243268,132.83439680243268
2,1,24.0,-7.0,2.4477766207732907,-7.0,2.533481427299111,118.36286417516176,118.36286417516176
3,1,26.0,-7.0,2.4477766207732907,-7.0,2.517714260333007,106.34826100944022,106.34826100944022
4,1,28.0,-7.0,2.4477766207732907,-7.0,2.5059598722761898,96.33036739277048,96.33036739277048
5,1,30.0,-7.0,2.4477766207732907,-7.0,2.497182601359718,88.04831957602481,88.04831957602481
6,1,32.0,-7.0,2.4477766207732907,-7.0,2.49230116002522,81.38711592119317,81.38711592119317
7,1,34.0,-7.0,2.4477766207732907,-7.0,2.493853657321614,76.18031117493037,76.18031117493037
8,1,36.0,-7.0,2.4477766207732907,-7.5,3.084880436363137,92.95765462133622,97.82263055331288
9,1,38.0,-7.0,2.4477766207732907,-7.0,2.487965154074236,67.10303224001791,67.10303224001791
10,1,40.0,-7.0,2.4477766207732907,-7.0,2.449439247552025,64.60287258023816,64.60287258023816
11,1,42.0,-7.0,2.4477766207732907,-7.0,2.3854558753974264,64.45359065720808,64.45359065720808
12,1,44.0,-7.0,2.4477766207732907,-6.5,1.9045924827134808,86.28452143214338,86.28452143214338
13,1,46.0,-7.0,2.4477766207732907,-6.5,1.9323101944585277,69.61243312270729,69.61243312270729
14,1,48.0,-7.0,2.4477766207732907,-7.0,2.4777260011055606,14.051106018047694,14.051106018047694
15,1,50.0,-7.0,2.4477766207732907,-7.5,3.083539376254953,48.3332401739729,72.2300309036245
16,1,52.0,-7.0,2.4477766207732907,-7.0,2.4409458054757143,6.749619932629596,6.749619932629596
17,1,54.0,-7.0,2.4477766207732907,-7.0,2.4066796213094794,6.41232136712909,6.41232136712909
18,1,56.0,-7.0,2.4477766207732907,-7.0,2.430947567434052,7.789498757462043,7.789498757462043
19,1,58.0,-7.0,2.4477766207732907,-7.0,2.465227762524547,9.746946204793671,9.746946204793671
20,1,60.0,-7.0,2.4477766207732907,-7.0,2.466307229640292,10.957209805658916,10.957209805658916
21,1,62.0,-7.0,2.4477766207732907,-7.0,2.437968438349393,11.8775239011516,11.8775239011516
22,1,64.0,-7.0,2.4477766207732907,-7.0,2.4190341984283865,13.540291881701824,13.540291881701824
23,1,66.0,-7.0,2.4477766207732907,-7.0,2.421124420752653,13.7960806411627,13.7960806411627
24,1,68.0,-7.0,2.4477766207732907,-7.0,2.4336735393346287,12.446784770018386,12.446784770018386
25,1,70.0,-7.0,2.4477766207732907,-7.0,2.4445105995245964,10.885510751344968,10.885510751344968
26,1,72.0,-7.0,2.4477766207732907,-7.0,2.441845499756484,9.51612553174918,9.51612553174918
27,1,74.0,-7.0,2.4477766207732907,-7.0,2.4331043546017725,7.26776445130843,7.26776445130843
28,1,76.0,-7.0,2.4477766207732907,-7.0,2.44385445331797,4.982970904334698,4.982970904334698
29,1,78.0,-7.0,2.4477766207732907,-7.0,2.4640667152220903,4.5905525969713965,4.5905525969713965
30,1,80.0,-7.0,2.4477766207732907,-7.0,2.45267453006271,4.582326990932815,4.582326990932815
31,1,82.0,-7.0,2.4477766207732907,-7.0,2.427693688645046,4.409689074021813,4.409689074021813
32,1,84.0,-7.0,2.4477766207732907,-7.0,2.432790965349352,4.984573236015673,4.984573236015673
33,1,86.0,-7.0,2.4477766207732907,-7.0,2.461385225005159,6.656286178032209,6.656286178032209
34,1,88.0,-7.0,2.4477766207732907,-7.0,2.4658026727476594,7.523653684325623,7.523653684325623
35,1,90.0,-7.0,2.4477766207732907,-7.0,2.44024782824451,8.94269080811091,8.94269080811091
36,1,92.0,-7.0,2.4477766207732907,-7.0,2.4377071527721337,14.797482173596167,14.797482173596167
37,1,94.0,-7.0,2.4477766207732907,-7.0,2.458189988649222,19.780587588599687,19.780587588599687
38,1,96.0,-7.0,2.4477766207732907,-7.0,2.457976939284422,25.574552219716864,25.574552219716864
39,1,98.0,-7.0,2.4477766207732907,-7.0,2.430412520497804,35.75722096829585,35.75722096829585
40,1,100.0,-7.0,2.4477766207732907,-7.0,2.409789915674383,43.93092180626351,43.93092180626351
41,1,102.0,-7.0,2.4477766207732907,-7.0,2.4162449747482486,47.99367729979216,47.99367729979216
42,1,104.0,-7.0,2.4477766207732907,-7.0,2.439053872648323,50.08394467065772,50.08394467065772
43,1,106.0,-7.0,2.4477766207732907,-7.0,2.461320679990413,50.461762717488895,50.461762717488895
44,1,108.0,-7.0,2.4477766207732907,-7.0,2.4731700724177226,49.521228485006496,49.521228485006496
45,1,110.0,-7.0,2.4477766207732907,-7.0,2.474364732189064,48.8024044087721,48.8024044087721
46,1,112.0,-7.0,2.4477766207732907,-7.0,2.4701999551194267,48.75498213314107,48.75498213314107
47,1,114.0,-7.0,2.4477766207732907,-7.0,2.46568204243054,49.00343178049015,49.00343178049015
48,1,116.0,-7.0,2.4477766207732907,-7.0,2.462888099372086,49.28504628479277,49.28504628479277
49,1,118.0,-7.0,2.4477766207732907,-7.0,2.461695891450512,49.54694320168386,49.54694320168386
50,1,120.0,-7.0,2.4477766207732907,-7.0,2.4613773720253613,49.78856748484564,49.78856748484564
51,1,122.0,-7.0,2.4477766207732907,-7.0,2.461404775095588,50.02209675179156,50.02209675179156
52,1,124.0,-7.0,2.4477766207732907,-7.0,2.461537665193582,50.25329986984825,50.25329986984825
53,1,126.0,-7.0,2.4477766207732907,-7.0,2.461695169300865,50.48400624368668,50.48400624368668
54,1,128.0,-7.0,2.4477766207732907,-7.0,2.461856046488017,50.71433002612162,50.71433002612162
55,1,130.0,-7.0,2.4477766207732907,-7.0,2.4620157961833327,50.94377393848456,50.94377393848456
56,1,132.0,-7.0,2.4477766207732907,-7.0,2.462173619212092,51.17284618787232,51.17284618787232
57,1,134.0,-7.0,2.4477766207732907,-7.0,2.462330731054725,51.39950371585192,51.39950371585192
58,1,136.0,-7.0,2.4477766207732907,-7.0,2.462483035825272,51.62328958225528,51.62328958225528
59,1,138.0,-7.0,2.4477766207732907,-7.0,2.462634575465908,51.84387725664433,51.84387725664433
60,1,140.0,-7.0,2.4477766207732907,-7.0,2.4627839930180717,52.06104011687843,52.06104011687843
61,1,142.0,-7.0,2.4477766207732907,-7.0,2.462931278177471,52.27462824479874,52.27462824479874
62,1,144.0,-7.0,2.4477766207732907,-7.0,2.463076440383749,52.48454773471592,52.48454773471592
63,1,146.0,-7.0,2.4477766207732907,-7.0,2.463219485035906,52.69074429148344,52.69074429148344
64,1,148.0,-7.0,2.4477766207732907,-7.0,2.463360423409868,52.89375354432613,52.89375354432613
65,1,150.0,-7.0,2.4477766207732907,-7.0,2.463499269517844,53.09383217477945,53.09383217477945
66,1,152.0,-7.0,2.4477766207732907,-7.0,2.4636360411183467,53.29038139820872,53.29038139820872
67,1,154.0,-7.0,2.4477766207732907,-7.0,2.463770758015557,53.4834031347024,53.4834031347024
68,1,156.0,-7.0,2.4477766207732907,-7.0,2.463903442203796,53.67290453542434,53.67290453542434
69,1,158.0,-7.0,2.4477766207732907,-7.0,2.464034116883508,53.85889596786936,53.85889596786936
70,1,160.0,-7.0,2.4477766207732907,-7.0,2.464162808073945,54.04138968646439,54.04138968646439
71,1,162.0,-7.0,2.4477766207732907,-7.0,2.4642895412701504,54.220398972275866,54.220398972275866
72,1,164.0,-7.0,2.4477766207732907,-7.0,2.464414344089014,54.39593758785825,54.39593758785825
73,1,166.0,-7.0,2.4477766207732907,-7.0,2.4645372450516367,54.56801943867734,54.56801943867734
74,1,168.0,-7.0,2.4477766207732907,-7.0,2.4646582729643143,54.73665837277522,54.73665837277522
75,1,170.0,-7.0,2.4477766207732907,-7.0,2.464777456226685,54.90186806691707,54.90186806691707
76,1,172.0,-7.0,2.4477766207732907,-7.0,2.4648948252115046,55.06599316925191,55.06599316925191
77,1,174.0,-7.0,2.4477766207732907,-7.0,2.465010409398348,55.22794045259497,55.22794045259497
78,1,176.0,-7.0,2.4477766207732907,-7.0,2.4651242388992958,55.386637391980365,55.386637391980365
79,1,178.0,-7.0,2.4477766207732907,-7.0,2.465236343512247,55.54209100611645,55.54209100611645
80,1,180.0,-7.0,2.4477766207732907,-7.0,2.465346766934273,55.69430837743029,55.69430837743029
0,170,20.0,-7.0,2.4477766207732907,-7.0,2.584461145540202,150.4625848203277,150.4625848203277
1,170,22.0,-7.0,2.4477766207732907,-7.0,2.55496273629366,132.83439680243268,132.83439680243268
2,170,24.0,-7.0,2.4477766207732907,-7.0,2.533481427299111,118.36286417516176,118.36286417516176
3,170,26.0,-7.0,2.4477766207732907,-7.0,2.517714260333007,106.34826100944022,106.34826100944022
4,170,28.0,-7.0,2.4477766207732907,-7.0,2.5059598722761898,96.33036739277048,96.33036739277048
5,170,30.0,-7.0,2.4477766207732907,-7.0,2.497182601359718,88.04831957602481,88.04831957602481
6,170,32.0,-7.0,2.4477766207732907,-7.0,2.49230116002522,81.38711592119317,81.38711592119317
7,170,34.0,-7.0,2.4477766207732907,-7.0,2.493853657321614,76.18031117493037,76.18031117493037
8,170,36.0,-7.0,2.4477766207732907,-7.0,2.4979676306105585,71.63652295865174,71.63652295865174
9,170,38.0,-7.0,2.4477766207732907,-7.5,3.0780395989892515,75.83040201592965,75.83040201592965
10,170,40.0,-7.0,2.4477766207732907,-7.5,3.028029738409221,57.76971628992185,63.13369063604877
11,170,42.0,-7.0,2.4477766207732907,-7.5,2.935990928349666,46.43606686359604,62.59663177287584
12,170,44.0,-7.0,2.4477766207732907,-7.0,2.329114076292781,57.152768060560746,57.152768060560746
13,170,46.0,-7.0,2.4477766207732907,-7.0,2.360789357579082,33.675931367596085,33.675931367596085
14,170,48.0,-7.0,2.4477766207732907,-7.0,2.4777260011055606,14.051106018047694,14.051106018047694
15,170,50.0,-7.0,2.4477766207732907,-7.5,3.083539376254953,48.3332401739729,72.2300309036245
16,170,52.0,-7.0,2.4477766207732907,-7.0,2.4409458054757143,6.749619932629596,6.749619932629596
17,170,54.0,-7.0,2.4477766207732907,-7.0,2.4066796213094794,6.41232136712909,6.41232136712909
18,170,56.0,-7.0,2.4477766207732907,-7.0,2.430947567434052,7.789498757462043,7.789498757462043
19,170,58.0,-7.0,2.4477766207732907,-7.0,2.465227762524547,9.746946204793671,9.746946204793671
20,170,60.0,-7.0,2.4477766207732907,-7.0,2.466307229640292,10.957209805658916,10.957209805658916
21,170,62.0,-7.0,2.4477766207732907,-7.0,2.437968438349393,11.8775239011516,11.8775239011516
22,170,64.0,-7.0,2.4477766207732907,-7.0,2.4190341984283865,13.540291881701824,13.540291881701824
23,170,66.0,-7.0,2.4477766207732907,-7.0,2.421124420752653,13.7960806411627,13.7960806411627
24,170,68.0,-7.0,2.4477766207732907,-7.0,2.4336735393346287,12.446784770018386,12.446784770018386
25,170,70.0,-7.0,2.4477766207732907,-7.0,2.4445105995245964,10.885510751344968,10.885510751344968
26,170,72.0,-7.0,2.4477766207732907,-7.0,2.441845499756484,9.51612553174918,9.51612553174918
27,170,74.0,-7.0,2.4477766207732907,-7.0,2.4331043546017725,7.26776445130843,7.26776445130843
28,170,76.0,-7.0,2.4477766207732907,-7.0,2.44385445331797,4.982970904334698,4.982970904334698
29,170,78.0,-7.0,2.4477766207732907,-7.0,2.4640667152220903,4.5905525969713965,4.5905525969713965
30,170,80.0,-7.0,2.4477766207732907,-7.0,2.45267453006271,4.582326990932815,4.582326990932815
31,170,82.0,-7.0,2.4477766207732907,-7.0,2.427693688645046,4.409689074021813,4.409689074021813
32,170,84.0,-7.0,2.4477766207732907,-7.0,2.432790965349352,4.984573236015673,4.984573236015673
33,170,86.0,-7.0,2.4477766207732907,-7.5,3.02638793937456,36.108109341835046,72.02724701878346
34,170,88.0,-7.0,2.4477766207732907,-7.0,2.4658026727476594,7.523653684325623,7.523653684325623
35,170,90.0,-7.0,2.4477766207732907,-7.0,2.44024782824451,8.94269080811091,8.94269080811091
36,170,92.0,-7.0,2.4477766207732907,-7.0,2.4377071527721337,14.797482173596167,14.797482173596167
37,170,94.0,-7.0,2.4477766207732907,-7.5,3.033186403065292,36.467875154096255,84.98678111822129
38,170,96.0,-7.0,2.4477766207732907,-7.5,3.0309612377695205,37.33368742488084,78.09117981562387
39,170,98.0,-7.0,2.4477766207732907,-7.0,2.430412520497804,35.75722096829585,35.75722096829585
40,170,100.0,-7.0,2.4477766207732907,-7.0,2.409789915674383,43.93092180626351,43.93092180626351
41,170,102.0,-7.0,2.4477766207732907,-7.0,2.4162449747482486,47.99367729979216,47.99367729979216
42,170,104.0,-7.0,2.4477766207732907,-7.0,2.439053872648323,50.08394467065772,50.08394467065772
43,170,106.0,-7.0,2.4477766207732907,-7.0,2.461320679990413,50.461762717488895,50.461762717488895
44,170,108.0,-7.0,2.4477766207732907,-7.0,2.4731700724177226,49.521228485006496,49.521228485006496
45,170,110.0,-7.0,2.4477766207732907,-7.0,2.474364732189064,48.8024044087721,48.8024044087721
46,170,112.0,-7.0,2.4477766207732907,-7.0,2.4701999551194267,48.75498213314107,48.75498213314107
47,170,114.0,-7.0,2.4477766207732907,-7.0,2.46568204243054,49.00343178049015,49.00343178049015
48,170,116.0,-7.0,2.4477766207732907,-7.0,2.462888099372086,49.28504628479277,49.28504628479277
49,170,118.0,-7.0,2.4477766207732907,-7.0,2.461695891450512,49.54694320168386,49.54694320168386
50,170,120.0,-7.0,2.4477766207732907,-7.0,2.4613773720253613,49.78856748484564,49.78856748484564
51,170,122.0,-7.0,2.4477766207732907,-7.0,2.461404775095588,50.02209675179156,50.02209675179156
52,170,124.0,-7.0,2.4477766207732907,-7.0,2.461537665193582,50.25329986984825,50.25329986984825
53,170,126.0,-7.0,2.4477766207732907,-7.0,2.461695169300865,50.48400624368668,50.48400624368668
54,170,128.0,-7.0,2.4477766207732907,-7.0,2.461856046488017,50.71433002612162,50.71433002612162
55,170,130.0,-7.0,2.4477766207732907,-7.0,2.4620157961833327,50.94377393848456,50.94377393848456
56,170,132.0,-7.0,2.4477766207732907,-7.0,2.462173619212092,51.17284618787232,51.17284618787232
57,170,134.0,-7.0,2.4477766207732907,-7.0,2.462330731054725,51.39950371585192,51.39950371585192
58,170,136.0,-7.0,2.4477766207732907,-7.0,2.462483035825272,51.62328958225528,51.62328958225528
59,170,138.0,-7.0,2.4477766207732907,-7.0,2.462634575465908,51.84387725664433,51.84387725664433
60,170,140.0,-7.0,2.4477766207732907,-7.0,2.4627839930180717,52.06104011687843,52.06104011687843
61,170,142.0,-7.0,2.4477766207732907,-7.0,2.462931278177471,52.27462824479874,52.27462824479874
62,170,144.0,-7.0,2.4477766207732907,-7.0,2.463076440383749,52.48454773471592,52.48454773471592
63,170,146.0,-7.0,2.4477766207732907,-7.0,2.463219485035906,52.69074429148344,52.69074429148344
64,170,148.0,-7.0,2.4477766207732907,-7.0,2.463360423409868,52.89375354432613,52.89375354432613
65,170,150.0,-7.0,2.4477766207732907,-7.0,2.463499269517844,53.09383217477945,53.09383217477945
66,170,152.0,-7.0,2.4477766207732907,-7.0,2.4636360411183467,53.29038139820872,53.29038139820872
67,170,154.0,-7.0,2.4477766207732907,-7.0,2.463770758015557,53.4834031347024,53.4834031347024
68,170,156.0,-7.0,2.4477766207732907,-7.0,2.463903442203796,53.67290453542434,53.67290453542434
69,170,158.0,-7.0,2.4477766207732907,-7.0,2.464034116883508,53.85889596786936,53.85889596786936
70,170,160.0,-7.0,2.4477766207732907,-7.0,2.464162808073945,54.04138968646439,54.04138968646439
71,170,162.0,-7.0,2.4477766207732907,-7.0,2.4642895412701504,54.220398972275866,54.220398972275866
72,170,164.0,-7.0,2.4477766207732907,-7.0,2.464414344089014,54.39593758785825,54.39593758785825
73,170,166.0,-7.0,2.4477766207732907,-7.0,2.4645372450516367,54.56801943867734,54.56801943867734
74,170,168.0,-7.0,2.4477766207732907,-7.0,2.4646582729643143,54.73665837277522,54.73665837277522
75,170,170.0,-7.0,2.4477766207732907,-7.0,2.464777456226685,54.90186806691707,54.90186806691707
76,170,172.0,-7.0,2.4477766207732907,-7.0,2.4648948252115046,55.06599316925191,55.06599316925191
77,170,174.0,-7.0,2.4477766207732907,-7.0,2.465010409398348,55.22794045259497,55.22794045259497
78,170,176.0,-7.0,2.4477766207732907,-7.0,2.4651242388992958,55.386637391980365,55.386637391980365
79,170,178.0,-7.0,2.4477766207732907,-7.0,2.465236343512247,55.54209100611645,55.54209100611645
80,170,180.0,-7.0,2.4477766207732907,-7.0,2.465346766934273,55.69430837743029,55.69430837743029
0,644,20.0,-7.0,2.4477766207732907,-7.0,2.584461145540202,150.4625848203277,150.4625848203277
1,644,22.0,-7.0,2.4477766207732907,-7.0,2.55496273629366,132.83439680243268,132.83439680243268
2,644,24.0,-7.0,2.4477766207732907,-7.0,2.533481427299111,118.36286417516176,118.36286417516176
3,644,26.0,-7.0,2.4477766207732907,-7.0,2.517714260333007,106.34826100944022,106.34826100944022
4,644,28.0,-7.0,2.4477766207732907,-7.0,2.5059598722761898,96.33036739277048,96.33036739277048
5,644,30.0,-7.0,2.4477766207732907,-7.0,2.497182601359718,88.04831957602481,88.04831957602481
6,644,32.0,-7.0,2.4477766207732907,-7.0,2.49230116002522,81.38711592119317,81.38711592119317
7,644,34.0,-7.0,2.4477766207732907,-7.0,2.493853657321614,76.18031117493037,76.18031117493037
8,644,36.0,-7.0,2.4477766207732907,-7.0,2.4979676306105585,71.63652295865174,71.63652295865174
9,644,38.0,-7.0,2.4477766207732907,-7.0,2.487965154074236,67.10303224001791,67.10303224001791
10,644,40.0,-7.0,2.4477766207732907,-7.0,2.449439247552025,64.60287258023816,64.60287258023816
11,644,42.0,-7.0,2.4477766207732907,-7.0,2.3854558753974264,64.45359065720808,64.45359065720808
12,644,44.0,-7.0,2.4477766207732907,-6.5,1.9045924827134808,86.28452143214338,86.28452143214338
13,644,46.0,-7.0,2.4477766207732907,-6.5,1.9323101944585277,69.61243312270729,69.61243312270729
14,644,48.0,-7.0,2.4477766207732907,-7.0,2.4777260011055606,14.051106018047694,14.051106018047694
15,644,50.0,-7.0,2.4477766207732907,-7.0,2.509984549712244,10.401193577848682,10.401193577848682
16,644,52.0,-7.0,2.4477766207732907,-7.0,2.4409458054757143,6.749619932629596,6.749619932629596
17,644,54.0,-7.0,2.4477766207732907,-7.0,2.4066796213094794,6.41232136712909,6.41232136712909
18,644,56.0,-7.0,2.4477766207732907,-7.0,2.430947567434052,7.789498757462043,7.789498757462043
19,644,58.0,-7.0,2.4477766207732907,-7.0,2.465227762524547,9.746946204793671,9.746946204793671
20,644,60.0,-7.0,2.4477766207732907,-7.0,2.466307229640292,10.957209805658916,10.957209805658916
21,644,62.0,-7.0,2.4477766207732907,-7.0,2.437968438349393,11.8775239011516,11.8775239011516
22,644,64.0,-7.0,2.4477766207732907,-7.0,2.4190341984283865,13.540291881701824,13.540291881701824
23,644,66.0,-7.0,2.4477766207732907,-7.0,2.421124420752653,13.7960806411627,13.7960806411627
24,644,68.0,-7.0,2.4477766207732907,-7.0,2.4336735393346287,12.446784770018386,12.446784770018386
25,644,70.0,-7.0,2.4477766207732907,-7.0,2.4445105995245964,10.885510751344968,10.885510751344968
26,644,72.0,-7.0,2.4477766207732907,-7.0,2.441845499756484,9.51612553174918,9.51612553174918
27,644,74.0,-7.0,2.4477766207732907,-7.0,2.4331043546017725,7.26776445130843,7.26776445130843
28,644,76.0,-7.0,2.4477766207732907,-7.0,2.44385445331797,4.982970904334698,4.982970904334698
29,644,78.0,-7.0,2.4477766207732907,-7.0,2.4640667152220903,4.5905525969713965,4.5905525969713965
30,644,80.0,-7.0,2.4477766207732907,-7.0,2.45267453006271,4.582326990932815,4.582326990932815
31,644,82.0,-7.0,2.4477766207732907,-7.0,2.427693688645046,4.409689074021813,4.409689074021813
32,644,84.0,-7.0,2.4477766207732907,-7.0,2.432790965349352,4.984573236015673,4.984573236015673
33,644,86.0,-7.0,2.4477766207732907,-7.0,2.461385225005159,6.656286178032209,6.656286178032209
34,644,88.0,-7.0,2.4477766207732907,-7.0,2.4658026727476594,7.523653684325623,7.523653684325623
35,644,90.0,-7.0,2.4477766207732907,-7.0,2.44024782824451,8.94269080811091,8.94269080811091
36,644,92.0,-7.0,2.4477766207732907,-7.0,2.4377071527721337,14.797482173596167,14.797482173596167
37,644,94.0,-7.0,2.4477766207732907,-7.0,2.458189988649222,19.780587588599687,19.780587588599687
38,644,96.0,-7.0,2.4477766207732907,-7.0,2.457976939284422,25.574552219716864,25.574552219716864
39,644,98.0,-7.0,2.4477766207732907,-7.0,2.430412520497804,35.75722096829585,35.75722096829585
40,644,100.0,-7.0,2.4477766207732907,-7.0,2.409789915674383,43.93092180626351,43.93092180626351
41,644,102.0,-7.0,2.4477766207732907,-7.0,2.4162449747482486,47.99367729979216,47.99367729979216
42,644,104.0,-7.0,2.4477766207732907,-7.0,2.439053872648323,50.08394467065772,50.08394467065772
43,644,106.0,-7.0,2.4477766207732907,-7.0,2.461320679990413,50.461762717488895,50.461762717488895
44,644,108.0,-7.0,2.4477766207732907,-7.0,2.4731700724177226,49.521228485006496,49.521228485006496
45,644,110.0,-7.0,2.4477766207732907,-7.0,2.474364732189064,48.8024044087721,48.8024044087721
46,644,112.0,-7.0,2.4477766207732907,-7.0,2.4701999551194267,48.75498213314107,48.75498213314107
47,644,114.0,-7.0,2.4477766207732907,-7.0,2.46568204243054,49.00343178049015,49.00343178049015
48,644,116.0,-7.0,2.4477766207732907,-7.0,2.462888099372086,49.28504628479277,49.28504628479277
49,644,118.0,-7.0,2.4477766207732907,-7.0,2.461695891450512,49.54694320168386,49.54694320168386
50,644,120.0,-7.0,2.4477766207732907,-7.0,2.4613773720253613,49.78856748484564,49.78856748484564
51,644,122.0,-7.0,2.4477766207732907,-7.0,2.461404775095588,50.02209675179156,50.02209675179156
52,644,124.0,-7.0,2.4477766207732907,-7.0,2.461537665193582,50.25329986984825,50.25329986984825
53,644,126.0,-7.0,2.4477766207732907,-7.0,2.461695169300865,50.48400624368668,50.48400624368668
54,644,128.0,-7.0,2.4477766207732907,-7.0,2.461856046488017,50.71433002612162,50.71433002612162
55,644,130.0,-7.0,2.4477766207732907,-7.0,2.4620157961833327,50.94377393848456,50.94377393848456
56,644,132.0,-7.0,2.4477766207732907,-7.0,2.462173619212092,51.17284618787232,51.17284618787232
57,644,134.0,-7.0,2.4477766207732907,-7.0,2.462330731054725,51.39950371585192,51.39950371585192
58,644,136.0,-7.0,2.4477766207732907,-7.0,2.462483035825272,51.62328958225528,51.62328958225528
59,644,138.0,-7.0,2.4477766207732907,-7.0,2.462634575465908,51.84387725664433,51.84387725664433
60,644,140.0,-7.0,2.4477766207732907,-7.0,2.4627839930180717,52.06104011687843,52.06104011687843
61,644,142.0,-7.0,2.4477766207732907,-7.0,2.462931278177471,52.27462824479874,52.27462824479874
62,644,144.0,-7.0,2.4477766207732907,-7.0,2.463076440383749,52.48454773471592,52.48454773471592
63,644,146.0,-7.0,2.4477766207732907,-7.0,2.463219485035906,52.69074429148344,52.69074429148344
64,644,148.0,-7.0,2.4477766207732907,-7.0,2.463360423409868,52.89375354432613,52.89375354432613
65,644,150.0,-7.0,2.4477766207732907,-7.0,2.463499269517844,53.09383217477945,53.09383217477945
66,644,152.0,-7.0,2.4477766207732907,-7.0,2.4636360411183467,53.29038139820872,53.29038139820872
67,644,154.0,-7.0,2.4477766207732907,-7.0,2.463770758015557,53.4834031347024,53.4834031347024
68,644,156.0,-7.0,2.4477766207732907,-7.0,2.463903442203796,53.67290453542434,53.67290453542434
69,644,158.0,-7.0,2.4477766207732907,-7.0,2.464034116883508,53.85889596786936,53.85889596786936
70,644,160.0,-7.0,2.4477766207732907,-7.0,2.464162808073945,54.04138968646439,54.04138968646439
71,644,162.0,-7.0,2.4477766207732907,-7.0,2.4642895412701504,54.220398972275866,54.220398972275866
72,644,164.0,-7.0,2.4477766207732907,-7.0,2.464414344089014,54.39593758785825,54.39593758785825
73,644,166.0,-7.0,2.4477766207732907,-7.0,2.4645372450516367,54.56801943867734,54.56801943867734
74,644,168.0,-7.0,2.4477766207732907,-7.0,2.4646582729643143,54.73665837277522,54.73665837277522
75,644,170.0,-7.0,2.4477766207732907,-7.0,2.464777456226685,54.90186806691707,54.90186806691707
76,644,172.0,-7.0,2.4477766207732907,-7.0,2.4648948252115046,55.06599316925191,55.06599316925191
77,644,174.0,-7.0,2.4477766207732907,-7.0,2.465010409398348,55.22794045259497,55.22794045259497
78,644,176.0,-7.0,2.4477766207732907,-7.0,2.4651242388992958,55.386637391980365,55.386637391980365
79,644,178.0,-7.0,2.4477766207732907,-7.0,2.465236343512247,55.54209100611645,55.54209100611645
80,644,180.0,-7.0,2.4477766207732907,-7.0,2.465346766934273,55.69430837743029,55.69430837743029
0,429,20.0,-7.0,2.4477766207732907,-7.0,2.584461145540202,150.4625848203277,150.4625848203277
1,429,22.0,-7.0,2.4477766207732907,-7.0,2.55496273629366,132.83439680243268,132.83439680243268
2,429,24.0,-7.0,2.4477766207732907,-7.0,2.533481427299111,118.36286417516176,118.36286417516176
3,429,26.0,-7.0,2.4477766207732907,-7.0,2.517714260333007,106.34826100944022,106.34826100944022
4,429,28.0,-7.0,2.4477766207732907,-7.0,2.5059598722761898,96.33036739277048,96.33036739277048
5,429,30.0,-7.0,2.4477766207732907,-7.0,2.497182601359718,88.04831957602481,88.04831957602481
6,429,32.0,-7.0,2.4477766207732907,-7.0,2.49230116002522,81.38711592119317,81.38711592119317
7,429,34.0,-7.0,2.4477766207732907,-7.0,2.493853657321614,76.18031117493037,76.18031117493037
8,429,36.0,-7.0,2.4477766207732907,-7.0,2.4979676306105585,71.63652295865174,71.63652295865174
9,429,38.0,-7.0,2.4477766207732907,-7.0,2.487965154074236,67.10303224001791,67.10303224001791
10,429,40.0,-7.0,2.4477766207732907,-7.0,2.449439247552025,64.60287258023816,64.60287258023816
11,429,42.0,-7.0,2.4477766207732907,-7.0,2.3854558753974264,64.45359065720808,64.45359065720808
12,429,44.0,-7.0,2.4477766207732907,-6.5,1.9045924827134808,86.28452143214338,86.28452143214338
13,429,46.0,-7.0,2.4477766207732907,-6.5,1.9323101944585277,69.61243312270729,69.61243312270729
14,429,48.0,-7.0,2.4477766207732907,-7.0,2.4777260011055606,14.051106018047694,14.051106018047694
15,429,50.0,-7.0,2.4477766207732907,-7.0,2.509984549712244,10.401193577848682,10.401193577848682
16,429,52.0,-7.0,2.4477766207732907,-7.0,2.4409458054757143,6.749619932629596,6.749619932629596
17,429,54.0,-7.0,2.4477766207732907,-6.5,1.957716806682279,53.0945440482453,53.0945440482453
18,429,56.0,-7.0,2.4477766207732907,-7.0,2.430947567434052,7.789498757462043,7.789498757462043
19,429,58.0,-7.0,2.4477766207732907,-7.0,2.465227762524547,9.746946204793671,9.746946204793671
20,429,60.0,-7.0,2.4477766207732907,-7.0,2.466307229640292,10.957209805658916,10.957209805658916
21,429,62.0,-7.0,2.4477766207732907,-7.0,2.437968438349393,11.8775239011516,11.8775239011516
22,429,64.0,-7.0,2.4477766207732907,-7.0,2.4190341984283865,13.540291881701824,13.540291881701824
23,429,66.0,-7.0,2.4477766207732907,-7.0,2.421124420752653,13.7960806411627,13.7960806411627
24,429,68.0,-7.0,2.4477766207732907,-7.0,2.4336735393346287,12.446784770018386,12.446784770018386
25,429,70.0,-7.0,2.4477766207732907,-7.0,2.4445105995245964,10.885510751344968,10.885510751344968
26,429,72.0,-7.0,2.4477766207732907,-7.0,2.441845499756484,9.51612553174918,9.51612553174918
27,429,74.0,-7.0,2.4477766207732907,-7.0,2.4331043546017725,7.26776445130843,7.26776445130843
28,429,76.0,-7.0,2.4477766207732907,-7.0,2.44385445331797,4.982970904334698,4.982970904334698
29,429,78.0,-7.0,2.4477766207732907,-7.0,2.4640667152220903,4.5905525969713965,4.5905525969713965
30,429,80.0,-7.0,2.4477766207732907,-7.0,2.45267453006271,4.582326990932815,4.582326990932815
31,429,82.0,-7.0,2.4477766207732907,-7.0,2.427693688645046,4.409689074021813,4.409689074021813
32,429,84.0,-7.0,2.4477766207732907,-7.0,2.432790965349352,4.984573236015673,4.984573236015673
33,429,86.0,-7.0,2.4477766207732907,-7.0,2.461385225005159,6.656286178032209,6.656286178032209
34,429,88.0,-7.0,2.4477766207732907,-7.0,2.4658026727476594,7.523653684325623,7.523653684325623
35,429,90.0,-7.0,2.4477766207732907,-7.0,2.44024782824451,8.94269080811091,8.94269080811091
36,429,92.0,-7.0,2.4477766207732907,-7.0,2.4377071527721337,14.797482173596167,14.797482173596167
37,429,94.0,-7.0,2.4477766207732907,-7.0,2.458189988649222,19.780587588599687,19.780587588599687
38,429,96.0,-7.0,2.4477766207732907,-7.0,2.457976939284422,25.574552219716864,25.574552219716864
39,429,98.0,-7.0,2.4477766207732907,-7.0,2.430412520497804,35.75722096829585,35.75722096829585
40,429,100.0,-7.0,2.4477766207732907,-6.5,1.9632886420280775,79.85393648509023,79.85393648509023
41,429,102.0,-7.0,2.4477766207732907,-6.5,1.966963754357541,82.79504027350875,82.79504027350875
42,429,104.0,-7.0,2.4477766207732907,-7.0,2.439053872648323,50.08394467065772,50.08394467065772
43,429,106.0,-7.0,2.4477766207732907,-7.0,2.461320679990413,50.461762717488895,50.461762717488895
44,429,108.0,-7.0,2.4477766207732907,-7.0,2.4731700724177226,49.521228485006496,49.521228485006496
45,429,110.0,-7.0,2.4477766207732907,-7.0,2.474364732189064,48.8024044087721,48.8024044087721
46,429,112.0,-7.0,2.4477766207732907,-7.0,2.4701999551194267,48.75498213314107,48.75498213314107
47,429,114.0,-7.0,2.4477766207732907,-7.0,2.46568204243054,49.00343178049015,49.00343178049015
48,429,116.0,-7.0,2.4477766207732907,-7.0,2.462888099372086,49.28504628479277,49.28504628479277
49,429,118.0,-7.0,2.4477766207732907,-7.0,2.461695891450512,49.54694320168386,49.54694320168386
50,429,120.0,-7.0,2.4477766207732907,-7.0,2.4613773720253613,49.78856748484564,49.78856748484564
51,429,122.0,-7.0,2.4477766207732907,-7.0,2.461404775095588,50.02209675179156,50.02209675179156
52,429,124.0,-7.0,2.4477766207732907,-7.0,2.461537665193582,50.25329986984825,50.25329986984825
53,429,126.0,-7.0,2.4477766207732907,-7.0,2.461695169300865,50.48400624368668,50.48400624368668
54,429,128.0,-7.0,2.4477766207732907,-7.0,2.461856046488017,50.71433002612162,50.71433002612162
55,429,130.0,-7.0,2.4477766207732907,-7.0,2.4620157961833327,50.94377393848456,50.94377393848456
56,429,132.0,-7.0,2.4477766207732907,-7.0,2.462173619212092,51.17284618787232,51.17284618787232
57,429,134.0,-7.0,2.4477766207732907,-7.0,2.462330731054725,51.39950371585192,51.39950371585192
58,429,136.0,-7.0,2.4477766207732907,-7.0,2.462483035825272,51.62328958225528,51.62328958225528
59,429,138.0,-7.0,2.4477766207732907,-7.0,2.462634575465908,51.84387725664433,51.84387725664433
60,429,140.0,-7.0,2.4477766207732907,-7.0,2.4627839930180717,52.06104011687843,52.06104011687843
61,429,142.0,-7.0,2.4477766207732907,-7.0,2.462931278177471,52.27462824479874,52.27462824479874
62,429,144.0,-7.0,2.4477766207732907,-7.0,2.463076440383749,52.48454773471592,52.48454773471592
63,429,146.0,-7.0,2.4477766207732907,-7.0,2.463219485035906,52.69074429148344,52.69074429148344
64,429,148.0,-7.0,2.4477766207732907,-7.0,2.463360423409868,52.89375354432613,52.89375354432613
65,429,150.0,-7.0,2.4477766207732907,-7.0,2.463499269517844,53.09383217477945,53.09383217477945
66,429,152.0,-7.0,2.4477766207732907,-7.0,2.4636360411183467,53.29038139820872,53.29038139820872
67,429,154.0,-7.0,2.4477766207732907,-7.0,2.463770758015557,53.4834031347024,53.4834031347024
68,429,156.0,-7.0,2.4477766207732907,-7.0,2.463903442203796,53.67290453542434,53.67290453542434
69,429,158.0,-7.0,2.4477766207732907,-7.0,2.464034116883508,53.85889596786936,53.85889596786936
70,429,160.0,-7.0,2.4477766207732907,-7.0,2.464162808073945,54.04138968646439,54.04138968646439
71,429,162.0,-7.0,2.4477766207732907,-7.0,2.4642895412701504,54.220398972275866,54.220398972275866
72,429,164.0,-7.0,2.4477766207732907,-7.0,2.464414344089014,54.39593758785825,54.39593758785825
73,429,166.0,-7.0,2.4477766207732907,-7.0,2.4645372450516367,54.56801943867734,54.56801943867734
74,429,168.0,-7.0,2.4477766207732907,-7.0,2.4646582729643143,54.73665837277522,54.73665837277522
75,429,170.0,-7.0,2.4477766207732907,-7.0,2.464777456226685,54.90186806691707,54.90186806691707
76,429,172.0,-7.0,2.4477766207732907,-7.0,2.4648948252115046,55.06599316925191,55.06599316925191
77,429,174.0,-7.0,2.4477766207732907,-7.0,2.465010409398348,55.22794045259497,55.22794045259497
78,429,176.0,-7.0,2.4477766207732907,-7.0,2.4651242388992958,55.386637391980365,55.386637391980365
79,429,178.0,-7.0,2.4477766207732907,-7.0,2.465236343512247,55.54209100611645,55.54209100611645
80,429,180.0,-7.0,2.4477766207732907,-7.0,2.465346766934273,55.69430837743029,55.69430837743029
0,948,20.0,-6.5,1.9840540179785384,-6.5,2.0517634762918138,95.7644088615283,95.7644088615283
1,948,22.0,-6.5,1.9840540179785384,-6.5,2.0366518173587185,84.45151978532404,84.45151978532404
2,948,24.0,-6.5,1.9840540179785384,-6.5,2.025736850816632,75.15019019978189,75.15019019978189
3,948,26.0,-6.5,1.9840540179785384,-6.5,2.017912060373805,67.40952419323122,67.40952419323122
4,948,28.0,-6.5,1.9840540179785384,-6.5,2.0125178444151857,60.916702297253735,60.916702297253735
5,948,30.0,-6.5,1.9840540179785384,-6.5,2.009315354132912,55.469909800652125,55.469909800652125
6,948,32.0,-6.5,1.9840540179785384,-6.5,2.0087317412115357,50.97214900194453,50.97214900194453
7,948,34.0,-6.5,1.9840540179785384,-6.5,2.0110323558460754,47.40033703609247,47.40033703609247
8,948,36.0,-6.5,1.9840540179785384,-6.5,2.012472806437721,44.62777800407637,44.62777800407637
9,948,38.0,-6.5,1.9840540179785384,-6.5,2.003275692643516,42.58687169302655,42.58687169302655
10,948,40.0,-6.5,1.9840540179785384,-6.5,1.9757697590841208,41.872008509164615,41.872008509164615
11,948,42.0,-6.5,1.9840540179785384,-6.5,1.9343667621369045,41.6981002371185,41.6981002371185
12,948,44.0,-6.5,1.9840540179785384,-6.5,1.9045924827134808,36.74447845835083,36.74447845835083
13,948,46.0,-6.5,1.9840540179785384,-6.5,1.9323101944585277,22.94594908296509,22.94594908296509
14,948,48.0,-6.5,1.9840540179785384,-6.5,2.006804385018545,11.53349375940372,11.53349375940372
15,948,50.0,-6.5,1.9840540179785384,-6.5,2.029740983984267,9.000391835560686,9.000391835560686
16,948,52.0,-6.5,1.9840540179785384,-6.5,1.9865788762222625,6.229887738259911,6.229887738259911
17,948,54.0,-6.5,1.9840540179785384,-6.5,1.957716806682279,5.648262612620376,5.648262612620376
18,948,56.0,-6.5,1.9840540179785384,-6.5,1.9681336426108529,6.678293720947091,6.678293720947091
19,948,58.0,-6.5,1.9840540179785384,-6.5,1.9906265547566315,8.22607996491482,8.22607996491482
20,948,60.0,-6.5,1.9840540179785384,-6.5,1.995810330294103,9.270235476388036,9.270235476388036
21,948,62.0,-6.5,1.9840540179785384,-6.5,1.9798116873822331,9.982174311474653,9.982174311474653
22,948,64.0,-6.5,1.9840540179785384,-6.5,1.9646490366521208,11.076068782838387,11.076068782838387
23,948,66.0,-6.5,1.9840540179785384,-6.5,1.9626869158063975,11.21538078566585,11.21538078566585
24,948,68.0,-6.5,1.9840540179785384,-6.5,1.969052151831601,10.2439645570006,10.2439645570006
25,948,70.0,-6.5,1.9840540179785384,-6.5,1.9748934026573748,9.131037212317256,9.131037212317256
26,948,72.0,-6.5,1.9840540179785384,-6.5,1.974723107998916,8.042634238435568,8.042634238435568
27,948,74.0,-6.5,1.9840540179785384,-6.5,1.974335259557,6.269915811728604,6.269915811728604
28,948,76.0,-6.5,1.9840540179785384,-6.5,1.9849536562696493,4.508084856385322,4.508084856385322
29,948,78.0,-6.5,1.9840540179785384,-6.5,1.9960920235300248,4.159791687349388,4.159791687349388
30,948,80.0,-6.5,1.9840540179785384,-6.5,1.986589062245052,4.083081686421064,4.083081686421064
31,948,82.0,-6.5,1.9840540179785384,-6.5,1.9705901621843431,3.928348100462098,3.928348100462098
32,948,84.0,-6.5,1.9840540179785384,-6.5,1.9735949683465912,4.503738480666193,4.503738480666193
33,948,86.0,-6.5,1.9840540179785384,-6.5,1.9914539183349709,5.88873754974136,5.88873754974136
34,948,88.0,-6.5,1.9840540179785384,-6.5,1.996951189082449,6.638729749819596,6.638729749819596
35,948,90.0,-6.5,1.9840540179785384,-6.5,1.983605356635323,7.847053248235873,7.847053248235873
36,948,92.0,-6.5,1.9840540179785384,-6.5,1.977856917437868,12.069191263264202,12.069191263264202
37,948,94.0,-6.5,1.9840540179785384,-6.5,1.9841837377562712,15.679405553465436,15.679405553465436
38,948,96.0,-6.5,1.9840540179785384,-6.5,1.9837431033380928,19.02907523738354,19.02907523738354
39,948,98.0,-6.5,1.9840540179785384,-6.5,1.9721289891575888,24.08916445287074,24.08916445287074
40,948,100.0,-6.5,1.9840540179785384,-6.5,1.9632886420280775,28.187144039530008,28.187144039530008
41,948,102.0,-6.5,1.9840540179785384,-6.5,1.966963754357541,30.17573199157632,30.17573199157632
42,948,104.0,-6.5,1.9840540179785384,-6.5,1.9790702058517955,30.88447604169721,30.88447604169721
43,948,106.0,-6.5,1.9840540179785384,-6.5,1.990689514175444,30.71857953703164,30.71857953703164
44,948,108.0,-6.5,1.9840540179785384,-6.5,1.99641751451112,30.18198514037737,30.18198514037737
45,948,110.0,-6.5,1.9840540179785384,-6.5,1.996442337988152,29.89645431102656,29.89645431102656
46,948,112.0,-6.5,1.9840540179785384,-6.5,1.993866444332999,29.929499147188007,29.929499147188007
47,948,114.0,-6.5,1.9840540179785384,-6.5,1.9913475944608785,30.088421513392746,30.088421513392746
48,948,116.0,-6.5,1.9840540179785384,-6.5,1.989853058910782,30.25943597297041,30.25943597297041
49,948,118.0,-6.5,1.9840540179785384,-6.5,1.989229592271972,30.42310499030808,30.42310499030808
50,948,120.0,-6.5,1.9840540179785384,-6.5,1.9890651223745288,30.578924182892845,30.578924182892845
51,948,122.0,-6.5,1.9840540179785384,-6.5,1.989078762763328,30.73216631535718,30.73216631535718
52,948,124.0,-6.5,1.9840540179785384,-6.5,1.9891459628990944,30.88510244081578,30.88510244081578
53,948,126.0,-6.5,1.9840540179785384,-6.5,1.9892255210956584,31.038208720113264,31.038208720113264
54,948,128.0,-6.5,1.9840540179785384,-6.5,1.9893067444622297,31.19122551943644,31.19122551943644
55,948,130.0,-6.5,1.9840540179785384,-6.5,1.989387391066724,31.34407018535944,31.34407018535944
56,948,132.0,-6.5,1.9840540179785384,-6.5,1.9894670649389263,31.496361563099672,31.496361563099672
57,948,134.0,-6.5,1.9840540179785384,-6.5,1.989545698188231,31.64699872144765,31.64699872144765
58,948,136.0,-6.5,1.9840540179785384,-6.5,1.9896232728696377,31.79568569193029,31.79568569193029
59,948,138.0,-6.5,1.9840540179785384,-6.5,1.989699780581376,31.94221090956593,31.94221090956593
60,948,140.0,-6.5,1.9840540179785384,-6.5,1.9897752169921468,32.0864306142971,32.0864306142971
61,948,142.0,-6.5,1.9840540179785384,-6.5,1.9898495807844845,32.228252082874256,32.228252082874256
62,948,144.0,-6.5,1.9840540179785384,-6.5,1.9899228733275975,32.36761949840832,32.36761949840832
63,948,146.0,-6.5,1.9840540179785384,-6.5,1.98999509821594,32.50450297342299,32.50450297342299
64,948,148.0,-6.5,1.9840540179785384,-6.5,1.990066261042299,32.638890394249486,32.638890394249486
65,948,150.0,-6.5,1.9840540179785384,-6.5,1.9901363690648044,32.77078153409979,32.77078153409979
66,948,152.0,-6.5,1.9840540179785384,-6.5,1.990205431008512,32.90044831036937,32.90044831036937
67,948,154.0,-6.5,1.9840540179785384,-6.5,1.9902734568335472,33.02839501547592,33.02839501547592
68,948,156.0,-6.5,1.9840540179785384,-6.5,1.990340457524316,33.154012549646694,33.154012549646694
69,948,158.0,-6.5,1.9840540179785384,-6.5,1.9904064450112544,33.27731235497713,33.27731235497713
70,948,160.0,-6.5,1.9840540179785384,-6.5,1.9904714319134107,33.39830688353106,33.39830688353106
71,948,162.0,-6.5,1.9840540179785384,-6.5,1.9905354314898005,33.51700904114064,33.51700904114064
72,948,164.0,-6.5,1.9840540179785384,-6.5,1.9905984575052131,33.633431841910095,33.633431841910095
73,948,166.0,-6.5,1.9840540179785384,-6.5,1.990660524090072,33.74758819500813,33.74758819500813
74,948,168.0,-6.5,1.9840540179785384,-6.5,1.990721645754272,33.85949078440406,33.85949078440406
75,948,170.0,-6.5,1.9840540179785384,-6.5,1.990781837207672,33.96915200355569,33.96915200355569
76,948,172.0,-6.5,1.9840540179785384,-6.5,1.9908411133422976,34.07658390091959,34.07658390091959
77,948,174.0,-6.5,1.9840540179785384,-6.5,1.9908994891636345,34.182587968341394,34.182587968341394
78,948,176.0,-6.5,1.9840540179785384,-6.5,1.9909569797382471,34.28780238491977,34.28780238491977
79,948,178.0,-6.5,1.9840540179785384,-6.5,1.9910136001606649,34.390907138097944,34.390907138097944
80,948,180.0,-6.5,1.9840540179785384,-6.5,1.991069365499892,34.49190964329004,34.49190964329004
0,111,20.0,-7.5,3.0023917214998237,-7.5,3.2630850052113947,230.4832250729791,230.4832250729791
1,111,22.0,-7.5,3.0023917214998237,-7.5,3.208762816308891,203.86627054641792,203.86627054641792
2,111,24.0,-7.5,3.0023917214998237,-7.5,3.1688757230452627,182.07412299947268,182.07412299947268
3,111,26.0,-7.5,3.0023917214998237,-7.5,3.138953990187048,164.08339474036293,164.08339474036293
4,111,28.0,-7.5,3.0023917214998237,-7.5,3.1150519824612544,149.27880680772623,149.27880680772623
5,111,30.0,-7.5,3.0023917214998237,-7.5,3.094058093433898,137.4276529007758,137.4276529007758
6,111,32.0,-7.5,3.0023917214998237,-7.5,3.077802781989329,128.51824955998333,128.51824955998333
7,111,34.0,-7.5,3.0023917214998237,-7.5,3.0751163538788533,121.81368775174118,121.81368775174118
8,111,36.0,-7.5,3.0023917214998237,-8.0,3.8258542611810618,160.8676600622826,160.8676600622826
9,111,38.0,-7.5,3.0023917214998237,-8.0,3.8301241552654273,130.26609472474024,130.26609472474024
10,111,40.0,-7.5,3.0023917214998237,-7.5,3.028029738409221,95.07860306809624,95.07860306809624
11,111,42.0,-7.5,3.0023917214998237,-7.5,2.935990928349666,94.30174215044892,94.30174215044892
12,111,44.0,-7.5,3.0023917214998237,-7.0,2.329114076292781,115.24976157642902,115.24976157642902
13,111,46.0,-7.5,3.0023917214998237,-7.5,2.8649338760136853,47.924984437124536,47.924984437124536
14,111,48.0,-7.5,3.0023917214998237,-8.0,3.739102655639692,37.686387843702505,91.45031252348986
15,111,50.0,-7.5,3.0023917214998237,-7.5,3.083539376254953,11.437898011571374,11.437898011571374
16,111,52.0,-7.5,3.0023917214998237,-7.5,2.980303534804902,7.181220942739158,7.181220942739158
17,111,54.0,-7.5,3.0023917214998237,-7.5,2.944805851641493,7.248302408308759,7.248302408308759
18,111,56.0,-7.5,3.0023917214998237,-7.5,2.988737158647599,8.90401605213668,8.90401605213668
19,111,58.0,-7.5,3.0023917214998237,-8.0,3.743050812867937,26.363267196397963,91.28972350805816
20,111,60.0,-7.5,3.0023917214998237,-7.5,3.0246446714209627,12.407395785504704,12.407395785504704
21,111,62.0,-7.5,3.0023917214998237,-7.5,2.983534182303837,13.546932309166094,13.546932309166094
22,111,64.0,-7.5,3.0023917214998237,-7.5,2.9659620760230547,15.94694107993302,15.94694107993302
23,111,66.0,-7.5,3.0023917214998237,-7.5,2.972489360672,16.410228185850563,16.410228185850563
24,111,68.0,-7.5,3.0023917214998237,-7.5,2.989451102310793,14.604154407036924,14.604154407036924
25,111,70.0,-7.5,3.0023917214998237,-7.5,3.007392397353012,12.484303470653115,12.484303470653115
26,111,72.0,-7.5,3.0023917214998237,-7.5,3.0033417277923125,10.842045191583209,10.842045191583209
27,111,74.0,-7.5,3.0023917214998237,-7.5,2.9815046781465813,8.130334642193692,8.130334642193692
28,111,76.0,-7.5,3.0023917214998237,-7.5,2.989939915670937,5.351769621021184,5.351769621021184
29,111,78.0,-7.5,3.0023917214998237,-7.5,3.024999775687967,4.955486942696105,4.955486942696105
30,111,80.0,-7.5,3.0023917214998237,-7.5,3.011955439539914,5.045607553014268,5.045607553014268
31,111,82.0,-7.5,3.0023917214998237,-7.5,2.9717587078723957,4.863434093278412,4.863434093278412
32,111,84.0,-7.5,3.0023917214998237,-7.5,2.9797623880469644,5.394078469111433,5.394078469111433
33,111,86.0,-7.5,3.0023917214998237,-7.5,3.02638793937456,7.341987957267658,7.341987957267658
34,111,88.0,-7.5,3.0023917214998237,-7.5,3.0276553240116137,8.356710462143097,8.356710462143097
35,111,90.0,-7.5,3.0023917214998237,-7.5,2.9806021178418325,9.874291326771116,9.874291326771116
36,111,92.0,-7.5,3.0023917214998237,-7.5,2.9861357762722327,17.293912973378674,17.293912973378674
37,111,94.0,-7.5,3.0023917214998237,-7.5,3.033186403065292,23.56700223780032,23.56700223780032
38,111,96.0,-7.5,3.0023917214998237,-8.0,3.749556940726401,27.317580796097364,105.27938057183836
39,111,98.0,-7.5,3.0023917214998237,-7.5,2.97085838130734,52.06953786407931,52.06953786407931
40,111,100.0,-7.5,3.0023917214998237,-7.5,2.9308889920615013,67.11473823844162,67.11473823844162
41,111,102.0,-7.5,3.0023917214998237,-7.5,2.946577804419197,74.47801108628231,74.47801108628231
42,111,104.0,-7.5,3.0023917214998237,-7.5,2.988971504392002,79.77247007939216,79.77247007939216
43,111,106.0,-7.5,3.0023917214998237,-7.5,3.029055000134602,82.47032823742029,82.47032823742029
44,111,108.0,-7.5,3.0023917214998237,-7.5,3.0514144451854164,81.25700775802882,81.25700775802882
45,111,110.0,-7.5,3.0023917214998237,-7.5,3.0554746104644748,79.55326826459562,79.55326826459562
46,111,112.0,-7.5,3.0023917214998237,-7.5,3.049555806802805,79.16604870213952,79.16604870213952
47,111,114.0,-7.5,3.0023917214998237,-7.5,3.0421311060492475,79.48255142809481,79.48255142809481
48,111,116.0,-7.5,3.0023917214998237,-7.5,3.037266604227927,79.92297109586552,79.92297109586552
49,111,118.0,-7.5,3.0023917214998237,-7.5,3.0351198729314226,80.31497293393637,80.31497293393637
50,111,120.0,-7.5,3.0023917214998237,-7.5,3.0345334157639905,80.6746096539094,80.6746096539094
51,111,122.0,-7.5,3.0023917214998237,-7.5,3.034583563786753,81.01583765527896,81.01583765527896
52,111,124.0,-7.5,3.0023917214998237,-7.5,3.034832099491776,81.34983644567522,81.34983644567522
53,111,126.0,-7.5,3.0023917214998237,-7.5,3.03512777138893,81.68139102628501,81.68139102628501
54,111,128.0,-7.5,3.0023917214998237,-7.5,3.03543009197987,82.01166828220215,82.01166828220215
55,111,130.0,-7.5,3.0023917214998237,-7.5,3.035730351435572,82.34040048745702,82.34040048745702
56,111,132.0,-7.5,3.0023917214998237,-7.5,3.036026991056317,82.6668549012722,82.6668549012722
57,111,134.0,-7.5,3.0023917214998237,-7.5,3.0363197406374565,82.99025482321473,82.99025482321473
58,111,136.0,-7.5,3.0023917214998237,-7.5,3.0366085336870734,83.30994101953317,83.30994101953317
59,111,138.0,-7.5,3.0023917214998237,-7.5,3.0368933386463794,83.62540903787095,83.62540903787095
60,111,140.0,-7.5,3.0023917214998237,-7.5,3.037174140637568,83.9362950237452,83.9362950237452
61,111,142.0,-7.5,3.0023917214998237,-7.5,3.0374509337028237,84.24234660802352,84.24234660802352
62,111,144.0,-7.5,3.0023917214998237,-7.5,3.0377237264679167,84.54339423429454,84.54339423429454
63,111,146.0,-7.5,3.0023917214998237,-7.5,3.0379925300483746,84.83932762220782,84.83932762220782
64,111,148.0,-7.5,3.0023917214998237,-7.5,3.038257367954484,85.13007791879878,85.13007791879878
65,111,150.0,-7.5,3.0023917214998237,-7.5,3.038518266250928,85.41560466813611,85.41560466813611
66,111,152.0,-7.5,3.0023917214998237,-7.5,3.0387752589223043,85.69588656981443,85.69588656981443
67,111,154.0,-7.5,3.0023917214998237,-7.5,3.039028383876923,85.97091501566896,85.97091501566896
68,111,156.0,-7.5,3.0023917214998237,-7.5,3.0392776823286902,86.24068968666758,86.24068968666758
69,111,158.0,-7.5,3.0023917214998237,-7.5,3.0395231984468167,86.5070059960797,86.5070059960797
70,111,160.0,-7.5,3.0023917214998237,-7.5,3.039765215584786,86.77061147685694,86.77061147685694
71,111,162.0,-7.5,3.0023917214998237,-7.5,3.0400030780271656,87.02926724331215,87.02926724331215
72,111,164.0,-7.5,3.0023917214998237,-7.5,3.040237543476524,87.282973403472,87.282973403472
73,111,166.0,-7.5,3.0023917214998237,-7.5,3.0404684281818235,87.53173123478017,87.53173123478017
74,111,168.0,-7.5,3.0023917214998237,-7.5,3.040695789141788,87.7755428474699,87.7755428474699
75,111,170.0,-7.5,3.0023917214998237,-7.5,3.040919679120903,88.01441096565952,88.01441096565952
76,111,172.0,-7.5,3.0023917214998237,-7.5,3.0411401552364468,88.24833878981198,88.24833878981198
77,111,174.0,-7.5,3.0023917214998237,-7.5,3.0413572736121326,88.47732985359713,88.47732985359713
78,111,176.0,-7.5,3.0023917214998237,-7.5,3.041571090038096,88.70571984941886,88.70571984941886
79,111,178.0,-7.5,3.0023917214998237,-7.5,3.0417816618469757,88.93132920680014,88.93132920680014
80,111,180.0,-7.5,3.0023917214998237,-7.5,3.0419890451828984,89.15221171749664,89.15221171749664
0,362,20.0,-7.0,2.4477766207732907,-7.0,2.584461145540202,150.4625848203277,150.4625848203277
1,362,22.0,-7.0,2.4477766207732907,-7.0,2.55496273629366,132.83439680243268,132.83439680243268
2,362,24.0,-7.0,2.4477766207732907,-7.0,2.533481427299111,118.36286417516176,118.36286417516176
3,362,26.0,-7.0,2.4477766207732907,-7.0,2.517714260333007,106.34826100944022,106.34826100944022
4,362,28.0,-7.0,2.4477766207732907,-7.0,2.5059598722761898,96.33036739277048,96.33036739277048
5,362,30.0,-7.0,2.4477766207732907,-7.0,2.497182601359718,88.04831957602481,88.04831957602481
6,362,32.0,-7.0,2.4477766207732907,-7.0,2.49230116002522,81.38711592119317,81.38711592119317
7,362,34.0,-7.0,2.4477766207732907,-7.0,2.493853657321614,76.18031117493037,76.18031117493037
8,362,36.0,-7.0,2.4477766207732907,-7.0,2.4979676306105585,71.63652295865174,71.63652295865174
9,362,38.0,-7.0,2.4477766207732907,-7.0,2.487965154074236,67.10303224001791,67.10303224001791
10,362,40.0,-7.0,2.4477766207732907,-7.0,2.449439247552025,64.60287258023816,64.60287258023816
11,362,42.0,-7.0,2.4477766207732907,-7.0,2.3854558753974264,64.45359065720808,64.45359065720808
12,362,44.0,-7.0,2.4477766207732907,-7.0,2.329114076292781,57.152768060560746,57.152768060560746
13,362,46.0,-7.0,2.4477766207732907,-7.0,2.360789357579082,33.675931367596085,33.675931367596085
14,362,48.0,-7.0,2.4477766207732907,-7.0,2.4777260011055606,14.051106018047694,14.051106018047694
15,362,50.0,-7.0,2.4477766207732907,-7.0,2.509984549712244,10.401193577848682,10.401193577848682
16,362,52.0,-7.0,2.4477766207732907,-7.0,2.4409458054757143,6.749619932629596,6.749619932629596
17,362,54.0,-7.0,2.4477766207732907,-7.0,2.4066796213094794,6.41232136712909,6.41232136712909
18,362,56.0,-7.0,2.4477766207732907,-7.0,2.430947567434052,7.789498757462043,7.789498757462043
19,362,58.0,-7.0,2.4477766207732907,-7.0,2.465227762524547,9.746946204793671,9.746946204793671
20,362,60.0,-7.0,2.4477766207732907,-7.0,2.466307229640292,10.957209805658916,10.957209805658916
21,362,62.0,-7.0,2.4477766207732907,-7.0,2.437968438349393,11.8775239011516,11.8775239011516
22,362,64.0,-7.0,2.4477766207732907,-7.0,2.4190341984283865,13.540291881701824,13.540291881701824
23,362,66.0,-7.0,2.4477766207732907,-7.0,2.421124420752653,13.7960806411627,13.7960806411627
24,362,68.0,-7.0,2.4477766207732907,-7.0,2.4336735393346287,12.446784770018386,12.446784770018386
25,362,70.0,-7.0,2.4477766207732907,-7.0,2.4445105995245964,10.885510751344968,10.885510751344968
26,362,72.0,-7.0,2.4477766207732907,-7.0,2.441845499756484,9.51612553174918,9.51612553174918
27,362,74.0,-7.0,2.4477766207732907,-7.0,2.4331043546017725,7.26776445130843,7.26776445130843
28,362,76.0,-7.0,2.4477766207732907,-7.0,2.44385445331797,4.982970904334698,4.982970904334698
29,362,78.0,-7.0,2.4477766207732907,-7.0,2.4640667152220903,4.5905525969713965,4.5905525969713965
30,362,80.0,-7.0,2.4477766207732907,-7.0,2.45267453006271,4.582326990932815,4.582326990932815
31,362,82.0,-7.0,2.4477766207732907,-7.0,2.427693688645046,4.409689074021813,4.409689074021813
32,362,84.0,-7.0,2.4477766207732907,-7.0,2.432790965349352,4.984573236015673,4.984573236015673
33,362,86.0,-7.0,2.4477766207732907,-7.0,2.461385225005159,6.656286178032209,6.656286178032209
34,362,88.0,-7.0,2.4477766207732907,-7.0,2.4658026727476594,7.523653684325623,7.523653684325623
35,362,90.0,-7.0,2.4477766207732907,-7.0,2.44024782824451,8.94269080811091,8.94269080811091
36,362,92.0,-7.0,2.4477766207732907,-7.0,2.4377071527721337,14.797482173596167,14.797482173596167
37,362,94.0,-7.0,2.4477766207732907,-7.0,2.458189988649222,19.780587588599687,19.780587588599687
38,362,96.0,-7.0,2.4477766207732907,-7.0,2.457976939284422,25.574552219716864,25.574552219716864
39,362,98.0,-7.0,2.4477766207732907,-7.0,2.430412520497804,35.75722096829585,35.75722096829585
40,362,100.0,-7.0,2.4477766207732907,-7.0,2.409789915674383,43.93092180626351,43.93092180626351
41,362,102.0,-7.0,2.4477766207732907,-7.0,2.4162449747482486,47.99367729979216,47.99367729979216
42,362,104.0,-7.0,2.4477766207732907,-7.0,2.439053872648323,50.08394467065772,50.08394467065772
43,362,106.0,-7.0,2.4477766207732907,-7.0,2.461320679990413,50.461762717488895,50.461762717488895
44,362,108.0,-7.0,2.4477766207732907,-7.0,2.4731700724177226,49.521228485006496,49.521228485006496
45,362,110.0,-7.0,2.4477766207732907,-7.0,2.474364732189064,48.8024044087721,48.8024044087721
46,362,112.0,-7.0,2.4477766207732907,-7.0,2.4701999551194267,48.75498213314107,48.75498213314107
47,362,114.0,-7.0,2.4477766207732907,-7.0,2.46568204243054,49.00343178049015,49.00343178049015
48,362,116.0,-7.0,2.4477766207732907,-7.0,2.462888099372086,49.28504628479277,49.28504628479277
49,362,118.0,-7.0,2.4477766207732907,-7.0,2.461695891450512,49.54694320168386,49.54694320168386
50,362,120.0,-7.0,2.4477766207732907,-7.0,2.4613773720253613,49.78856748484564,49.78856748484564
51,362,122.0,-7.0,2.4477766207732907,-7.0,2.461404775095588,50.02209675179156,50.02209675179156
52,362,124.0,-7.0,2.4477766207732907,-7.0,2.461537665193582,50.25329986984825,50.25329986984825
53,362,126.0,-7.0,2.4477766207732907,-7.0,2.461695169300865,50.48400624368668,50.48400624368668
54,362,128.0,-7.0,2.4477766207732907,-7.0,2.461856046488017,50.71433002612162,50.71433002612162
55,362,130.0,-7.0,2.4477766207732907,-7.0,2.4620157961833327,50.94377393848456,50.94377393848456
56,362,132.0,-7.0,2.4477766207732907,-7.0,2.462173619212092,51.17284618787232,51.17284618787232
57,362,134.0,-7.0,2.4477766207732907,-7.0,2.462330731054725,51.39950371585192,51.39950371585192
58,362,136.0,-7.0,2.4477766207732907,-7.0,2.462483035825272,51.62328958225528,51.62328958225528
59,362,138.0,-7.0,2.4477766207732907,-7.0,2.462634575465908,51.84387725664433,51.84387725664433
60,362,140.0,-7.0,2.4477766207732907,-7.0,2.4627839930180717,52.06104011687843,52.06104011687843
61,362,142.0,-7.0,2.4477766207732907,-7.0,2.462931278177471,52.27462824479874,52.27462824479874
62,362,144.0,-7.0,2.4477766207732907,-7.0,2.463076440383749,52.48454773471592,52.48454773471592
63,362,146.0,-7.0,2.4477766207732907,-7.0,2.463219485035906,52.69074429148344,52.69074429148344
64,362,148.0,-7.0,2.4477766207732907,-7.0,2.463360423409868,52.89375354432613,52.89375354432613
65,362,150.0,-7.0,2.4477766207732907,-7.0,2.463499269517844,53.09383217477945,53.09383217477945
66,362,152.0,-7.0,2.4477766207732907,-7.0,2.4636360411183467,53.29038139820872,53.29038139820872
67,362,154.0,-7.0,2.4477766207732907,-7.0,2.463770758015557,53.4834031347024,53.4834031347024
68,362,156.0,-7.0,2.4477766207732907,-7.0,2.463903442203796,53.67290453542434,53.67290453542434
69,362,158.0,-7.0,2.4477766207732907,-7.0,2.464034116883508,53.85889596786936,53.85889596786936
70,362,160.0,-7.0,2.4477766207732907,-7.0,2.464162808073945,54.04138968646439,54.04138968646439
71,362,162.0,-7.0,2.4477766207732907,-7.0,2.4642895412701504,54.220398972275866,54.220398972275866
72,362,164.0,-7.0,2.4477766207732907,-7.0,2.464414344089014,54.39593758785825,54.39593758785825
73,362,166.0,-7.0,2.4477766207732907,-7.0,2.4645372450516367,54.56801943867734,54.56801943867734
74,362,168.0,-7.0,2.4477766207732907,-7.0,2.4646582729643143,54.73665837277522,54.73665837277522
75,362,170.0,-7.0,2.4477766207732907,-7.0,2.464777456226685,54.90186806691707,54.90186806691707
76,362,172.0,-7.0,2.4477766207732907,-7.0,2.4648948252115046,55.06599316925191,55.06599316925191
77,362,174.0,-7.0,2.4477766207732907,-7.0,2.465010409398348,55.22794045259497,55.22794045259497
78,362,176.0,-7.0,2.4477766207732907,-7.0,2.4651242388992958,55.386637391980365,55.386637391980365
79,362,178.0,-7.0,2.4477766207732907,-7.0,2.465236343512247,55.54209100611645,55.54209100611645
80,362,180.0,-7.0,2.4477766207732907,-7.0,2.465346766934273,55.69430837743029,55.69430837743029
0,259,20.0,-7.0,2.4477766207732907,-7.0,2.584461145540202,150.4625848203277,150.4625848203277
1,259,22.0,-7.0,2.4477766207732907,-7.0,2.55496273629366,132.83439680243268,132.83439680243268
2,259,24.0,-7.0,2.4477766207732907,-7.0,2.533481427299111,118.36286417516176,118.36286417516176
3,259,26.0,-7.0,2.4477766207732907,-7.0,2.517714260333007,106.34826100944022,106.34826100944022
4,259,28.0,-7.0,2.4477766207732907,-7.0,2.5059598722761898,96.33036739277048,96.33036739277048
5,259,30.0,-7.0,2.4477766207732907,-7.0,2.497182601359718,88.04831957602481,88.04831957602481
6,259,32.0,-7.0,2.4477766207732907,-7.0,2.49230116002522,81.38711592119317,81.38711592119317
7,259,34.0,-7.0,2.4477766207732907,-7.0,2.493853657321614,76.18031117493037,76.18031117493037
8,259,36.0,-7.0,2.4477766207732907,-7.0,2.4979676306105585,71.63652295865174,71.63652295865174
9,259,38.0,-7.0,2.4477766207732907,-7.0,2.487965154074236,67.10303224001791,67.10303224001791
10,259,40.0,-7.0,2.4477766207732907,-7.0,2.449439247552025,64.60287258023816,64.60287258023816
11,259,42.0,-7.0,2.4477766207732907,-7.0,2.3854558753974264,64.45359065720808,64.45359065720808
12,259,44.0,-7.0,2.4477766207732907,-7.0,2.329114076292781,57.152768060560746,57.152768060560746
13,259,46.0,-7.0,2.4477766207732907,-7.0,2.360789357579082,33.675931367596085,33.675931367596085
14,259,48.0,-7.0,2.4477766207732907,-7.5,3.039454847934697,46.89307027717936,71.46758724791842
15,259,50.0,-7.0,2.4477766207732907,-7.0,2.509984549712244,10.401193577848682,10.401193577848682
16,259,52.0,-7.0,2.4477766207732907,-7.0,2.4409458054757143,6.749619932629596,6.749619932629596
17,259,54.0,-7.0,2.4477766207732907,-7.0,2.4066796213094794,6.41232136712909,6.41232136712909
18,259,56.0,-7.0,2.4477766207732907,-7.0,2.430947567434052,7.789498757462043,7.789498757462043
19,259,58.0,-7.0,2.4477766207732907,-7.0,2.465227762524547,9.746946204793671,9.746946204793671
20,259,60.0,-7.0,2.4477766207732907,-7.0,2.466307229640292,10.957209805658916,10.957209805658916
21,259,62.0,-7.0,2.4477766207732907,-7.0,2.437968438349393,11.8775239011516,11.8775239011516
22,259,64.0,-7.0,2.4477766207732907,-7.0,2.4190341984283865,13.540291881701824,13.540291881701824
23,259,66.0,-7.0,2.4477766207732907,-7.0,2.421124420752653,13.7960806411627,13.7960806411627
24,259,68.0,-7.0,2.4477766207732907,-7.0,2.4336735393346287,12.446784770018386,12.446784770018386
25,259,70.0,-7.0,2.4477766207732907,-7.0,2.4445105995245964,10.885510751344968,10.885510751344968
26,259,72.0,-7.0,2.4477766207732907,-7.0,2.441845499756484,9.51612553174918,9.51612553174918
27,259,74.0,-7.0,2.4477766207732907,-7.0,2.4331043546017725,7.26776445130843,7.26776445130843
28,259,76.0,-7.0,2.4477766207732907,-7.0,2.44385445331797,4.982970904334698,4.982970904334698
29,259,78.0,-7.0,2.4477766207732907,-7.0,2.4640667152220903,4.5905525969713965,4.5905525969713965
30,259,80.0,-7.0,2.4477766207732907,-7.0,2.45267453006271,4.582326990932815,4.582326990932815
31,259,82.0,-7.0,2.4477766207732907,-7.0,2.427693688645046,4.409689074021813,4.409689074021813
32,259,84.0,-7.0,2.4477766207732907,-7.0,2.432790965349352,4.984573236015673,4.984573236015673
33,259,86.0,-7.0,2.4477766207732907,-7.0,2.461385225005159,6.656286178032209,6.656286178032209
34,259,88.0,-7.0,2.4477766207732907,-7.0,2.4658026727476594,7.523653684325623,7.523653684325623
35,259,90.0,-7.0,2.4477766207732907,-7.0,2.44024782824451,8.94269080811091,8.94269080811091
36,259,92.0,-7.0,2.4477766207732907,-7.0,2.4377071527721337,14.797482173596167,14.797482173596167
37,259,94.0,-7.0,2.4477766207732907,-7.0,2.458189988649222,19.780587588599687,19.780587588599687
38,259,96.0,-7.0,2.4477766207732907,-7.0,2.457976939284422,25.574552219716864,25.574552219716864
39,259,98.0,-7.0,2.4477766207732907,-7.0,2.430412520497804,35.75722096829585,35.75722096829585
40,259,100.0,-7.0,2.4477766207732907,-7.0,2.409789915674383,43.93092180626351,43.93092180626351
41,259,102.0,-7.0,2.4477766207732907,-7.0,2.4162449747482486,47.99367729979216,47.99367729979216
42,259,104.0,-7.0,2.4477766207732907,-7.0,2.439053872648323,50.08394467065772,50.08394467065772
43,259,106.0,-7.0,2.4477766207732907,-7.0,2.461320679990413,50.461762717488895,50.461762717488895
44,259,108.0,-7.0,2.4477766207732907,-7.0,2.4731700724177226,49.521228485006496,49.521228485006496
45,259,110.0,-7.0,2.4477766207732907,-7.0,2.474364732189064,48.8024044087721,48.8024044087721
46,259,112.0,-7.0,2.4477766207732907,-7.0,2.4701999551194267,48.75498213314107,48.75498213314107
47,259,114.0,-7.0,2.4477766207732907,-7.0,2.46568204243054,49.00343178049015,49.00343178049015
48,259,116.0,-7.0,2.4477766207732907,-7.0,2.462888099372086,49.28504628479277,49.28504628479277
49,259,118.0,-7.0,2.4477766207732907,-7.0,2.461695891450512,49.54694320168386,49.54694320168386
50,259,120.0,-7.0,2.4477766207732907,-7.0,2.4613773720253613,49.78856748484564,49.78856748484564
51,259,122.0,-7.0,2.4477766207732907,-7.0,2.461404775095588,50.02209675179156,50.02209675179156
52,259,124.0,-7.0,2.4477766207732907,-7.0,2.461537665193582,50.25329986984825,50.25329986984825
53,259,126.0,-7.0,2.4477766207732907,-7.0,2.461695169300865,50.48400624368668,50.48400624368668
54,259,128.0,-7.0,2.4477766207732907,-7.0,2.461856046488017,50.71433002612162,50.71433002612162
55,259,130.0,-7.0,2.4477766207732907,-7.0,2.4620157961833327,50.94377393848456,50.94377393848456
56,259,132.0,-7.0,2.4477766207732907,-7.0,2.462173619212092,51.17284618787232,51.17284618787232
57,259,134.0,-7.0,2.4477766207732907,-7.0,2.462330731054725,51.39950371585192,51.39950371585192
58,259,136.0,-7.0,2.4477766207732907,-7.0,2.462483035825272,51.62328958225528,51.62328958225528
59,259,138.0,-7.0,2.4477766207732907,-7.0,2.462634575465908,51.84387725664433,51.84387725664433
60,259,140.0,-7.0,2.4477766207732907,-7.0,2.4627839930180717,52.06104011687843,52.06104011687843
61,259,142.0,-7.0,2.4477766207732907,-7.0,2.462931278177471,52.27462824479874,52.27462824479874
62,259,144.0,-7.0,2.4477766207732907,-7.0,2.463076440383749,52.48454773471592,52.48454773471592
63,259,146.0,-7.0,2.4477766207732907,-7.0,2.463219485035906,52.69074429148344,52.69074429148344
64,259,148.0,-7.0,2.4477766207732907,-7.0,2.463360423409868,52.89375354432613,52.89375354432613
65,259,150.0,-7.0,2.4477766207732907,-7.0,2.463499269517844,53.09383217477945,53.09383217477945
66,259,152.0,-7.0,2.4477766207732907,-7.0,2.4636360411183467,53.29038139820872,53.29038139820872
67,259,154.0,-7.0,2.4477766207732907,-7.0,2.463770758015557,53.4834031347024,53.4834031347024
68,259,156.0,-7.0,2.4477766207732907,-7.0,2.463903442203796,53.67290453542434,53.67290453542434
69,259,158.0,-7.0,2.4477766207732907,-7.0,2.464034116883508,53.85889596786936,53.85889596786936
70,259,160.0,-7.0,2.4477766207732907,-7.0,2.464162808073945,54.04138968646439,54.04138968646439
71,259,162.0,-7.0,2.4477766207732907,-7.0,2.4642895412701504,54.220398972275866,54.220398972275866
72,259,164.0,-7.0,2.4477766207732907,-7.0,2.464414344089014,54.39593758785825,54.39593758785825
73,259,166.0,-7.0,2.4477766207732907,-7.0,2.4645372450516367,54.56801943867734,54.56801943867734
74,259,168.0,-7.0,2.4477766207732907,-7.0,2.4646582729643143,54.73665837277522,54.73665837277522
75,259,170.0,-7.0,2.4477766207732907,-7.0,2.464777456226685,54.90186806691707,54.90186806691707
76,259,172.0,-7.0,2.4477766207732907,-7.0,2.4648948252115046,55.06599316925191,55.06599316925191
77,259,174.0,-7.0,2.4477766207732907,-7.0,2.465010409398348,55.22794045259497,55.22794045259497
78,259,176.0,-7.0,2.4477766207732907,-7.0,2.4651242388992958,55.386637391980365,55.386637391980365
79,259,178.0,-7.0,2.4477766207732907,-7.0,2.465236343512247,55.54209100611645,55.54209100611645
80,259,180.0,-7.0,2.4477766207732907,-7.0,2.465346766934273,55.69430837743029,55.69430837743029
0,652,20.0,-8.0,3.695806064211653,-7.5,3.2630850052113947,249.32895041501075,249.32895041501075
1,652,22.0,-8.0,3.695806064211653,-7.5,3.208762816308891,222.71402002746007,222.71402002746007
2,652,24.0,-8.0,3.695806064211653,-8.0,3.9969038435361006,271.5829213301968,271.5829213301968
3,652,26.0,-8.0,3.695806064211653,-8.0,3.945247988722687,246.01974110133244,246.01974110133244
4,652,28.0,-8.0,3.695806064211653,-8.0,3.901514207128904,225.5242817200788,225.5242817200788
5,652,30.0,-8.0,3.695806064211653,-7.5,3.094058093433898,156.8735834457524,156.8735834457524
6,652,32.0,-8.0,3.695806064211653,-7.5,3.077802781989329,148.5012811960628,148.5012811960628
7,652,34.0,-8.0,3.695806064211653,-7.5,3.0751163538788533,142.0325494339161,142.0325494339161
8,652,36.0,-8.0,3.695806064211653,-7.5,3.084880436363137,134.44043930550043,134.44043930550043
9,652,38.0,-8.0,3.695806064211653,-8.0,3.8301241552654273,154.26927892972083,154.26927892972083
10,652,40.0,-8.0,3.695806064211653,-9.0,6.0526646436792895,185.4827089515768,211.2157035563544
11,652,42.0,-8.0,3.695806064211653,-10.0,9.737367241343808,162.42656654637975,391.775057495146
12,652,44.0,-8.0,3.695806064211653,-10.0,9.141286277570092,139.75214167420745,386.2668534655622
13,652,46.0,-8.0,3.695806064211653,-7.5,2.8649338760136853,107.47289476556432,107.47289476556432
14,652,48.0,-8.0,3.695806064211653,-7.5,3.039454847934697,91.7029352037449,91.7029352037449
15,652,50.0,-8.0,3.695806064211653,-8.5,4.7102599640570135,30.21322606563502,107.69176695224962
16,652,52.0,-8.0,3.695806064211653,-8.0,3.6518828743198055,7.652567312190648,7.652567312190648
17,652,54.0,-8.0,3.695806064211653,-7.5,2.944805851641493,92.0690754927116,92.0690754927116
18,652,56.0,-8.0,3.695806064211653,-7.5,2.988737158647599,91.86474820257553,91.86474820257553
19,652,58.0,-8.0,3.695806064211653,-8.0,3.743050812867937,12.446947684953011,12.446947684953011
20,652,60.0,-8.0,3.695806064211653,-8.0,3.712870687450976,13.569599998626597,13.569599998626597
21,652,62.0,-8.0,3.695806064211653,-8.0,3.666710012376603,14.930944713385667,14.930944713385667
22,652,64.0,-8.0,3.695806064211653,-7.5,2.9659620760230547,92.28666636639076,92.28666636639076
23,652,66.0,-8.0,3.695806064211653,-7.5,2.972489360672,92.296558162738,92.296558162738
24,652,68.0,-8.0,3.695806064211653,-8.0,3.679016790276512,16.64577514344146,16.64577514344146
25,652,70.0,-8.0,3.695806064211653,-8.0,3.706910347641577,13.90380279350861,13.90380279350861
26,652,72.0,-8.0,3.695806064211653,-8.0,3.7090644257523695,12.009400053071294,12.009400053071294
27,652,74.0,-8.0,3.695806064211653,-7.5,2.9815046781465813,91.59701018561582,91.59701018561582
28,652,76.0,-8.0,3.695806064211653,-7.5,2.989939915670937,91.3240733824382,91.3240733824382
29,652,78.0,-8.0,3.695806064211653,-8.0,3.726102683070602,5.275430016528723,5.275430016528723
30,652,80.0,-8.0,3.695806064211653,-8.0,3.714182008926367,5.480668731328927,5.480668731328927
31,652,82.0,-8.0,3.695806064211653,-7.5,2.9717587078723957,91.54416206683256,91.54416206683256
32,652,84.0,-8.0,3.695806064211653,-7.5,2.9797623880469644,90.89513617170564,90.89513617170564
33,652,86.0,-8.0,3.695806064211653,-8.0,3.735632346741529,7.940666764544577,7.940666764544577
34,652,88.0,-8.0,3.695806064211653,-8.0,3.731743417633047,9.190874001540813,9.190874001540813
35,652,90.0,-8.0,3.695806064211653,-7.5,2.9806021178418325,92.9222691366162,92.9222691366162
36,652,92.0,-8.0,3.695806064211653,-8.0,3.6705418069067455,19.443157120218604,19.443157120218604
37,652,94.0,-8.0,3.695806064211653,-9.0,5.925305525291111,33.604323370332736,250.961811286779
38,652,96.0,-8.0,3.695806064211653,-8.0,3.749556940726401,41.37655144496595,41.37655144496595
39,652,98.0,-8.0,3.695806064211653,-7.5,2.97085838130734,131.0485866708719,131.0485866708719
40,652,100.0,-8.0,3.695806064211653,-7.5,2.9308889920615013,156.30517716264686,156.30517716264686
41,652,102.0,-8.0,3.695806064211653,-7.5,2.946577804419197,165.78849472532707,165.78849472532707
42,652,104.0,-8.0,3.695806064211653,-7.5,2.988971504392002,165.5141441600866,165.5141441600866
43,652,106.0,-8.0,3.695806064211653,-8.0,3.7494388449576257,133.97855122947186,133.97855122947186
44,652,108.0,-8.0,3.695806064211653,-8.5,4.754373693699748,167.26771982631402,167.26771982631402
45,652,110.0,-8.0,3.695806064211653,-8.0,3.795977592461746,129.92091996758845,129.92091996758845
46,652,112.0,-8.0,3.695806064211653,-8.0,3.7894810319758303,128.38533220260226,128.38533220260226
47,652,114.0,-8.0,3.695806064211653,-8.0,3.779027710564951,128.54853706335408,128.54853706335408
48,652,116.0,-8.0,3.695806064211653,-8.0,3.77150533173869,129.1146968109749,129.1146968109749
49,652,118.0,-8.0,3.695806064211653,-8.0,3.767992028091478,129.65467187392483,129.65467187392483
50,652,120.0,-8.0,3.695806064211653,-8.0,3.766990041959008,130.15065847086848,130.15065847086848
51,652,122.0,-8.0,3.695806064211653,-8.0,3.767065739582209,130.6111954155291,130.6111954155291
52,652,124.0,-8.0,3.695806064211653,-8.0,3.767489416742921,131.0569929125952,131.0569929125952
53,652,126.0,-8.0,3.695806064211653,-8.0,3.767998254042825,131.49714028151132,131.49714028151132
54,652,128.0,-8.0,3.695806064211653,-8.0,3.7685197131507073,131.93475005636313,131.93475005636313
55,652,130.0,-8.0,3.695806064211653,-8.0,3.769037850843286,132.3702229762867,132.3702229762867
56,652,132.0,-8.0,3.695806064211653,-8.0,3.769549763445272,132.8028727352339,132.8028727352339
57,652,134.0,-8.0,3.695806064211653,-8.0,3.77005495005819,133.2317214408916,133.2317214408916
58,652,136.0,-8.0,3.695806064211653,-8.0,3.7705532897168985,133.6558518406649,133.6558518406649
59,652,138.0,-8.0,3.695806064211653,-8.0,3.771044730015205,134.07452340981922,134.07452340981922
60,652,140.0,-8.0,3.695806064211653,-8.0,3.771529246359142,134.48717982933124,134.48717982933124
61,652,142.0,-8.0,3.695806064211653,-8.0,3.772006827332277,134.89341845274913,134.89341845274913
62,652,144.0,-8.0,3.695806064211653,-8.0,3.772477488496037,135.29295355217144,135.29295355217144
63,652,146.0,-8.0,3.695806064211653,-8.0,3.772941252696472,135.68558443220505,135.68558443220505
64,652,148.0,-8.0,3.695806064211653,-8.0,3.773398157951651,136.07117069845623,136.07117069845623
65,652,150.0,-8.0,3.695806064211653,-8.0,3.773848253743973,136.4535649211369,136.4535649211369
66,652,152.0,-8.0,3.695806064211653,-8.0,3.7742915950301343,136.83099381173872,136.83099381173872
67,652,154.0,-8.0,3.695806064211653,-8.0,3.7747282499579775,137.20164592597968,137.20164592597968
68,652,156.0,-8.0,3.695806064211653,-8.0,3.7751582895840174,137.5654654219257,137.5654654219257
69,652,158.0,-8.0,3.695806064211653,-8.0,3.77558179243862,137.92240643918618,137.92240643918618
70,652,160.0,-8.0,3.695806064211653,-8.0,3.775998837792021,138.27243048710525,138.27243048710525
71,652,162.0,-8.0,3.695806064211653,-8.0,3.776409521594659,138.61550441029542,138.61550441029542
72,652,164.0,-8.0,3.695806064211653,-8.0,3.776813924317949,138.9515990820752,138.9515990820752
73,652,166.0,-8.0,3.695806064211653,-8.0,3.7772121411238646,139.28068853663126,139.28068853663126
74,652,168.0,-8.0,3.695806064211653,-8.0,3.777604266456697,139.60478366675318,139.60478366675318
75,652,170.0,-8.0,3.695806064211653,-8.0,3.777990395984351,139.9297106810516,139.9297106810516
76,652,172.0,-8.0,3.695806064211653,-8.0,3.7783706264161054,140.24790615724194,140.24790615724194
77,652,174.0,-8.0,3.695806064211653,-8.0,3.7787450610402455,140.55933877990412,140.55933877990412
78,652,176.0,-8.0,3.695806064211653,-8.0,3.779113781030136,140.86397964304143,140.86397964304143
79,652,178.0,-8.0,3.695806064211653,-8.0,3.779476900902364,141.16180157940593,141.16180157940593
80,652,180.0,-8.0,3.695806064211653,-8.0,3.779834512908255,141.45277940816146,141.45277940816146
0,29,20.0,-6.5,1.9840540179785384,-6.5,2.0517634762918138,95.7644088615283,95.7644088615283
1,29,22.0,-6.5,1.9840540179785384,-6.5,2.0366518173587185,84.45151978532404,84.45151978532404
2,29,24.0,-6.5,1.9840540179785384,-6.5,2.025736850816632,75.15019019978189,75.15019019978189
3,29,26.0,-6.5,1.9840540179785384,-6.5,2.017912060373805,67.40952419323122,67.40952419323122
4,29,28.0,-6.5,1.9840540179785384,-6.5,2.0125178444151857,60.916702297253735,60.916702297253735
5,29,30.0,-6.5,1.9840540179785384,-6.5,2.009315354132912,55.469909800652125,55.469909800652125
6,29,32.0,-6.5,1.9840540179785384,-6.5,2.0087317412115357,50.97214900194453,50.97214900194453
7,29,34.0,-6.5,1.9840540179785384,-6.5,2.0110323558460754,47.40033703609247,47.40033703609247
8,29,36.0,-6.5,1.9840540179785384,-6.5,2.012472806437721,44.62777800407637,44.62777800407637
9,29,38.0,-6.5,1.9840540179785384,-6.5,2.003275692643516,42.58687169302655,42.58687169302655
10,29,40.0,-6.5,1.9840540179785384,-6.5,1.9757697590841208,41.872008509164615,41.872008509164615
11,29,42.0,-6.5,1.9840540179785384,-6.0,1.5405963055475245,62.366702976202205,65.37970947682285
12,29,44.0,-6.5,1.9840540179785384,-6.0,1.5260581707734848,59.64245677766323,64.25379058878006
13,29,46.0,-6.5,1.9840540179785384,-6.0,1.547055823312439,51.572299576533865,58.12836319517308
14,29,48.0,-6.5,1.9840540179785384,-6.5,2.006804385018545,11.53349375940372,11.53349375940372
15,29,50.0,-6.5,1.9840540179785384,-6.5,2.029740983984267,9.000391835560686,9.000391835560686
16,29,52.0,-6.5,1.9840540179785384,-6.5,1.9865788762222625,6.229887738259911,6.229887738259911
17,29,54.0,-6.5,1.9840540179785384,-6.0,1.561868937303638,51.10313461707136,54.90573532030242
18,29,56.0,-6.5,1.9840540179785384,-6.0,1.563962905735969,50.086709637990616,55.982922573350905
19,29,58.0,-6.5,1.9840540179785384,-6.0,1.576993636589566,48.6265820839641,55.429900541472776
20,29,60.0,-6.5,1.9840540179785384,-6.5,1.995810330294103,9.270235476388036,9.270235476388036
21,29,62.0,-6.5,1.9840540179785384,-6.5,1.9798116873822331,9.982174311474653,9.982174311474653
22,29,64.0,-6.5,1.9840540179785384,-6.0,1.564729571795766,58.13001598592628,58.13001598592628
23,29,66.0,-6.5,1.9840540179785384,-6.0,1.5609557926156508,59.98876520516698,59.98876520516698
24,29,68.0,-6.5,1.9840540179785384,-6.0,1.5627689550876356,58.95854350760846,58.95854350760846
25,29,70.0,-6.5,1.9840540179785384,-6.5,1.9748934026573748,9.131037212317256,9.131037212317256
26,29,72.0,-6.5,1.9840540179785384,-6.5,1.974723107998916,8.042634238435568,8.042634238435568
27,29,74.0,-6.5,1.9840540179785384,-6.5,1.974335259557,6.269915811728604,6.269915811728604
28,29,76.0,-6.5,1.9840540179785384,-6.5,1.9849536562696493,4.508084856385322,4.508084856385322
29,29,78.0,-6.5,1.9840540179785384,-6.5,1.9960920235300248,4.159791687349388,4.159791687349388
30,29,80.0,-6.5,1.9840540179785384,-6.5,1.986589062245052,4.083081686421064,4.083081686421064
31,29,82.0,-6.5,1.9840540179785384,-6.5,1.9705901621843431,3.928348100462098,3.928348100462098
32,29,84.0,-6.5,1.9840540179785384,-6.5,1.9735949683465912,4.503738480666193,4.503738480666193
33,29,86.0,-6.5,1.9840540179785384,-6.5,1.9914539183349709,5.88873754974136,5.88873754974136
34,29,88.0,-6.5,1.9840540179785384,-6.5,1.996951189082449,6.638729749819596,6.638729749819596
35,29,90.0,-6.5,1.9840540179785384,-6.5,1.983605356635323,7.847053248235873,7.847053248235873
36,29,92.0,-6.5,1.9840540179785384,-6.5,1.977856917437868,12.069191263264202,12.069191263264202
37,29,94.0,-6.5,1.9840540179785384,-6.5,1.9841837377562712,15.679405553465436,15.679405553465436
38,29,96.0,-6.5,1.9840540179785384,-6.5,1.9837431033380928,19.02907523738354,19.02907523738354
39,29,98.0,-6.5,1.9840540179785384,-6.0,1.567445087711539,52.3579674836966,52.926435314370735
40,29,100.0,-6.5,1.9840540179785384,-6.0,1.5645285287402837,54.19865350333187,54.19865350333187
41,29,102.0,-6.5,1.9840540179785384,-6.0,1.567301493963273,55.35659156805665,55.35659156805665
42,29,104.0,-6.5,1.9840540179785384,-6.0,1.573871581193861,52.44561872571078,53.08873198794024
43,29,106.0,-6.5,1.9840540179785384,-6.5,1.990689514175444,30.71857953703164,30.71857953703164
44,29,108.0,-6.5,1.9840540179785384,-6.5,1.99641751451112,30.18198514037737,30.18198514037737
45,29,110.0,-6.5,1.9840540179785384,-6.5,1.996442337988152,29.89645431102656,29.89645431102656
46,29,112.0,-6.5,1.9840540179785384,-6.5,1.993866444332999,29.929499147188007,29.929499147188007
47,29,114.0,-6.5,1.9840540179785384,-6.5,1.9913475944608785,30.088421513392746,30.088421513392746
48,29,116.0,-6.5,1.9840540179785384,-6.5,1.989853058910782,30.25943597297041,30.25943597297041
49,29,118.0,-6.5,1.9840540179785384,-6.5,1.989229592271972,30.42310499030808,30.42310499030808
50,29,120.0,-6.5,1.9840540179785384,-6.5,1.9890651223745288,30.578924182892845,30.578924182892845
51,29,122.0,-6.5,1.9840540179785384,-6.5,1.989078762763328,30.73216631535718,30.73216631535718
52,29,124.0,-6.5,1.9840540179785384,-6.5,1.9891459628990944,30.88510244081578,30.88510244081578
53,29,126.0,-6.5,1.9840540179785384,-6.5,1.9892255210956584,31.038208720113264,31.038208720113264
54,29,128.0,-6.5,1.9840540179785384,-6.5,1.9893067444622297,31.19122551943644,31.19122551943644
55,29,130.0,-6.5,1.9840540179785384,-6.5,1.989387391066724,31.34407018535944,31.34407018535944
56,29,132.0,-6.5,1.9840540179785384,-6.5,1.9894670649389263,31.496361563099672,31.496361563099672
57,29,134.0,-6.5,1.9840540179785384,-6.5,1.989545698188231,31.64699872144765,31.64699872144765
58,29,136.0,-6.5,1.9840540179785384,-6.5,1.9896232728696377,31.79568569193029,31.79568569193029
59,29,138.0,-6.5,1.9840540179785384,-6.5,1.989699780581376,31.94221090956593,31.94221090956593
60,29,140.0,-6.5,1.9840540179785384,-6.5,1.9897752169921468,32.0864306142971,32.0864306142971
61,29,142.0,-6.5,1.9840540179785384,-6.5,1.9898495807844845,32.228252082874256,32.228252082874256
62,29,144.0,-6.5,1.9840540179785384,-6.5,1.9899228733275975,32.36761949840832,32.36761949840832
63,29,146.0,-6.5,1.9840540179785384,-6.5,1.98999509821594,32.50450297342299,32.50450297342299
64,29,148.0,-6.5,1.9840540179785384,-6.5,1.990066261042299,32.638890394249486,32.638890394249486
65,29,150.0,-6.5,1.9840540179785384,-6.5,1.9901363690648044,32.77078153409979,32.77078153409979
66,29,152.0,-6.5,1.9840540179785384,-6.5,1.990205431008512,32.90044831036937,32.90044831036937
67,29,154.0,-6.5,1.9840540179785384,-6.5,1.9902734568335472,33.02839501547592,33.02839501547592
68,29,156.0,-6.5,1.9840540179785384,-6.5,1.990340457524316,33.154012549646694,33.154012549646694
69,29,158.0,-6.5,1.9840540179785384,-6.5,1.9904064450112544,33.27731235497713,33.27731235497713
70,29,160.0,-6.5,1.9840540179785384,-6.5,1.9904714319134107,33.39830688353106,33.39830688353106
71,29,162.0,-6.5,1.9840540179785384,-6.5,1.9905354314898005,33.51700904114064,33.51700904114064
72,29,164.0,-6.5,1.9840540179785384,-6.5,1.9905984575052131,33.633431841910095,33.633431841910095
73,29,166.0,-6.5,1.9840540179785384,-6.5,1.990660524090072,33.74758819500813,33.74758819500813
74,29,168.0,-6.5,1.9840540179785384,-6.5,1.990721645754272,33.85949078440406,33.85949078440406
75,29,170.0,-6.5,1.9840540179785384,-6.5,1.990781837207672,33.96915200355569,33.96915200355569
76,29,172.0,-6.5,1.9840540179785384,-6.5,1.9908411133422976,34.07658390091959,34.07658390091959
77,29,174.0,-6.5,1.9840540179785384,-6.5,1.9908994891636345,34.182587968341394,34.182587968341394
78,29,176.0,-6.5,1.9840540179785384,-6.5,1.9909569797382471,34.28780238491977,34.28780238491977
79,29,178.0,-6.5,1.9840540179785384,-6.5,1.9910136001606649,34.390907138097944,34.390907138097944
80,29,180.0,-6.5,1.9840540179785384,-6.5,1.991069365499892,34.49190964329004,34.49190964329004
0,178,20.0,-7.0,2.4477766207732907,-7.0,2.584461145540202,150.4625848203277,150.4625848203277
1,178,22.0,-7.0,2.4477766207732907,-7.0,2.55496273629366,132.83439680243268,132.83439680243268
2,178,24.0,-7.0,2.4477766207732907,-7.0,2.533481427299111,118.36286417516176,118.36286417516176
3,178,26.0,-7.0,2.4477766207732907,-7.0,2.517714260333007,106.34826100944022,106.34826100944022
4,178,28.0,-7.0,2.4477766207732907,-7.0,2.5059598722761898,96.33036739277048,96.33036739277048
5,178,30.0,-7.0,2.4477766207732907,-7.0,2.497182601359718,88.04831957602481,88.04831957602481
6,178,32.0,-7.0,2.4477766207732907,-7.0,2.49230116002522,81.38711592119317,81.38711592119317
7,178,34.0,-7.0,2.4477766207732907,-7.0,2.493853657321614,76.18031117493037,76.18031117493037
8,178,36.0,-7.0,2.4477766207732907,-7.0,2.4979676306105585,71.63652295865174,71.63652295865174
9,178,38.0,-7.0,2.4477766207732907,-7.0,2.487965154074236,67.10303224001791,67.10303224001791
10,178,40.0,-7.0,2.4477766207732907,-7.0,2.449439247552025,64.60287258023816,64.60287258023816
11,178,42.0,-7.0,2.4477766207732907,-6.5,1.9343667621369045,89.2897466625403,89.2897466625403
12,178,44.0,-7.0,2.4477766207732907,-6.5,1.9045924827134808,86.28452143214338,86.28452143214338
13,178,46.0,-7.0,2.4477766207732907,-6.5,1.9323101944585277,69.61243312270729,69.61243312270729
14,178,48.0,-7.0,2.4477766207732907,-7.0,2.4777260011055606,14.051106018047694,14.051106018047694
15,178,50.0,-7.0,2.4477766207732907,-7.0,2.509984549712244,10.401193577848682,10.401193577848682
16,178,52.0,-7.0,2.4477766207732907,-7.0,2.4409458054757143,6.749619932629596,6.749619932629596
17,178,54.0,-7.0,2.4477766207732907,-7.0,2.4066796213094794,6.41232136712909,6.41232136712909
18,178,56.0,-7.0,2.4477766207732907,-7.0,2.430947567434052,7.789498757462043,7.789498757462043
19,178,58.0,-7.0,2.4477766207732907,-7.0,2.465227762524547,9.746946204793671,9.746946204793671
20,178,60.0,-7.0,2.4477766207732907,-7.0,2.466307229640292,10.957209805658916,10.957209805658916
21,178,62.0,-7.0,2.4477766207732907,-7.0,2.437968438349393,11.8775239011516,11.8775239011516
22,178,64.0,-7.0,2.4477766207732907,-7.0,2.4190341984283865,13.540291881701824,13.540291881701824
23,178,66.0,-7.0,2.4477766207732907,-7.0,2.421124420752653,13.7960806411627,13.7960806411627
24,178,68.0,-7.0,2.4477766207732907,-7.0,2.4336735393346287,12.446784770018386,12.446784770018386
25,178,70.0,-7.0,2.4477766207732907,-7.0,2.4445105995245964,10.885510751344968,10.885510751344968
26,178,72.0,-7.0,2.4477766207732907,-7.0,2.441845499756484,9.51612553174918,9.51612553174918
27,178,74.0,-7.0,2.4477766207732907,-7.0,2.4331043546017725,7.26776445130843,7.26776445130843
28,178,76.0,-7.0,2.4477766207732907,-7.0,2.44385445331797,4.982970904334698,4.982970904334698
29,178,78.0,-7.0,2.4477766207732907,-7.0,2.4640667152220903,4.5905525969713965,4.5905525969713965
30,178,80.0,-7.0,2.4477766207732907,-7.0,2.45267453006271,4.582326990932815,4.582326990932815
31,178,82.0,-7.0,2.4477766207732907,-7.0,2.427693688645046,4.409689074021813,4.409689074021813
32,178,84.0,-7.0,2.4477766207732907,-7.0,2.432790965349352,4.984573236015673,4.984573236015673
33,178,86.0,-7.0,2.4477766207732907,-7.0,2.461385225005159,6.656286178032209,6.656286178032209
34,178,88.0,-7.0,2.4477766207732907,-7.0,2.4658026727476594,7.523653684325623,7.523653684325623
35,178,90.0,-7.0,2.4477766207732907,-7.0,2.44024782824451,8.94269080811091,8.94269080811091
36,178,92.0,-7.0,2.4477766207732907,-7.0,2.4377071527721337,14.797482173596167,14.797482173596167
37,178,94.0,-7.0,2.4477766207732907,-7.0,2.458189988649222,19.780587588599687,19.780587588599687
38,178,96.0,-7.0,2.4477766207732907,-7.0,2.457976939284422,25.574552219716864,25.574552219716864
39,178,98.0,-7.0,2.4477766207732907,-7.0,2.430412520497804,35.75722096829585,35.75722096829585
40,178,100.0,-7.0,2.4477766207732907,-7.0,2.409789915674383,43.93092180626351,43.93092180626351
41,178,102.0,-7.0,2.4477766207732907,-7.0,2.4162449747482486,47.99367729979216,47.99367729979216
42,178,104.0,-7.0,2.4477766207732907,-7.0,2.439053872648323,50.08394467065772,50.08394467065772
43,178,106.0,-7.0,2.4477766207732907,-7.0,2.461320679990413,50.461762717488895,50.461762717488895
44,178,108.0,-7.0,2.4477766207732907,-7.0,2.4731700724177226,49.521228485006496,49.521228485006496
45,178,110.0,-7.0,2.4477766207732907,-7.0,2.474364732189064,48.8024044087721,48.8024044087721
46,178,112.0,-7.0,2.4477766207732907,-7.0,2.4701999551194267,48.75498213314107,48.75498213314107
47,178,114.0,-7.0,2.4477766207732907,-7.0,2.46568204243054,49.00343178049015,49.00343178049015
48,178,116.0,-7.0,2.4477766207732907,-7.0,2.462888099372086,49.28504628479277,49.28504628479277
49,178,118.0,-7.0,2.4477766207732907,-7.0,2.461695891450512,49.54694320168386,49.54694320168386
50,178,120.0,-7.0,2.4477766207732907,-7.0,2.4613773720253613,49.78856748484564,49.78856748484564
51,178,122.0,-7.0,2.4477766207732907,-7.0,2.461404775095588,50.02209675179156,50.02209675179156
52,178,124.0,-7.0,2.4477766207732907,-7.0,2.461537665193582,50.25329986984825,50.25329986984825
53,178,126.0,-7.0,2.4477766207732907,-7.0,2.461695169300865,50.48400624368668,50.48400624368668
54,178,128.0,-7.0,2.4477766207732907,-7.0,2.461856046488017,50.71433002612162,50.71433002612162
55,178,130.0,-7.0,2.4477766207732907,-7.0,2.4620157961833327,50.94377393848456,50.94377393848456
56,178,132.0,-7.0,2.4477766207732907,-7.0,2.462173619212092,51.17284618787232,51.17284618787232
57,178,134.0,-7.0,2.4477766207732907,-7.0,2.462330731054725,51.39950371585192,51.39950371585192
58,178,136.0,-7.0,2.4477766207732907,-7.0,2.462483035825272,51.62328958225528,51.62328958225528
59,178,138.0,-7.0,2.4477766207732907,-7.0,2.462634575465908,51.84387725664433,51.84387725664433
60,178,140.0,-7.0,2.4477766207732907,-7.0,2.4627839930180717,52.06104011687843,52.06104011687843
61,178,142.0,-7.0,2.4477766207732907,-7.0,2.462931278177471,52.27462824479874,52.27462824479874
62,178,144.0,-7.0,2.4477766207732907,-7.0,2.463076440383749,52.48454773471592,52.48454773471592
63,178,146.0,-7.0,2.4477766207732907,-7.0,2.463219485035906,52.69074429148344,52.69074429148344
64,178,148.0,-7.0,2.4477766207732907,-7.0,2.463360423409868,52.89375354432613,52.89375354432613
65,178,150.0,-7.0,2.4477766207732907,-7.0,2.463499269517844,53.09383217477945,53.09383217477945
66,178,152.0,-7.0,2.4477766207732907,-7.0,2.4636360411183467,53.29038139820872,53.29038139820872
67,178,154.0,-7.0,2.4477766207732907,-7.0,2.463770758015557,53.4834031347024,53.4834031347024
68,178,156.0,-7.0,2.4477766207732907,-7.0,2.463903442203796,53.67290453542434,53.67290453542434
69,178,158.0,-7.0,2.4477766207732907,-7.0,2.464034116883508,53.85889596786936,53.85889596786936
70,178,160.0,-7.0,2.4477766207732907,-7.0,2.464162808073945,54.04138968646439,54.04138968646439
71,178,162.0,-7.0,2.4477766207732907,-7.0,2.4642895412701504,54.220398972275866,54.220398972275866
72,178,164.0,-7.0,2.4477766207732907,-7.0,2.464414344089014,54.39593758785825,54.39593758785825
73,178,166.0,-7.0,2.4477766207732907,-7.0,2.4645372450516367,54.56801943867734,54.56801943867734
74,178,168.0,-7.0,2.4477766207732907,-7.0,2.4646582729643143,54.73665837277522,54.73665837277522
75,178,170.0,-7.0,2.4477766207732907,-7.0,2.464777456226685,54.90186806691707,54.90186806691707
76,178,172.0,-7.0,2.4477766207732907,-7.0,2.4648948252115046,55.06599316925191,55.06599316925191
77,178,174.0,-7.0,2.4477766207732907,-7.0,2.465010409398348,55.22794045259497,55.22794045259497
78,178,176.0,-7.0,2.4477766207732907,-7.0,2.4651242388992958,55.386637391980365,55.386637391980365
79,178,178.0,-7.0,2.4477766207732907,-7.0,2.465236343512247,55.54209100611645,55.54209100611645
80,178,180.0,-7.0,2.4477766207732907,-7.0,2.465346766934273,55.69430837743029,55.69430837743029
